Sitename,Cellname,TAC,PCI,RSI,OperaState
UL_NKI144M_CTO,4G-NKI144M11-CTO,6220,171,54,ENABLED
UL_NKI132M_CTO,4G-NKI132M11-CTO,6220,15,678,ENABLED
UL_NKI038M_CTO,4G-NKI038M11-CTO,6220,384,522,ENABLED
UL_BTH071M_CTO,4G-BTH071M11-CTO,6222,405,360,ENABLED
4G-CRA007M-CTO,4G-CRA007M11-CTO,6220,87,396,ENABLED
4G-NKI077M-CTO,4G-NKI077M11-CTO,6220,192,216,ENABLED
UL_NKI096M_CTO,4G-NKI096M11-CTO,6220,202,504,ENABLED
UL_NKI141M_CTO,4G-NKI141M11-CTO,6222,0,576,ENABLED
UL_NKI043M_CTO,4G-NKI043M11-CTO,6220,78,432,ENABLED
UL_PDI044M_CTO,4G-PDI044M11-CTO,6220,126,450,ENABLED
UL_CRA071M_CTO,4G-CRA071M11-CTO,6220,108,144,ENABLED
UL_NKI092M_CTO,4G-NKI092M11-CTO,6220,270,90,ENABLED
UL_NKI054M_CTO,4G-NKI054M11-CTO,6220,243,0,ENABLED
UL_NKI021M_CTO,4G-NKI021M11-CTO,6220,312,540,ENABLED
4G-NKI084M-CTO,4G-NKI084M11-CTO,6220,144,36,ENABLED
UL_BTH070M_CTO,4G-BTH070M11-CTO,6220,81,378,ENABLED
UL_NKI045M_CTO,4G-NKI045M11-CTO,6220,33,72,ENABLED
UL_NKI012M_CTO,4G-NKI012M11-CTO,6220,390,234,ENABLED
UL_TLA047M_CTO,4G-TLA047M11-CTO,6222,141,252,ENABLED
UL_NKI086M_CTO,4G-NKI086M11-CTO,6220,396,162,ENABLED
UL_NKI041M_CTO,4G-NKI041M11-CTO,6220,24,342,ENABLED
UL_NKI098M_CTO,4G-NKI098M11-CTO,6220,54,90,ENABLED
UL_NKI142M_CTO,4G-NKI142M11-CTO,6220,213,18,ENABLED
UL_CRA074M_CTO,4G-CRA074M11-CTO,6220,162,432,ENABLED
UL_NKI024M_CTO,4G-NKI024M11-CTO,6220,438,414,ENABLED
UL_NKI128M_CTO,4G-NKI128M11-CTO,6220,120,504,ENABLED
UL_BTH006M_CTO,4G-BTH006M11-CTO,6220,447,18,ENABLED
UL_NKI143M_CTO,4G-NKI143M11-CTO,6220,258,630,ENABLED
UL_NKI133M_CTO,4G-NKI133M11-CTO,6220,129,612,ENABLED
UL_VCH029M_STG,4G-VCH029M11-STG,7715,66,594,ENABLED
UL_KSA009M_STG,4G-KSA009M11-STG,7715,315,96,ENABLED
UL_CLD003M_STG,4G-CLD003M11-STG,7715,413,240,ENABLED
UL_LPH020M_STG,4G-LPH020M11-STG,7715,297,396,ENABLED
UL_VCH001M_STG,4G-VCH001M11-STG,7715,6,630,ENABLED
UL_VCH046M_STG,4G-VCH046M11-STG,7715,21,0,ENABLED
UL_CLD017M_STG,4G-CLD017M11-STG,7715,15,60,ENABLED
UL_VCH032M_STG,4G-VCH032M11-STG,7715,339,582,ENABLED
UL_LPH018M_STG,4G-LPH018M11-STG,7715,117,186,ENABLED
UL_LPH017M_STG,4G-LPH017M11-STG,7715,204,54,ENABLED
UL_CLD004M_STG,4G-CLD004M11-STG,7715,305,612,ENABLED
UL_KSA011M_STG,4G-KSA011M11-STG,7715,264,216,ENABLED
UL_CLD018M_STG,4G-CLD018M11-STG,7715,247,480,ENABLED
4G-LPH029M-STG,4G-LPH029M11-STG,7715,420,600,ENABLED
UL_VCH045M_STG,4G-VCH045M11-STG,7715,36,6,ENABLED
UL_LPH003M_STG,4G-LPH003M11-STG,7715,336,210,ENABLED
UL_VCH031M_STG,4G-VCH031M11-STG,7715,333,576,ENABLED
UL_VCH015M_STG,4G-VCH015M11-STG,7715,42,102,ENABLED
UL_LPH005M_STG,4G-LPH005M11-STG,7715,115,36,ENABLED
UL_VCH033M_STG,4G-VCH033M11-STG,7715,300,324,ENABLED
UL_VCH030M_STG,4G-VCH030M11-STG,7715,132,318,ENABLED
UL_CLD016M_STG,4G-CLD016M11-STG,7715,24,30,ENABLED
UL_VCH047M_STG,4G-VCH047M11-STG,7715,374,192,ENABLED
UL_LPH016M_STG,4G-LPH016M11-STG,7715,414,324,ENABLED
UL_LPH002M_STG,4G-LPH002M11-STG,7715,207,564,ENABLED
UL_KSA028M_STG,4G-KSA028M11-STG,7715,45,108,ENABLED
UL_VCH014M_STG,4G-VCH014M11-STG,7715,378,240,ENABLED
UL_VCH017M_STG,4G-VCH017M11-STG,7715,12,294,ENABLED
UL_CLD005M_STG,4G-CLD005M11-STG,7715,435,444,ENABLED
UL_LPH019M_STG,4G-LPH019M11-STG,7715,417,636,ENABLED
UL_VCH044M_STG,4G-VCH044M11-STG,7715,354,510,ENABLED
UL_CLD006M_STG,4G-CLD006M11-STG,7715,315,408,ENABLED
UL_VCH026M_STG,4G-VCH026M11-STG,7715,261,354,ENABLED
UL_LPH007M_STG,4G-LPH007M11-STG,7715,180,438,ENABLED
UL_VCH035M_STG,4G-VCH035M11-STG,7715,75,450,ENABLED
UL_KSA014M_STG,4G-KSA014M11-STG,7715,9,474,ENABLED
UL_VCH048M_STG,4G-VCH048M11-STG,7715,212,486,ENABLED
UL_VCH003M_STG,4G-VCH003M11-STG,7715,315,432,ENABLED
UL_VCH042M_STG,4G-VCH042M11-STG,7715,252,306,ENABLED
4G-CLD019M-STG,4G-CLD019M11-STG,7715,165,366,ENABLED
UL_CLD015M_STG,4G-CLD015M11-STG,7715,270,414,ENABLED
UL_KSA015M_STG,4G-KSA015M11-STG,7715,276,330,ENABLED
UL_VCH020M_STG,4G-VCH020M11-STG,7715,384,642,ENABLED
UL_VCH004M_STG,4G-VCH004M11-STG,7715,438,570,ENABLED
UL_KSA031M_STG,4G-KSA031M11-STG,7715,420,276,ENABLED
UL_LPH014M_STG,4G-LPH014M11-STG,7715,294,342,ENABLED
UL_KSA005M_STG,4G-KSA005M11-STG,7715,225,366,ENABLED
UL_KSA024M_STG,4G-KSA024M11-STG,7715,408,624,ENABLED
UL_VCH019M_STG,4G-VCH019M11-STG,7715,246,252,ENABLED
UL_KSA027M_STG,4G-KSA027M11-STG,7715,60,48,ENABLED
4G-LPH030M-STG,4G-LPH030M11-STG,7715,96,84,ENABLED
UL_KSA021M_STG,4G-KSA021M11-STG,7715,339,234,ENABLED
UL_LPH004M_STG,4G-LPH004M11-STG,7715,36,18,ENABLED
UL_VCH013M_STG,4G-VCH013M11-STG,7715,243,492,ENABLED
UL_LPH001M_STG,4G-LPH001M11-STG,7715,108,78,ENABLED
UL_KSA034M_STG,4G-KSA034M11-STG,7715,81,42,ENABLED
UL_LPH012M_STG,4G-LPH012M11-STG,7715,351,204,ENABLED
UL_VCH037M_STG,4G-VCH037M11-STG,7715,81,348,ENABLED
UL_KSA003M_STG,4G-KSA003M11-STG,7715,67,84,ENABLED
4G-VCH049M-STG,4G-VCH049M11-STG,7715,69,234,ENABLED
UL_CLD012M_STG,4G-CLD012M11-STG,7715,441,402,ENABLED
UL_VCH040M_STG,4G-VCH040M11-STG,7715,408,552,ENABLED
UL_LPH011M_STG,4G-LPH011M11-STG,7715,237,618,ENABLED
UL_CLD011M_STG,4G-CLD011M11-STG,7715,136,336,ENABLED
UL_KSA004M_STG,4G-KSA004M11-STG,7715,333,564,ENABLED
UL_VCH007M_STG,4G-VCH007M11-STG,7715,432,540,ENABLED
UL_LPH009M_STG,4G-LPH009M11-STG,7715,102,174,ENABLED
UL_VCH023M_STG,4G-VCH023M11-STG,7715,126,498,ENABLED
UL_CLD013M_STG,4G-CLD013M11-STG,7715,45,318,ENABLED
UL_CLD010M_STG,4G-CLD010M11-STG,7715,369,354,ENABLED
UL_LPH008M_STG,4G-LPH008M11-STG,7715,0,96,ENABLED
UL_KSA033M_STG,4G-KSA033M11-STG,7715,108,600,ENABLED
UL_LPH010M_STG,4G-LPH010M11-STG,7715,324,198,ENABLED
UL_VCH022M_STG,4G-VCH022M11-STG,7715,402,72,ENABLED
UL_VCH011M_STG,4G-VCH011M11-STG,7715,390,378,ENABLED
UL_LPH024M_STG,4G-LPH024M11-STG,7715,300,534,ENABLED
UL_KSA017M_STG,4G-KSA017M11-STG,7715,234,522,ENABLED
UL_VCH009M_STG,4G-VCH009M11-STG,7715,420,504,ENABLED
UL_CLD008M_STG,4G-CLD008M11-STG,7715,306,642,ENABLED
UL_LPH027M_STG,4G-LPH027M11-STG,7715,432,594,ENABLED
UL_VCH041M_STG,4G-VCH041M11-STG,7715,189,444,ENABLED
UL_VCH039M_STG,4G-VCH039M11-STG,7715,87,318,ENABLED
UL_VCH036M_STG,4G-VCH036M11-STG,7715,78,228,ENABLED
UL_VCH018M_STG,4G-VCH018M11-STG,7715,219,84,ENABLED
UL_KSA029M_STG,4G-KSA029M11-STG,7715,48,540,ENABLED
UL_KSA006M_STG,4G-KSA006M11-STG,7715,402,426,ENABLED
UL_CLD014M_STG,4G-CLD014M11-STG,7715,156,474,ENABLED
UL_VCH043M_STG,4G-VCH043M11-STG,7715,129,576,ENABLED
UL_KSA007M_STG,4G-KSA007M11-STG,7715,366,600,DISABLED
UL_KSA001M_STG,4G-KSA001M11-STG,7715,375,312,ENABLED
UL_LPH028M_STG,4G-LPH028M11-STG,7715,237,378,ENABLED
UL_CLD007M_STG,4G-CLD007M11-STG,7715,309,312,ENABLED
UL_LPH022M_STG,4G-LPH022M11-STG,7715,354,198,ENABLED
UL_VCH034M_STG,4G-VCH034M11-STG,7715,234,168,ENABLED
UL_LPH006M_STG,4G-LPH006M11-STG,7715,129,252,ENABLED
UL_KSA016M_STG,4G-KSA016M11-STG,7715,99,504,ENABLED
UL_VCH008M_STG,4G-VCH008M11-STG,7715,84,96,ENABLED
SR_VCH021M_STG,4G-VCH021M11-STG,7715,282,426,ENABLED
UL_KSA013M_STG,4G-KSA013M11-STG,7715,213,558,ENABLED
UL_VCH005M_STG,4G-VCH005M11-STG,7715,333,342,ENABLED
UL_VCH027M_STG,4G-VCH027M11-STG,7715,18,546,ENABLED
UL_KSA035M_STG,4G-KSA035M11-STG,7715,207,78,ENABLED
UL_VCH024M_STG,4G-VCH024M11-STG,7715,159,162,ENABLED
UL_CLD001M_STG,4G-CLD001M11-STG,7715,399,492,ENABLED
UL_KSA032M_STG,4G-KSA032M11-STG,7715,393,450,ENABLED
UL_VCH002M_STG,4G-VCH002M11-STG,7715,195,258,ENABLED
4G-NTR176M-DNI,4G-NTR176M11-DNI,7058,336,222,ENABLED
UL_BHO423M_DNI,4G-BHO423M11-DNI,7048,246,606,ENABLED
UL_BHO237M_DNI,4G-BHO237M11-DNI,7038,183,360,ENABLED
UL_BHO367M_DNI,4G-BHO367M11-DNI,7068,435,66,ENABLED
UL_TPH024M_DNI,4G-TPH024M11-DNI,7098,357,432,ENABLED
4G-LTH224M-DNI,4G-LTH224M11-DNI,7048,189,276,ENABLED
4G-TNH083M-DNI,4G-TNH083M11-DNI,7078,150,252,ENABLED
UL_TBO039M_DNI,4G-TBO039M11-DNI,7015,411,372,ENABLED
UL_BHO415M_DNI,4G-BHO415M11-DNI,7068,354,390,ENABLED
4G-BHO474M-DNI,4G-BHO474M11-DNI,7038,420,180,ENABLED
UL_LTH143M_DNI,4G-LTH143M11-DNI,7048,375,246,ENABLED
4G-TBO196M-DNI,4G-TBO196M11-DNI,7015,81,66,ENABLED
4G-LTH241M-DNI,4G-LTH241M11-DNI,7014,309,288,ENABLED
UL_DQU068M_DNI,4G-DQU068M11-DNI,7098,192,162,ENABLED
4G-LTH232M-DNI,4G-LTH232M11-DNI,7048,360,402,ENABLED
UL_TBO170M_DNI,4G-TBO170M11-DNI,7015,315,504,ENABLED
UL_TBO015M_DNI,4G-TBO015M11-DNI,7015,426,396,ENABLED
4G-BHO506M-DNI,4G-BHO506M11-DNI,7038,375,306,ENABLED
4G-BHO498M-DNI,4G-BHO498M11-DNI,7068,330,312,ENABLED
UL_TNH079M_DNI,4G-TNH079M11-DNI,7015,204,294,ENABLED
UL_LTH176M_DNI,4G-LTH176M11-DNI,7048,354,576,ENABLED
UL_TBO127M_DNI,4G-TBO127M11-DNI,7015,12,180,ENABLED
UL_LTH038M_DNI,4G-LTH038M11-DNI,7014,207,126,ENABLED
4G-NTR158M-DNI,4G-NTR158M11-DNI,7058,348,324,ENABLED
4G-BHO476M-DNI,4G-BHO476M11-DNI,7038,348,570,ENABLED
UL_BHO433M_DNI,4G-BHO433M11-DNI,7013,135,414,ENABLED
UL_BHO333M_DNI,4G-BHO333M11-DNI,7021,9,216,ENABLED
UL_TNH041M_DNI,4G-TNH041M11-DNI,7014,6,78,ENABLED
4G-BHO458M-DNI,4G-BHO458M11-DNI,7013,315,486,ENABLED
4G-LKH191M-DNI,4G-LKH191M11-DNI,7009,306,276,ENABLED
4G-LTH226M-DNI,4G-LTH226M11-DNI,7048,177,138,ENABLED
4G-XLO123M-DNI,4G-XLO123M11-DNI,7033,39,270,ENABLED
UL_LTH118M_DNI,4G-LTH118M11-DNI,7048,3,288,ENABLED
UL_TBO135M_DNI,4G-TBO135M11-DNI,7014,231,30,ENABLED
4G-LTH216M-DNI,4G-LTH216M11-DNI,7048,381,276,ENABLED
UL_LKH010M_DNI,4G-LKH010M11-DNI,7009,189,642,ENABLED
UL_TNH033M_DNI,4G-TNH033M11-DNI,7014,285,144,ENABLED
UL_NTR147M_DNI,4G-NTR147M11-DNI,7058,369,612,ENABLED
4G-LTH214M-DNI,4G-LTH214M11-DNI,7048,246,204,ENABLED
UL_BHO437M_DNI,4G-BHO437M11-DNI,7068,75,120,ENABLED
4G-DQU103M-DNI,4G-DQU103M11-DNI,7098,381,528,ENABLED
4G-BHO456M-DNI,4G-BHO456M11-DNI,7015,294,342,ENABLED
UL_BHO421M_DNI,4G-BHO421M11-DNI,7068,351,432,ENABLED
4G-TBO191M-DNI,4G-TBO191M11-DNI,7015,387,390,ENABLED
UL_LTH177M_DNI,4G-LTH177M11-DNI,7048,297,360,ENABLED
4G-LTH243M-DNI,4G-LTH243M11-DNI,7048,387,138,ENABLED
UL_BHO417M_DNI,4G-BHO417M11-DNI,7068,432,420,ENABLED
UL_LTH055M_DNI,4G-LTH055M11-DNI,7048,204,402,ENABLED
UL_LTH124M_DNI,4G-LTH124M11-DNI,7048,126,456,ENABLED
4G-BHO459M-DNI,4G-BHO459M11-DNI,7015,126,390,ENABLED
4G-BHO489M-DNI,4G-BHO489M11-DNI,7038,123,402,ENABLED
UL_LKH052M_DNI,4G-LKH052M11-DNI,7009,123,492,ENABLED
4G-CMY078M-DNI,4G-CMY078M11-DNI,7033,9,306,ENABLED
UL_NTR046M_DNI,4G-NTR046M11-DNI,7058,285,534,ENABLED
4G-NTR182M-DNI,4G-NTR182M11-DNI,7058,222,18,ENABLED
UL_XLO117M_DNI,4G-XLO117M11-DNI,7033,153,432,ENABLED
UL_XLO009M_DNI,4G-XLO009M11-DNI,7033,291,264,ENABLED
UL_DQU096M_DNI,4G-DQU096M11-DNI,7078,375,156,ENABLED
4G-TPH070M-DNI,4G-TPH070M11-DNI,7098,348,90,ENABLED
UL_BHO424M_DNI,4G-BHO424M11-DNI,7038,171,258,ENABLED
4G-LTH230M-DNI,4G-LTH230M11-DNI,7048,408,402,ENABLED
4G-TBO202M-DNI,4G-TBO202M11-DNI,7015,399,336,ENABLED
UL_DQU070M_DNI,4G-DQU070M11-DNI,7098,318,582,ENABLED
UL_LTH022M_DNI,4G-LTH022M11-DNI,7014,378,372,ENABLED
4G-TBO190M-DNI,4G-TBO190M11-DNI,7015,402,42,ENABLED
4G-XLO132M-DNI,4G-XLO132M11-DNI,7033,243,558,ENABLED
4G-LTH227M-DNI,4G-LTH227M11-DNI,7014,252,402,ENABLED
4G-LTH240M-DNI,4G-LTH240M11-DNI,7048,159,642,ENABLED
UL_XLO006M_DNI,4G-XLO006M11-DNI,7033,228,420,ENABLED
UL_TNH040M_DNI,4G-TNH040M11-DNI,7014,33,54,ENABLED
UL_LKH016M_DNI,4G-LKH016M11-DNI,7009,327,336,ENABLED
4G-XLO217M-DNI,4G-XLO217M11-DNI,7033,129,396,ENABLED
UL_TNH027M_DNI,4G-TNH027M11-DNI,7014,306,504,ENABLED
4G-TNH085M-DNI,4G-TNH085M11-DNI,7014,354,414,ENABLED
4G-BHO507M-DNI,4G-BHO507M11-DNI,7038,162,474,ENABLED
4G-BHO495M-DNI,4G-BHO495M11-DNI,7021,102,528,ENABLED
UL_TBO031M_DNI,4G-TBO031M11-DNI,7015,303,300,ENABLED
4G-LTH228M-DNI,4G-LTH228M11-DNI,7014,297,642,ENABLED
UL_TBO003M_DNI,4G-TBO003M11-DNI,7015,282,186,ENABLED
UL_LTH016M_DNI,4G-LTH016M11-DNI,7048,435,276,ENABLED
UL_TNH002M_DNI,4G-TNH002M11-DNI,7014,234,288,ENABLED
4G-BHO510M-DNI,4G-BHO510M11-DNI,7038,117,282,ENABLED
4G-NTR181M-DNI,4G-NTR181M11-DNI,7058,240,528,ENABLED
UL_TNH076M_DNI,4G-TNH076M11-DNI,7014,417,84,ENABLED
4G-BHO509M-DNI,4G-BHO509M11-DNI,7013,396,462,ENABLED
4G-BHO487M-DNI,4G-BHO487M11-DNI,7038,102,594,ENABLED
4G-TNH086M-DNI,4G-TNH086M11-DNI,7078,294,474,ENABLED
4G-BHO478M-DNI,4G-BHO478M11-DNI,7068,150,270,ENABLED
UL_TBO020M_DNI,4G-TBO020M11-DNI,7015,178,342,ENABLED
4G-BHO462M-DNI,4G-BHO462M11-DNI,7013,426,114,ENABLED
UL_NTR073M_DNI,4G-NTR073M11-DNI,7058,321,576,ENABLED
4G-LTH237M-DNI,4G-LTH237M11-DNI,7014,195,528,ENABLED
4G-BHO463M-DNI,4G-BHO463M11-DNI,7068,330,72,ENABLED
UL_BHO420M_DNI,4G-BHO420M11-DNI,7068,426,564,ENABLED
UL_BHO435M_DNI,4G-BHO435M11-DNI,7038,213,498,ENABLED
UL_LTH178M_DNI,4G-LTH178M11-DNI,7014,294,12,ENABLED
UL_TBO148M_DNI,4G-TBO148M11-DNI,7015,318,468,ENABLED
4G-BHO508M-DNI,4G-BHO508M11-DNI,7068,228,66,ENABLED
UL_BHO426M_DNI,4G-BHO426M11-DNI,7038,423,384,ENABLED
UL_BHO436M_DNI,4G-BHO436M11-DNI,7048,177,228,ENABLED
4G-XLO216M-DNI,4G-XLO216M11-DNI,7033,342,516,ENABLED
UL_TPH030M_DNI,4G-TPH030M11-DNI,7098,216,162,ENABLED
UL_TBO125M_DNI,4G-TBO125M11-DNI,7015,251,636,ENABLED
4G-LTH236M-DNI,4G-LTH236M11-DNI,7014,162,462,ENABLED
4G-TPH063M-DNI,4G-TPH063M11-DNI,7098,393,270,ENABLED
UL_XLO053M_DNI,4G-XLO053M11-DNI,7033,348,420,ENABLED
4G-DQU099M-DNI,4G-DQU099M11-DNI,7098,237,174,ENABLED
UL_BHO418M_DNI,4G-BHO418M11-DNI,7068,99,60,ENABLED
4G-BHO461M-DNI,4G-BHO461M11-DNI,7068,63,132,ENABLED
UL_TNH066M_DNI,4G-TNH066M11-DNI,7014,397,486,ENABLED
UL_LTH121M_DNI,4G-LTH121M11-DNI,7048,18,294,ENABLED
4G-BHO486M-DNI,4G-BHO486M11-DNI,7038,309,0,ENABLED
4G-BHO501M-DNI,4G-BHO501M11-DNI,7013,51,630,ENABLED
UL_LKH045M_DNI,4G-LKH045M11-DNI,7009,282,492,ENABLED
UL_BHO425M_DNI,4G-BHO425M11-DNI,7038,258,0,ENABLED
4G-TPH069M-DNI,4G-TPH069M11-DNI,7098,213,468,ENABLED
UL_BHO239M_DNI,4G-BHO239M11-DNI,7048,369,378,ENABLED
UL_TNH078M_DNI,4G-TNH078M11-DNI,7014,189,402,ENABLED
UL_BHO206M_DNI,4G-BHO206M11-DNI,7048,30,564,ENABLED
UL_BHO370M_DNI,4G-BHO370M11-DNI,7013,285,606,ENABLED
UL_LTH119M_DNI,4G-LTH119M11-DNI,7048,6,540,ENABLED
UL_LKH027M_DNI,4G-LKH027M11-DNI,7009,39,132,ENABLED
4G-NTR183M-DNI,4G-NTR183M11-DNI,7058,408,570,ENABLED
4G-BHO497M-DNI,4G-BHO497M11-DNI,7068,399,432,ENABLED
UL_TBO140M_DNI,4G-TBO140M11-DNI,7078,31,66,ENABLED
4G-TPH062M-DNI,4G-TPH062M11-DNI,7098,288,306,ENABLED
4G-XLO128M-DNI,4G-XLO128M11-DNI,7033,225,534,ENABLED
UL_TBO168M_DNI,4G-TBO168M11-DNI,7015,147,438,ENABLED
4G-BHO493M-DNI,4G-BHO493M11-DNI,7013,441,342,ENABLED
UL_TBO167M_DNI,4G-TBO167M11-DNI,7015,210,570,ENABLED
4G-BHO464M-DNI,4G-BHO464M11-DNI,7068,405,384,ENABLED
4G-TBO195M-DNI,4G-TBO195M11-DNI,7015,195,288,ENABLED
4G-TBO186M-DNI,4G-TBO186M11-DNI,7015,270,72,ENABLED
4G-TBO201M-DNI,4G-TBO201M11-DNI,7015,165,528,ENABLED
4G-TBO192M-DNI,4G-TBO192M11-DNI,7015,396,618,ENABLED
4G-BHO467M-DNI,4G-BHO467M11-DNI,7038,237,612,ENABLED
UL_TBO033M_DNI,4G-TBO033M11-DNI,7015,378,252,ENABLED
4G-TNH087M-DNI,4G-TNH087M11-DNI,7014,228,564,ENABLED
4G-LTH215M-DNI,4G-LTH215M11-DNI,7048,138,606,ENABLED
UL_TBO124M_DNI,4G-TBO124M11-DNI,7015,77,306,ENABLED
UL_TBO023M_DNI,4G-TBO023M11-DNI,7078,291,414,ENABLED
4G-TNH090M-DNI,4G-TNH090M11-DNI,7078,297,150,ENABLED
4G-BHO477M-DNI,4G-BHO477M11-DNI,7048,255,600,ENABLED
UL_BHO419M_DNI,4G-BHO419M11-DNI,7015,87,126,ENABLED
4G-LTH225M-DNI,4G-LTH225M11-DNI,7048,228,426,ENABLED
UL_TNH075M_DNI,4G-TNH075M11-DNI,7014,441,612,ENABLED
UL_TNH012M_DNI,4G-TNH012M11-DNI,7014,21,522,ENABLED
4G-VLI054M-VLG,4G-VLI054M11-VLG,8111,378,378,ENABLED
4G-LHO077M-VLG,4G-LHO077M11-VLG,8153,294,144,ENABLED
4G-MTH041M-VLG,4G-MTH041M11-VLG,8111,288,180,ENABLED
UL_VLO032M_VLG,4G-VLO032M11-VLG,8118,331,318,ENABLED
4G-LHO065M-VLG,4G-LHO065M11-VLG,8153,66,288,ENABLED
4G-LHO068M-VLG,4G-LHO068M11-VLG,8153,264,468,ENABLED
UL_VLO024M_VLG,4G-VLO024M11-VLG,8118,4,144,ENABLED
4G-LHO069M-VLG,4G-LHO069M11-VLG,8153,123,234,ENABLED
4G-BMI037M-VLG,4G-BMI037M11-VLG,8153,138,594,ENABLED
4G-LHO073M-VLG,4G-LHO073M11-VLG,8153,186,252,ENABLED
UL_VLO053M_VLG,4G-VLO053M11-VLG,8118,220,624,ENABLED
UL_MTH010M_VLG,4G-MTH010M11-VLG,8111,11,318,ENABLED
4G-TBI050M-VLG,4G-TBI050M11-VLG,8153,51,216,ENABLED
UL_VLO033M_VLG,4G-VLO033M11-VLG,8118,229,408,ENABLED
4G-LHO045M-VLG,4G-LHO045M11-VLG,8153,376,156,ENABLED
4G-BMI034M-VLG,4G-BMI034M11-VLG,8153,156,108,ENABLED
UL_VLO023M_VLG,4G-VLO023M11-VLG,8118,388,390,ENABLED
UL_VLO011M_VLG,4G-VLO011M11-VLG,8118,79,654,ENABLED
UL_VLO008M_VLG,4G-VLO008M11-VLG,8118,58,570,ENABLED
4G-LHO070M-VLG,4G-LHO070M11-VLG,8153,333,630,ENABLED
UL_VLO041M_VLG,4G-VLO041M11-VLG,8118,217,300,ENABLED
4G-LHO067M-VLG,4G-LHO067M11-VLG,8153,201,450,ENABLED
UL_VLO021M_VLG,4G-VLO021M11-VLG,8118,64,12,ENABLED
UL_VLO028M_VLG,4G-VLO028M11-VLG,8118,244,282,ENABLED
4G-VLO066M-VLG,4G-VLO066M11-VLG,8118,18,468,ENABLED
UL_VLO018M_VLG,4G-VLO018M11-VLG,8118,52,84,ENABLED
UL_VLO031M_VLG,4G-VLO031M11-VLG,8118,118,480,ENABLED
4G-MTH043M-VLG,4G-MTH043M11-VLG,8111,219,504,ENABLED
UL_VLO046M_VLG,4G-VLO046M11-VLG,8118,355,48,ENABLED
UL_VLO058M_VLG,4G-VLO058M11-VLG,8118,423,210,ENABLED
UL_VLO042M_VLG,4G-VLO042M11-VLG,8118,10,300,ENABLED
4G-BTA039M-VLG,4G-BTA039M11-VLG,8153,366,252,ENABLED
UL_VLO025M_VLG,4G-VLO025M11-VLG,8118,312,444,ENABLED
UL_VLO054M_VLG,4G-VLO054M11-VLG,8118,316,516,ENABLED
UL_VLO043M_VLG,4G-VLO043M11-VLG,8118,235,12,ENABLED
4G-VLI052M-VLG,4G-VLI052M11-VLG,8111,384,324,ENABLED
UL_VLO059M_VLG,4G-VLO059M11-VLG,8118,210,612,ENABLED
UL_VLO034M_VLG,4G-VLO034M11-VLG,8118,259,102,ENABLED
4G-TBI047M-VLG,4G-TBI047M11-VLG,8153,300,90,ENABLED
4G-VLO069M-VLG,4G-VLO069M11-VLG,8118,249,90,ENABLED
UL_VLO047M_VLG,4G-VLO047M11-VLG,8118,154,228,ENABLED
4G-MTH042M-VLG,4G-MTH042M11-VLG,8111,438,234,ENABLED
4G-MTH039M-VLG,4G-MTH039M11-VLG,8111,33,288,ENABLED
4G-LHO078M-VLG,4G-LHO078M11-VLG,8153,270,54,ENABLED
4G-MTH040M-VLG,4G-MTH040M11-VLG,8111,126,468,ENABLED
4G-VLI053M-VLG,4G-VLI053M11-VLG,8111,390,396,ENABLED
4G-LHO064M-VLG,4G-LHO064M11-VLG,8153,198,540,ENABLED
UL_VLO014M_VLG,4G-VLO014M11-VLG,8118,214,588,ENABLED
4G-VLO067M-VLG,4G-VLO067M11-VLG,8118,405,342,ENABLED
4G-LHO071M-VLG,4G-LHO071M11-VLG,8153,81,90,ENABLED
UL_VLO055M_VLG,4G-VLO055M11-VLG,8118,439,66,ENABLED
UL_VLO009M_VLG,4G-VLO009M11-VLG,8118,172,282,ENABLED
UL_VLO027M_VLG,4G-VLO027M11-VLG,8118,289,228,ENABLED
4G-LHO066M-VLG,4G-LHO066M11-VLG,8153,162,306,ENABLED
4G-BMI035M-VLG,4G-BMI035M11-VLG,8153,276,270,ENABLED
4G-LHO003M-VLG,4G-LHO003M11-VLG,8153,280,444,ENABLED
UL_VLO012M_VLG,4G-VLO012M11-VLG,8118,310,66,ENABLED
4G-CKE041M-TVH,4G-CKE041M11-TVH,8054,258,198,ENABLED
4G-TCA041M-TVH,4G-TCA041M11-TVH,8054,276,108,ENABLED
UL_TVI038M_TVH,4G-TVI038M11-TVH,8006,82,126,ENABLED
UL_CTH055M_TVH,4G-CTH055M11-TVH,8006,111,252,ENABLED
UL_CTH010M_TVH,4G-CTH010M11-TVH,8052,75,558,ENABLED
UL_TVI007M_TVH,4G-TVI007M11-TVH,8006,85,558,ENABLED
UL_TVI022M_TVH,4G-TVI022M11-TVH,8052,358,396,ENABLED
4G-CKE038M-TVH,4G-CKE038M11-TVH,8054,54,486,ENABLED
UL_CTH009M_TVH,4G-CTH009M11-TVH,8006,261,492,ENABLED
4G-CTH065M-TVH,4G-CTH065M11-TVH,8052,354,72,ENABLED
4G-DHA043M-TVH,4G-DHA043M11-TVH,8052,207,450,ENABLED
4G-TCU050M-TVH,4G-TCU050M11-TVH,8054,114,162,ENABLED
4G-TCA045M-TVH,4G-TCA045M11-TVH,8054,279,252,ENABLED
UL_CTH019M_TVH,4G-CTH019M11-TVH,8006,187,198,ENABLED
4G-CLO059M-TVH,4G-CLO059M11-TVH,8052,48,54,ENABLED
4G-CTH061M-TVH,4G-CTH061M11-TVH,8052,435,288,ENABLED
4G-TCA047M-TVH,4G-TCA047M11-TVH,8054,357,234,ENABLED
UL_TVI015M_TVH,4G-TVI015M11-TVH,8006,88,216,ENABLED
4G-CTH062M-TVH,4G-CTH062M11-TVH,8052,0,18,ENABLED
UL_TVI014M_TVH,4G-TVI014M11-TVH,8006,274,522,ENABLED
UL_CTH043M_TVH,4G-CTH043M11-TVH,8006,114,324,ENABLED
4G-CTH063M-TVH,4G-CTH063M11-TVH,8006,336,18,ENABLED
UL_TVI034M_TVH,4G-TVI034M11-TVH,8006,73,72,ENABLED
4G-TCA040M-TVH,4G-TCA040M11-TVH,8054,9,504,ENABLED
4G-TCA046M-TVH,4G-TCA046M11-TVH,8054,45,54,ENABLED
UL_TVI005M_TVH,4G-TVI005M11-TVH,8006,7,252,ENABLED
4G-TCA039M-TVH,4G-TCA039M11-TVH,8054,183,306,ENABLED
4G-CTH066M-TVH,4G-CTH066M11-TVH,8052,39,0,ENABLED
UL_CTH023M_TVH,4G-CTH023M11-TVH,8006,291,270,ENABLED
UL_TVI011M_TVH,4G-TVI011M11-TVH,8006,403,234,ENABLED
UL_TVI025M_TVH,4G-TVI025M11-TVH,8006,159,486,ENABLED
4G-CLO025M-TVH,4G-CLO025M11-TVH,8052,238,162,ENABLED
UL_CTH006M_TVH,4G-CTH006M11-TVH,8006,276,54,ENABLED
UL_CTH004M_TVH,4G-CTH004M11-TVH,8006,87,270,ENABLED
4G-CKE044M-TVH,4G-CKE044M11-TVH,8054,30,432,ENABLED
4G-CNG044M-TVH,4G-CNG044M11-TVH,8052,234,594,ENABLED
4G-TCA044M-TVH,4G-TCA044M11-TVH,8054,360,342,ENABLED
UL_TVI004M_TVH,4G-TVI004M11-TVH,8006,97,450,ENABLED
UL_TVI035M_TVH,4G-TVI035M11-TVH,8006,384,288,ENABLED
4G-CTH064M-TVH,4G-CTH064M11-TVH,8052,93,252,ENABLED
UL_CTH052M_TVH,4G-CTH052M11-TVH,8006,234,126,ENABLED
4G-TCU046M-TVH,4G-TCU046M11-TVH,8054,162,558,ENABLED
UL_TVI016M_TVH,4G-TVI016M11-TVH,8006,37,252,ENABLED
4G-CKE037M-TVH,4G-CKE037M11-TVH,8054,69,504,ENABLED
UL_TVI013M_TVH,4G-TVI013M11-TVH,8006,70,594,ENABLED
4G-TCU044M-TVH,4G-TCU044M11-TVH,8054,159,54,ENABLED
UL_CTH001M_TVH,4G-CTH001M11-TVH,8006,21,648,ENABLED
4G-CNG020M-TVH,4G-CNG020M11-TVH,8052,192,156,ENABLED
UL_TVI031M_TVH,4G-TVI031M11-TVH,8006,170,90,ENABLED
4G-HDH028M-TVH,4G-HDH028M11-TVH,8052,276,306,ENABLED
UL_TVI028M_TVH,4G-TVI028M11-TVH,8006,316,504,ENABLED
UL_TVI020M_TVH,4G-TVI020M11-TVH,8006,211,0,ENABLED
4G-DHA042M-TVH,4G-DHA042M11-TVH,8052,180,54,ENABLED
UL_CTH047M_TVH,4G-CTH047M11-TVH,8006,439,174,ENABLED
UL_TVI021M_TVH,4G-TVI021M11-TVH,8006,448,468,ENABLED
4G-TVI047M-TVH,4G-TVI047M11-TVH,8006,177,270,ENABLED
4G-HDH029M-TVH,4G-HDH029M11-TVH,8052,213,612,ENABLED
4G-CTH002M-TVH,4G-CTH002M11-TVH,8052,110,300,ENABLED
4G-TCU045M-TVH,4G-TCU045M11-TVH,8054,396,378,ENABLED
UL_TVI002M_TVH,4G-TVI002M11-TVH,8006,181,180,ENABLED
4G-PMY155M-VTU,4G-PMY155M11-VTU,8222,21,78,ENABLED
UL_VTA245M_VTU,4G-VTA245M11-VTU,8220,312,606,ENABLED
4G-VTA263M-VTU,4G-VTA263M11-VTU,8220,129,504,ENABLED
4G-CDU096M-VTU,4G-CDU096M11-VTU,8222,312,342,ENABLED
4G-CDU097M-VTU,4G-CDU097M11-VTU,8223,285,372,ENABLED
4G-PMY172M-VTU,4G-PMY172M11-VTU,8222,348,324,ENABLED
4G-PMY154M-VTU,4G-PMY154M11-VTU,8222,9,60,ENABLED
4G-PMY164M-VTU,4G-PMY164M11-VTU,8222,126,360,ENABLED
UL_PMY041M_VTU,4G-PMY041M11-VTU,8222,78,414,ENABLED
UL_VTA094M_VTU,4G-VTA094M11-VTU,8220,288,558,ENABLED
4G-VTA247M-VTU,4G-VTA247M11-VTU,8220,252,444,ENABLED
4G-VTA265M-VTU,4G-VTA265M11-VTU,8220,279,372,ENABLED
UL_VTA237M_VTU,4G-VTA237M11-VTU,8220,246,270,ENABLED
4G-PMY156M-VTU,4G-PMY156M11-VTU,8222,24,108,ENABLED
UL_BRI073M_VTU,4G-BRI073M11-VTU,8222,201,168,ENABLED
4G-PMY162M-VTU,4G-PMY162M11-VTU,8222,354,606,ENABLED
4G-PMY169M-VTU,4G-PMY169M11-VTU,8222,420,516,ENABLED
UL_PMY137M_VTU,4G-PMY137M11-VTU,8222,96,60,ENABLED
UL_DDO018M_VTU,4G-DDO018M11-VTU,8220,363,222,ENABLED
UL_PMY140M_VTU,4G-PMY140M11-VTU,8222,75,438,ENABLED
4G-VTA258M-VTU,4G-VTA258M11-VTU,8220,423,636,ENABLED
UL_CDU092M_VTU,4G-CDU092M11-VTU,8223,312,600,ENABLED
4G-BRI079M-VTU,4G-BRI079M11-VTU,8222,168,66,ENABLED
4G-CDU116M-VTU,4G-CDU116M11-VTU,8222,228,588,ENABLED
4G-XMO110M-VTU,4G-XMO110M11-VTU,8224,186,504,ENABLED
4G-XMO107M-VTU,4G-XMO107M11-VTU,8224,363,582,ENABLED
4G-VTA267M-VTU,4G-VTA267M11-VTU,8220,384,78,ENABLED
4G-VTA259M-VTU,4G-VTA259M11-VTU,8220,366,594,ENABLED
4G-PMY159M-VTU,4G-PMY159M11-VTU,8222,33,204,ENABLED
4G-PMY166M-VTU,4G-PMY166M11-VTU,8222,429,486,ENABLED
4G-XMO114M-VTU,4G-XMO114M11-VTU,8224,438,210,ENABLED
4G-PMY174M-VTU,4G-PMY174M11-VTU,8222,243,456,ENABLED
4G-XMO106M-VTU,4G-XMO106M11-VTU,8224,327,474,ENABLED
4G-CDU100M-VTU,4G-CDU100M11-VTU,8223,393,252,ENABLED
4G-CDU115M-VTU,4G-CDU115M11-VTU,8223,24,444,ENABLED
UL_PMY138M_VTU,4G-PMY138M11-VTU,8222,339,6,ENABLED
UL_PMY008M_VTU,4G-PMY008M11-VTU,8222,102,564,ENABLED
4G-CDU117M-VTU,4G-CDU117M11-VTU,8222,315,318,ENABLED
4G-BRI080M-VTU,4G-BRI080M11-VTU,8222,342,618,ENABLED
4G-PMY173M-VTU,4G-PMY173M11-VTU,8222,228,528,ENABLED
4G-VTA249M-VTU,4G-VTA249M11-VTU,8220,225,264,ENABLED
4G-PMY153M-VTU,4G-PMY153M11-VTU,8222,6,36,ENABLED
UL_PMY030M_VTU,4G-PMY030M11-VTU,8222,117,552,ENABLED
4G-XMO112M-VTU,4G-XMO112M11-VTU,8224,21,420,ENABLED
4G-XMO109M-VTU,4G-XMO109M11-VTU,8224,159,186,ENABLED
4G-CDU114M-VTU,4G-CDU114M11-VTU,8222,405,282,ENABLED
4G-PMY157M-VTU,4G-PMY157M11-VTU,8222,27,144,ENABLED
4G-VTA266M-VTU,4G-VTA266M11-VTU,8220,315,300,ENABLED
4G-VTA256M-VTU,4G-VTA256M11-VTU,8220,402,342,ENABLED
UL_CMO043M_AGG,4G-CMO043M11-AGG,6307,353,84,ENABLED
4G-TSO066M-AGG,4G-TSO066M11-AGG,6335,429,540,ENABLED
4G-CTH060M-AGG,4G-CTH060M11-AGG,6307,237,360,ENABLED
4G-CTH059M-AGG,4G-CTH059M11-AGG,6307,126,486,ENABLED
4G-CMO070M-AGG,4G-CMO070M11-AGG,6307,333,378,ENABLED
4G-TBI042M-AGG,4G-TBI042M11-AGG,6335,201,486,ENABLED
4G-TSO064M-AGG,4G-TSO064M11-AGG,6335,105,54,ENABLED
4G-CTH058M-AGG,4G-CTH058M11-AGG,6307,120,18,ENABLED
4G-CPH072M-AGG,4G-CPH072M11-AGG,6336,258,54,ENABLED
4G-TSO065M-AGG,4G-TSO065M11-AGG,6335,339,54,ENABLED
UL_APH070M_AGG,4G-APH070M11-AGG,6336,303,216,ENABLED
UL_CTH040M_AGG,4G-CTH040M11-AGG,6307,149,426,ENABLED
UL_CTH036M_AGG,4G-CTH036M11-AGG,6307,326,378,ENABLED
UL_LXU108M_AGG,4G-LXU108M11-AGG,6309,42,90,ENABLED
UL_PTA048M_AGG,4G-PTA048M11-AGG,6336,28,480,ENABLED
UL_TCH024M_AGG,4G-TCH024M11-AGG,6336,418,558,ENABLED
4G-LXU069M-AGG,4G-LXU069M11-AGG,6309,438,324,ENABLED
4G-PTA011M-AGG,4G-PTA011M11-AGG,6336,156,252,ENABLED
UL_CMO041M_AGG,4G-CMO041M11-AGG,6307,314,396,ENABLED
UL_PTA038M_AGG,4G-PTA038M11-AGG,6336,73,198,ENABLED
UL_PTA051M_AGG,4G-PTA051M11-AGG,6336,346,540,ENABLED
4G-TBI043M-AGG,4G-TBI043M11-AGG,6335,150,288,ENABLED
4G-GTR057M-BTE,4G-GTR057M11-BTE,6551,117,360,ENABLED
UL_BTR033M_BTE,4G-BTR033M11-BTE,6551,396,222,ENABLED
4G-TPH058M-BTE,4G-TPH058M11-BTE,6556,42,234,ENABLED
4G-TPH059M-BTE,4G-TPH059M11-BTE,6556,243,270,ENABLED
UL_CTH006M_BTE,4G-CTH006M11-BTE,6551,363,624,ENABLED
4G-GTR056M-BTE,4G-GTR056M11-BTE,6551,321,108,ENABLED
4G-CTH074M-BTE,4G-CTH074M11-BTE,6551,444,540,ENABLED
UL_MCB014M_BTE,4G-MCB014M11-BTE,6551,105,606,ENABLED
UL_BTR059M_BTE,4G-BTR059M11-BTE,6551,420,78,ENABLED
4G-MCN046M-BTE,4G-MCN046M11-BTE,6551,435,54,ENABLED
4G-BDA073M-BTE,4G-BDA073M11-BTE,6556,258,540,ENABLED
4G-BTI068M-BTE,4G-BTI068M11-BTE,6556,393,126,ENABLED
UL_BTR085M_BTE,4G-BTR085M11-BTE,6551,338,372,ENABLED
4G-GTR060M-BTE,4G-GTR060M11-BTE,6551,267,18,ENABLED
UL_CTH034M_BTE,4G-CTH034M11-BTE,6551,339,402,ENABLED
4G-BDA071M-BTE,4G-BDA071M11-BTE,6556,324,162,ENABLED
4G-CTH068M-BTE,4G-CTH068M11-BTE,6551,225,522,ENABLED
4G-BTR086M-BTE,4G-BTR086M11-BTE,6551,303,108,ENABLED
4G-BTR020M-BTE,4G-BTR020M11-BTE,6551,171,582,ENABLED
4G-GTR054M-BTE,4G-GTR054M11-BTE,6551,435,90,ENABLED
UL_CLA031M_BTE,4G-CLA031M11-BTE,6551,39,18,ENABLED
4G-CTH072M-BTE,4G-CTH072M11-BTE,6551,405,612,ENABLED
4G-CTH049M-BTE,4G-CTH049M11-BTE,6551,327,564,ENABLED
UL_CLA008M_BTE,4G-CLA008M11-BTE,6551,169,102,ENABLED
4G-CTH067M-BTE,4G-CTH067M11-BTE,6551,288,594,ENABLED
4G-GTR059M-BTE,4G-GTR059M11-BTE,6551,228,234,ENABLED
4G-CTH112M-TGG,4G-CTH112M11-TGG,7991,336,324,ENABLED
4G-HCL030M-TGG,4G-HCL030M11-TGG,7993,307,570,ENABLED
4G-CLA087M-TGG,4G-CLA087M11-TGG,7993,261,90,ENABLED
UL_CGA011M_TGG,4G-CGA011M11-TGG,7992,6,234,ENABLED
4G-GCD008M-TGG,4G-GCD008M11-TGG,7992,38,270,ENABLED
4G-GCT004M-TGG,4G-GCT004M11-TGG,7992,294,360,ENABLED
4G-HCL021M-TGG,4G-HCL021M11-TGG,7993,73,534,ENABLED
4G-HCL079M-TGG,4G-HCL079M11-TGG,7993,99,216,ENABLED
4G-CLA088M-TGG,4G-CLA088M11-TGG,7993,423,558,ENABLED
4G-MTH049M-TGG,4G-MTH049M11-TGG,7991,210,216,ENABLED
4G-CTH111M-TGG,4G-CTH111M11-TGG,7991,15,378,ENABLED
4G-GCD059M-TGG,4G-GCD059M11-TGG,7992,162,144,ENABLED
4G-CGA038M-TGG,4G-CGA038M11-TGG,7992,279,342,ENABLED
4G-HCL078M-TGG,4G-HCL078M11-TGG,7993,309,162,ENABLED
4G-HCL081M-TGG,4G-HCL081M11-TGG,7993,120,486,ENABLED
4G-GCD060M-TGG,4G-GCD060M11-TGG,7992,441,72,ENABLED
4G-HCL073M-TGG,4G-HCL073M11-TGG,7993,87,468,ENABLED
4G-CTH109M-TGG,4G-CTH109M11-TGG,7993,447,594,ENABLED
4G-MTH065M-TGG,4G-MTH065M11-TGG,7991,381,396,ENABLED
4G-GCD061M-TGG,4G-GCD061M11-TGG,7992,258,522,ENABLED
4G-CLA090M-TGG,4G-CLA090M11-TGG,7993,333,324,ENABLED
4G-CLA048M-TGG,4G-CLA048M11-TGG,7993,67,570,ENABLED
4G-GCD065M-TGG,4G-GCD065M11-TGG,7992,153,540,ENABLED
4G-HCL020M-TGG,4G-HCL020M11-TGG,7993,430,48,ENABLED
UL_CGA021M_TGG,4G-CGA021M11-TGG,7991,81,144,ENABLED
4G-TPH022M-TGG,4G-TPH022M11-TGG,7993,105,90,ENABLED
4G-GCT059M-TGG,4G-GCT059M11-TGG,7992,69,126,ENABLED
4G-CLA091M-TGG,4G-CLA091M11-TGG,7993,339,144,ENABLED
4G-GCD064M-TGG,4G-GCD064M11-TGG,7992,51,432,ENABLED
4G-TPH012M-TGG,4G-TPH012M11-TGG,7993,183,252,ENABLED
4G-CGA079M-TGG,4G-CGA079M11-TGG,7991,42,306,ENABLED
4G-GCD041M-TGG,4G-GCD041M11-TGG,7992,228,288,ENABLED
4G-CLA084M-TGG,4G-CLA084M11-TGG,7993,216,378,ENABLED
4G-CBE103M-TGG,4G-CBE103M11-TGG,7993,384,36,ENABLED
4G-CTH115M-TGG,4G-CTH115M11-TGG,7991,435,522,ENABLED
4G-CTH037M-TGG,4G-CTH037M11-TGG,7993,156,378,ENABLED
4G-HCL077M-TGG,4G-HCL077M11-TGG,7993,183,54,ENABLED
4G-HCL067M-TGG,4G-HCL067M11-TGG,7993,390,486,ENABLED
4G-CGA082M-TGG,4G-CGA082M11-TGG,7992,249,306,ENABLED
4G-HCL080M-TGG,4G-HCL080M11-TGG,7993,249,432,ENABLED
4G-GCD063M-TGG,4G-GCD063M11-TGG,7992,306,414,ENABLED
4G-GCT058M-TGG,4G-GCT058M11-TGG,7992,171,72,ENABLED
4G-GCO020M-TGG,4G-GCO020M11-TGG,7992,285,468,ENABLED
4G-CLA092M-TGG,4G-CLA092M11-TGG,7993,63,468,ENABLED
4G-CGA083M-TGG,4G-CGA083M11-TGG,7992,330,360,ENABLED
4G-CBE108M-TGG,4G-CBE108M11-TGG,7993,219,594,ENABLED
4G-CBE028M-TGG,4G-CBE028M11-TGG,7993,164,462,ENABLED
4G-TPH019M-TGG,4G-TPH019M11-TGG,7993,376,408,ENABLED
4G-CBE027M-TGG,4G-CBE027M11-TGG,7993,334,642,ENABLED
4G-CGA075M-TGG,4G-CGA075M11-TGG,7992,147,90,ENABLED
4G-TPH062M-TGG,4G-TPH062M11-TGG,7993,321,342,ENABLED
4G-CTH108M-TGG,4G-CTH108M11-TGG,7993,204,612,ENABLED
4G-HCL076M-TGG,4G-HCL076M11-TGG,7993,258,594,ENABLED
4G-CBE107M-TGG,4G-CBE107M11-TGG,7993,21,360,ENABLED
4G-CBE052M-TGG,4G-CBE052M11-TGG,7993,84,432,ENABLED
4G-GCD062M-TGG,4G-GCD062M11-TGG,7992,120,198,ENABLED
4G-HCL018M-TGG,4G-HCL018M11-TGG,7993,88,84,ENABLED
4G-GCD037M-TGG,4G-GCD037M11-TGG,7992,429,360,ENABLED
4G-HCL066M-TGG,4G-HCL066M11-TGG,7993,138,630,ENABLED
UL_MTH059M_TGG,4G-MTH059M11-TGG,7991,330,360,ENABLED
4G-TPH011M-TGG,4G-TPH011M11-TGG,7993,129,606,ENABLED
4G-CTH021M-TGG,4G-CTH021M11-TGG,7991,273,108,ENABLED
4G-CLA085M-TGG,4G-CLA085M11-TGG,7993,192,0,ENABLED
4G-TPH063M-TGG,4G-TPH063M11-TGG,7993,444,576,ENABLED
4G-CLA089M-TGG,4G-CLA089M11-TGG,7993,207,540,ENABLED
UL_CGA046M_TGG,4G-CGA046M11-TGG,7992,225,126,ENABLED
UL_CBE041M_TGG,4G-CBE041M11-TGG,7993,207,66,ENABLED
4G-CTH110M-TGG,4G-CTH110M11-TGG,7993,186,630,ENABLED
4G-CTH114M-TGG,4G-CTH114M11-TGG,7991,354,630,ENABLED
4G-GCO005M-TGG,4G-GCO005M11-TGG,7992,143,144,ENABLED
4G-HCL068M-TGG,4G-HCL068M11-TGG,7993,129,90,ENABLED
4G-CGA077M-TGG,4G-CGA077M11-TGG,7991,441,486,ENABLED
4G-GCT061M-TGG,4G-GCT061M11-TGG,7992,60,270,ENABLED
4G-HCL082M-TGG,4G-HCL082M11-TGG,7993,48,72,ENABLED
4G-CBE060M-TGG,4G-CBE060M11-TGG,7993,282,288,ENABLED
4G-CTH005M-TGG,4G-CTH005M11-TGG,7993,324,414,ENABLED
4G-CTH113M-TGG,4G-CTH113M11-TGG,7991,195,18,ENABLED
4G-CGA084M-TGG,4G-CGA084M11-TGG,7992,198,270,ENABLED
4G-CLA086M-TGG,4G-CLA086M11-TGG,7993,318,36,ENABLED
4G-HCL072M-TGG,4G-HCL072M11-TGG,7993,150,270,ENABLED
4G-CBE105M-TGG,4G-CBE105M11-TGG,7993,405,18,ENABLED
4G-GCO021M-TGG,4G-GCO021M11-TGG,7992,347,630,ENABLED
4G-TPH007M-TGG,4G-TPH007M11-TGG,7993,364,12,ENABLED
4G-HCL029M-TGG,4G-HCL029M11-TGG,7993,246,612,ENABLED
UL_BCA106M_BDG,4G-BCA106M11-BDG,6661,372,474,ENABLED
UL_DTI096M_BDG,4G-DTI096M11-BDG,6665,27,540,ENABLED
UL_BTY079M_BDG,4G-BTY079M11-BDG,6661,309,90,ENABLED
UL_TAN087M_BDG,4G-TAN087M11-BDG,6663,222,276,ENABLED
UL_TDM188M_BDG,4G-TDM188M11-BDG,6663,302,642,ENABLED
UL_BTY022M_BDG,4G-BTY022M11-BDG,6666,111,504,ENABLED
4G-BBA119M-BDG,4G-BBA119M11-BDG,6665,264,594,ENABLED
UL_DAN082M_BDG,4G-DAN082M11-BDG,6604,264,516,ENABLED
UL_DAN015M_BDG,4G-DAN015M11-BDG,6604,138,222,ENABLED
UL_BCA009M_BDG,4G-BCA009M11-BDG,6661,63,546,ENABLED
UL_TAN046M_BDG,4G-TAN046M11-BDG,6663,228,618,ENABLED
UL_TUY222M_BDG,4G-TUY222M11-BDG,6661,408,336,ENABLED
UL_BCA051M_BDG,4G-BCA051M11-BDG,6661,24,570,ENABLED
4G-TDM245M-BDG,4G-TDM245M11-BDG,6660,81,384,ENABLED
UL_TAN152M_BDG,4G-TAN152M11-BDG,6663,90,582,ENABLED
UL_TAN021M_BDG,4G-TAN021M11-BDG,6663,192,318,ENABLED
UL_TAN151M_BDG,4G-TAN151M11-BDG,6663,227,174,ENABLED
4G-PGI120M-BDG,4G-PGI120M11-BDG,6665,375,78,ENABLED
UL_DAN007M_BDG,4G-DAN007M11-BDG,6604,171,144,ENABLED
4G-DAN197M-BDG,4G-DAN197M11-BDG,6604,69,396,ENABLED
UL_TUY230M_BDG,4G-TUY230M11-BDG,6666,315,168,ENABLED
UL_BTY080M_BDG,4G-BTY080M11-BDG,6666,72,588,ENABLED
4G-TUY265M-BDG,4G-TUY265M11-BDG,6666,171,396,ENABLED
UL_TDM058M_BDG,4G-TDM058M11-BDG,6663,120,150,ENABLED
UL_BTY013M_BDG,4G-BTY013M11-BDG,6666,405,420,ENABLED
4G-BBA120M-BDG,4G-BBA120M11-BDG,6665,258,102,ENABLED
UL_BCA068M_BDG,4G-BCA068M11-BDG,6661,159,486,ENABLED
UL_TDM010M_BDG,4G-TDM010M11-BDG,6663,9,24,ENABLED
UL_TAN127M_BDG,4G-TAN127M11-BDG,6663,96,630,ENABLED
UL_TAN062M_BDG,4G-TAN062M11-BDG,6663,0,282,ENABLED
4G-BBA121M-BDG,4G-BBA121M11-BDG,6661,330,498,ENABLED
UL_BBA012M_BDG,4G-BBA012M11-BDG,6665,75,498,ENABLED
UL_TAN014M_BDG,4G-TAN014M11-BDG,6663,264,462,ENABLED
4G-TUY266M-BDG,4G-TUY266M11-BDG,6666,132,18,ENABLED
4G-TDM238M-BDG,4G-TDM238M11-BDG,6660,111,588,ENABLED
UL_TAN047M_BDG,4G-TAN047M11-BDG,6604,426,144,ENABLED
UL_TUY030M_BDG,4G-TUY030M11-BDG,6666,366,330,ENABLED
UL_BTY078M_BDG,4G-BTY078M11-BDG,6666,381,486,ENABLED
UL_BTY040M_BDG,4G-BTY040M11-BDG,6666,261,564,ENABLED
4G-BBA118M-BDG,4G-BBA118M11-BDG,6665,210,312,ENABLED
UL_DTI097M_BDG,4G-DTI097M11-BDG,6665,57,354,ENABLED
UL_BTY030M_BDG,4G-BTY030M11-BDG,6661,96,540,ENABLED
UL_DAN025M_BDG,4G-DAN025M11-BDG,6604,18,348,ENABLED
UL_TAN004M_BDG,4G-TAN004M11-BDG,6604,270,582,ENABLED
UL_BCA189M_BDG,4G-BCA189M11-BDG,6661,111,360,ENABLED
UL_BCA114M_BDG,4G-BCA114M11-BDG,6661,342,402,ENABLED
4G-TUY288M-BDG,4G-TUY288M11-BDG,6666,66,426,ENABLED
4G-BCA327M-BDG,4G-BCA327M11-BDG,6661,141,456,ENABLED
UL_TDM196M_BDG,4G-TDM196M11-BDG,6660,69,150,ENABLED
UL_TAN150M_BDG,4G-TAN150M11-BDG,6663,353,294,ENABLED
4G-TDM246M-BDG,4G-TDM246M11-BDG,6660,366,624,ENABLED
UL_TDM105M_BDG,4G-TDM105M11-BDG,6660,93,618,ENABLED
UL_DAN131M_BDG,4G-DAN131M11-BDG,6604,378,210,ENABLED
4G-PGI103M-BDG,4G-PGI103M11-BDG,6665,87,270,ENABLED
4G-TUY291M-BDG,4G-TUY291M11-BDG,6666,114,384,ENABLED
UL_BCA008M_BDG,4G-BCA008M11-BDG,6661,60,330,ENABLED
UL_BCA219M_BDG,4G-BCA219M11-BDG,6661,243,480,ENABLED
4G-PGI099M-BDG,4G-PGI099M11-BDG,6665,381,180,ENABLED
4G-BCA304M-BDG,4G-BCA304M11-BDG,6661,336,120,ENABLED
UL_BCA267M_BDG,4G-BCA267M11-BDG,6661,300,0,ENABLED
UL_BTY020M_BDG,4G-BTY020M11-BDG,6661,66,462,ENABLED
4G-BCA321M-BDG,4G-BCA321M11-BDG,6661,21,30,ENABLED
UL_TDM107M_BDG,4G-TDM107M11-BDG,6660,357,372,ENABLED
UL_TAN116M_BDG,4G-TAN116M11-BDG,6663,21,426,ENABLED
UL_DAN013M_BDG,4G-DAN013M11-BDG,6604,192,342,ENABLED
UL_BTY015M_BDG,4G-BTY015M11-BDG,6666,288,618,ENABLED
UL_BCA041M_BDG,4G-BCA041M11-BDG,6661,138,114,ENABLED
UL_TDM157M_BDG,4G-TDM157M11-BDG,6660,120,282,ENABLED
UL_TUY185M_BDG,4G-TUY185M11-BDG,6666,249,60,ENABLED
4G-BCA325M-BDG,4G-BCA325M11-BDG,6661,90,594,ENABLED
4G-PGI114M-BDG,4G-PGI114M11-BDG,6665,60,144,ENABLED
UL_DAN079M_BDG,4G-DAN079M11-BDG,6604,45,270,ENABLED
UL_BCA199M_BDG,4G-BCA199M11-BDG,6661,456,666,ENABLED
4G-BCA328M-BDG,4G-BCA328M11-BDG,6661,444,636,ENABLED
4G-PGI101M-BDG,4G-PGI101M11-BDG,6666,21,546,ENABLED
UL_TDM216M_BDG,4G-TDM216M11-BDG,6660,135,204,ENABLED
UL_BTY057M_BDG,4G-BTY057M11-BDG,6666,246,342,ENABLED
UL_BTY061M_BDG,4G-BTY061M11-BDG,6661,199,150,ENABLED
4G-DAN198M-BDG,4G-DAN198M11-BDG,6604,294,582,ENABLED
4G-TAN202M-BDG,4G-TAN202M11-BDG,6663,201,6,ENABLED
4G-BCA324M-BDG,4G-BCA324M11-BDG,6661,21,126,ENABLED
UL_TAN153M_BDG,4G-TAN153M11-BDG,6663,27,192,ENABLED
UL_BBA061M_BDG,4G-BBA061M11-BDG,6665,429,390,ENABLED
UL_PGI031M_BDG,4G-PGI031M11-BDG,6665,420,132,ENABLED
UL_BCA078M_BDG,4G-BCA078M11-BDG,6661,345,282,ENABLED
UL_DAN134M_BDG,4G-DAN134M11-BDG,6604,91,168,ENABLED
UL_TUY221M_BDG,4G-TUY221M11-BDG,6666,303,288,ENABLED
UL_TUY227M_BDG,4G-TUY227M11-BDG,6666,207,600,ENABLED
UL_TDM072M_BDG,4G-TDM072M11-BDG,6663,189,336,ENABLED
UL_TAN113M_BDG,4G-TAN113M11-BDG,6604,75,102,ENABLED
4G-TAN209M-BDG,4G-TAN209M11-BDG,6663,141,372,ENABLED
UL_TUY186M_BDG,4G-TUY186M11-BDG,6666,161,636,ENABLED
UL_BTY018M_BDG,4G-BTY018M11-BDG,6666,72,114,ENABLED
UL_BBA024M_BDG,4G-BBA024M11-BDG,6665,84,84,ENABLED
UL_TDM137M_BDG,4G-TDM137M11-BDG,6660,120,282,ENABLED
4G-TUY285M-BDG,4G-TUY285M11-BDG,6666,297,552,ENABLED
4G-PGI104M-BDG,4G-PGI104M11-BDG,6665,204,366,ENABLED
UL_DAN130M_BDG,4G-DAN130M11-BDG,6604,111,618,ENABLED
UL_DAN006M_BDG,4G-DAN006M11-BDG,6604,303,282,ENABLED
UL_TUY182M_BDG,4G-TUY182M11-BDG,6666,270,168,ENABLED
UL_BCA221M_BDG,4G-BCA221M11-BDG,6661,429,636,ENABLED
UL_BTY008M_BDG,4G-BTY008M11-BDG,6661,180,210,ENABLED
4G-TUY289M-BDG,4G-TUY289M11-BDG,6666,249,408,ENABLED
4G-TUY292M-BDG,4G-TUY292M11-BDG,6666,441,456,ENABLED
4G-TUY262M-BDG,4G-TUY262M11-BDG,6666,234,462,ENABLED
UL_TUY018M_BDG,4G-TUY018M11-BDG,6666,282,30,ENABLED
4G-BCA308M-BDG,4G-BCA308M11-BDG,6661,171,312,ENABLED
UL_BBA034M_BDG,4G-BBA034M11-BDG,6661,150,456,ENABLED
UL_TDM092M_BDG,4G-TDM092M11-BDG,6663,24,6,ENABLED
UL_TDM079M_BDG,4G-TDM079M11-BDG,6660,174,378,ENABLED
UL_TDM036M_BDG,4G-TDM036M11-BDG,6663,39,192,ENABLED
UL_TDM197M_BDG,4G-TDM197M11-BDG,6660,273,600,ENABLED
UL_BCA065M_BDG,4G-BCA065M11-BDG,6661,168,384,ENABLED
4G-TAN206M-BDG,4G-TAN206M11-BDG,6663,150,198,ENABLED
4G-TUY272M-BDG,4G-TUY272M11-BDG,6666,39,96,ENABLED
4G-DAN195M-BDG,4G-DAN195M11-BDG,6604,336,270,ENABLED
UL_DAN062M_BDG,4G-DAN062M11-BDG,6604,417,66,ENABLED
UL_TDM187M_BDG,4G-TDM187M11-BDG,6663,423,300,ENABLED
UL_TUY038M_BDG,4G-TUY038M11-BDG,6666,411,636,ENABLED
UL_TAN058M_BDG,4G-TAN058M11-BDG,6604,27,306,ENABLED
UL_BBA025M_BDG,4G-BBA025M11-BDG,6665,330,534,ENABLED
4G-TUY270M-BDG,4G-TUY270M11-BDG,6666,243,474,ENABLED
UL_DAN133M_BDG,4G-DAN133M11-BDG,6604,75,18,ENABLED
4G-TDM249M-BDG,4G-TDM249M11-BDG,6660,252,138,ENABLED
4G-TUY269M-BDG,4G-TUY269M11-BDG,6660,96,168,ENABLED
UL_TUY187M_BDG,4G-TUY187M11-BDG,6666,90,312,ENABLED
UL_TAN172M_BDG,4G-TAN172M11-BDG,6604,30,36,ENABLED
UL_BBA075M_BDG,4G-BBA075M11-BDG,6665,258,492,ENABLED
4G-BCA306M-BDG,4G-BCA306M11-BDG,6661,303,456,ENABLED
UL_TAN147M_BDG,4G-TAN147M11-BDG,6604,280,18,ENABLED
4G-TDM242M-BDG,4G-TDM242M11-BDG,6660,15,582,ENABLED
4G-TAN213M-BDG,4G-TAN213M11-BDG,6663,267,90,ENABLED
4G-TAN204M-BDG,4G-TAN204M11-BDG,6663,351,72,ENABLED
4G-TUY286M-BDG,4G-TUY286M11-BDG,6666,75,348,ENABLED
4G-BTY100M-BDG,4G-BTY100M11-BDG,6666,48,78,ENABLED
4G-BTY094M-BDG,4G-BTY094M11-BDG,6665,441,30,ENABLED
UL_BBA033M_BDG,4G-BBA033M11-BDG,6661,354,48,ENABLED
UL_TUY195M_BDG,4G-TUY195M11-BDG,6666,300,564,ENABLED
4G-DTI124M-BDG,4G-DTI124M11-BDG,6665,63,24,ENABLED
UL_TDM193M_BDG,4G-TDM193M11-BDG,6660,246,114,ENABLED
UL_BTY009M_BDG,4G-BTY009M11-BDG,6666,132,36,ENABLED
UL_BCA215M_BDG,4G-BCA215M11-BDG,6661,252,576,ENABLED
4G-PGI115M-BDG,4G-PGI115M11-BDG,6665,402,54,ENABLED
4G-BCA323M-BDG,4G-BCA323M11-BDG,6661,231,246,ENABLED
UL_BCA109M_BDG,4G-BCA109M11-BDG,6661,411,318,ENABLED
UL_DAN027M_BDG,4G-DAN027M11-BDG,6604,24,528,ENABLED
UL_BCA081M_BDG,4G-BCA081M11-BDG,6661,375,366,ENABLED
4G-BCA299M-BDG,4G-BCA299M11-BDG,6661,54,342,ENABLED
UL_DAN036M_BDG,4G-DAN036M11-BDG,6604,150,396,ENABLED
UL_BCA072M_BDG,4G-BCA072M11-BDG,6661,363,30,ENABLED
UL_BTY042M_BDG,4G-BTY042M11-BDG,6661,225,258,ENABLED
UL_TUY083M_BDG,4G-TUY083M11-BDG,6666,312,24,ENABLED
4G-PGI100M-BDG,4G-PGI100M11-BDG,6665,351,642,ENABLED
4G-TUY294M-BDG,4G-TUY294M11-BDG,6666,378,594,ENABLED
UL_TUY016M_BDG,4G-TUY016M11-BDG,6666,396,342,ENABLED
UL_BCA185M_BDG,4G-BCA185M11-BDG,6660,150,618,ENABLED
UL_TUY039M_BDG,4G-TUY039M11-BDG,6666,414,636,ENABLED
UL_BCA184M_BDG,4G-BCA184M11-BDG,6661,435,444,ENABLED
4G-DTI115M-BDG,4G-DTI115M11-BDG,6665,30,24,ENABLED
4G-BTY095M-BDG,4G-BTY095M11-BDG,6666,69,108,ENABLED
4G-TUY268M-BDG,4G-TUY268M11-BDG,6666,165,510,ENABLED
4G-BTY093M-BDG,4G-BTY093M11-BDG,6665,447,348,ENABLED
4G-BCA305M-BDG,4G-BCA305M11-BDG,6660,219,150,ENABLED
UL_DAN045M_BDG,4G-DAN045M11-BDG,6604,306,156,ENABLED
UL_TAN009M_BDG,4G-TAN009M11-BDG,6604,213,588,ENABLED
UL_PGI041M_BDG,4G-PGI041M11-BDG,6665,426,612,ENABLED
UL_BBA007M_BDG,4G-BBA007M11-BDG,6661,108,294,DISABLED
UL_TUY170M_BDG,4G-TUY170M11-BDG,6666,348,264,ENABLED
4G-TUY271M-BDG,4G-TUY271M11-BDG,6660,225,450,ENABLED
4G-BBA108M-BDG,4G-BBA108M11-BDG,6665,33,582,ENABLED
4G-TDM248M-BDG,4G-TDM248M11-BDG,6663,408,132,ENABLED
UL_TAN024M_BDG,4G-TAN024M11-BDG,6663,273,144,ENABLED
UL_TUY075M_BDG,4G-TUY075M11-BDG,6666,210,564,ENABLED
UL_DAN148M_BDG,4G-DAN148M11-BDG,6604,210,492,ENABLED
UL_TAN173M_BDG,4G-TAN173M11-BDG,6604,318,630,ENABLED
UL_TUY040M_BDG,4G-TUY040M11-BDG,6666,255,108,ENABLED
4G-BCA322M-BDG,4G-BCA322M11-BDG,6661,285,96,ENABLED
4G-DTI125M-BDG,4G-DTI125M11-BDG,6665,207,144,ENABLED
4G-DAN199M-BDG,4G-DAN199M11-BDG,6604,63,36,ENABLED
UL_TAN050M_BDG,4G-TAN050M11-BDG,6604,267,162,ENABLED
4G-DTI037M-BDG,4G-DTI037M11-BDG,6665,138,300,ENABLED
UL_TUY050M_BDG,4G-TUY050M11-BDG,6666,57,78,ENABLED
UL_TUY163M_BDG,4G-TUY163M11-BDG,6666,162,348,ENABLED
4G-DAN206M-BDG,4G-DAN206M11-BDG,6604,300,150,ENABLED
4G-TUY261M-BDG,4G-TUY261M11-BDG,6666,210,540,ENABLED
4G-TUY263M-BDG,4G-TUY263M11-BDG,6666,69,132,ENABLED
UL_BBA015M_BDG,4G-BBA015M11-BDG,6665,210,372,ENABLED
UL_BTY025M_BDG,4G-BTY025M11-BDG,6666,24,474,ENABLED
UL_DAN053M_BDG,4G-DAN053M11-BDG,6604,363,102,ENABLED
UL_TDM191M_BDG,4G-TDM191M11-BDG,6660,411,60,ENABLED
4G-TDM241M-BDG,4G-TDM241M11-BDG,6660,276,612,ENABLED
4G-TAN205M-BDG,4G-TAN205M11-BDG,6663,315,294,ENABLED
UL_BTY007M_BDG,4G-BTY007M11-BDG,6666,114,426,ENABLED
UL_TAN042M_BDG,4G-TAN042M11-BDG,6604,54,270,ENABLED
4G-BCA330M-BDG,4G-BCA330M11-BDG,6660,174,600,ENABLED
UL_BCA257M_BDG,4G-BCA257M11-BDG,6661,150,324,ENABLED
4G-TUY284M-BDG,4G-TUY284M11-BDG,6661,156,174,ENABLED
UL_BCA070M_BDG,4G-BCA070M11-BDG,6660,285,582,ENABLED
4G-BBA122M-BDG,4G-BBA122M11-BDG,6666,36,570,ENABLED
4G-TUY267M-BDG,4G-TUY267M11-BDG,6666,24,0,ENABLED
UL_BBA085M_BDG,4G-BBA085M11-BDG,6665,405,318,ENABLED
UL_TUY212M_BDG,4G-TUY212M11-BDG,6666,111,654,ENABLED
UL_BBA023M_BDG,4G-BBA023M11-BDG,6665,105,90,ENABLED
UL_TUY140M_BDG,4G-TUY140M11-BDG,6661,165,192,ENABLED
4G-DAN201M-BDG,4G-DAN201M11-BDG,6663,390,522,ENABLED
UL_BCA108M_BDG,4G-BCA108M11-BDG,6661,444,120,ENABLED
UL_BTY036M_BDG,4G-BTY036M11-BDG,6666,207,552,ENABLED
UL_DAN135M_BDG,4G-DAN135M11-BDG,6604,270,360,ENABLED
4G-DAN208M-BDG,4G-DAN208M11-BDG,6604,231,366,ENABLED
UL_TUY197M_BDG,4G-TUY197M11-BDG,6666,168,642,ENABLED
UL_BCA086M_BDG,4G-BCA086M11-BDG,6661,195,180,ENABLED
4G-BBA109M-BDG,4G-BBA109M11-BDG,6665,102,156,ENABLED
UL_TDM182M_BDG,4G-TDM182M11-BDG,6660,450,666,ENABLED
UL_TDM015M_BDG,4G-TDM015M11-BDG,6663,336,444,ENABLED
UL_TUY118M_BDG,4G-TUY118M11-BDG,6666,318,156,ENABLED
UL_TDM018M_BDG,4G-TDM018M11-BDG,6660,288,600,ENABLED
4G-TUY260M-BDG,4G-TUY260M11-BDG,6666,264,0,ENABLED
UL_TDM081M_BDG,4G-TDM081M11-BDG,6663,444,594,ENABLED
UL_TAN148M_BDG,4G-TAN148M11-BDG,6663,27,612,ENABLED
UL_BTY023M_BDG,4G-BTY023M11-BDG,6666,108,366,ENABLED
UL_TAN007M_BDG,4G-TAN007M11-BDG,6663,441,432,ENABLED
UL_TDM041M_BDG,4G-TDM041M11-BDG,6660,348,516,ENABLED
4G-BBA106M-BDG,4G-BBA106M11-BDG,6661,69,504,ENABLED
4G-BCA303M-BDG,4G-BCA303M11-BDG,6661,87,234,ENABLED
UL_TUY184M_BDG,4G-TUY184M11-BDG,6666,330,528,ENABLED
UL_DAN132M_BDG,4G-DAN132M11-BDG,6604,201,24,ENABLED
UL_DAN165M_BDG,4G-DAN165M11-BDG,6604,246,450,ENABLED
UL_TDM189M_BDG,4G-TDM189M11-BDG,6663,285,426,ENABLED
4G-TUY264M-BDG,4G-TUY264M11-BDG,6666,309,54,ENABLED
4G-BBA102M-BDG,4G-BBA102M11-BDG,6665,120,186,ENABLED
UL_TDM195M_BDG,4G-TDM195M11-BDG,6660,234,96,ENABLED
UL_TDM192M_BDG,4G-TDM192M11-BDG,6663,246,366,ENABLED
4G-BTY097M-BDG,4G-BTY097M11-BDG,6666,279,576,ENABLED
UL_TUY046M_BDG,4G-TUY046M11-BDG,6661,135,306,ENABLED
4G-BCA326M-BDG,4G-BCA326M11-BDG,6661,222,540,ENABLED
UL_TAN121M_BDG,4G-TAN121M11-BDG,6663,120,414,ENABLED
UL_TDM217M_BDG,4G-TDM217M11-BDG,6660,309,606,ENABLED
UL_TUY003M_BDG,4G-TUY003M11-BDG,6666,183,462,ENABLED
UL_TAN096M_BDG,4G-TAN096M11-BDG,6663,177,78,ENABLED
4G-PGI102M-BDG,4G-PGI102M11-BDG,6665,252,444,ENABLED
4G-TUY290M-BDG,4G-TUY290M11-BDG,6666,144,564,ENABLED
UL_PGI062M_BDG,4G-PGI062M11-BDG,6665,432,216,ENABLED
4G-TUY287M-BDG,4G-TUY287M11-BDG,6661,357,108,ENABLED
UL_BCA027M_BDG,4G-BCA027M11-BDG,6661,240,12,ENABLED
UL_TUY174M_BDG,4G-TUY174M11-BDG,6666,357,540,ENABLED
UL_BCA040M_BDG,4G-BCA040M11-BDG,6661,414,582,ENABLED
UL_TUY076M_BDG,4G-TUY076M11-BDG,6666,372,414,ENABLED
4G-LVU055M-DTP,4G-LVU055M11-DTP,7111,420,36,ENABLED
4G-SDE024M-DTP,4G-SDE024M11-DTP,7111,336,270,ENABLED
4G-SDE041M-DTP,4G-SDE041M11-DTP,7111,303,72,ENABLED
4G-TBI019M-DTP,4G-TBI019M11-DTP,7112,108,198,ENABLED
4G-CLA081M-DTP,4G-CLA081M11-DTP,7111,444,144,ENABLED
4G-CLA080M-DTP,4G-CLA080M11-DTP,7111,342,522,ENABLED
4G-CTH049M-DTP,4G-CTH049M11-DTP,7111,234,180,ENABLED
4G-HNG022M-DTP,4G-HNG022M11-DTP,7112,318,396,ENABLED
4G-LVU054M-DTP,4G-LVU054M11-DTP,7111,267,306,ENABLED
4G-LVO062M-DTP,4G-LVO062M11-DTP,7111,375,486,ENABLED
4G-LVO064M-DTP,4G-LVO064M11-DTP,7111,351,594,ENABLED
4G-TNO040M-DTP,4G-TNO040M11-DTP,7112,300,108,ENABLED
4G-HHN043M-DTP,4G-HHN043M11-DTP,7112,396,612,ENABLED
UL_HHN013M_DTP,4G-HHN013M11-DTP,7112,303,270,ENABLED
4G-THO018M-DTP,4G-THO018M11-DTP,7112,18,72,ENABLED
UL_TMU017M_DTP,4G-TMU017M11-DTP,7112,234,594,ENABLED
4G-LVO065M-DTP,4G-LVO065M11-DTP,7111,393,36,ENABLED
4G-TNO024M-DTP,4G-TNO024M11-DTP,7112,75,162,ENABLED
4G-LVU057M-DTP,4G-LVU057M11-DTP,7111,222,378,ENABLED
UL_SDE030M_DTP,4G-SDE030M11-DTP,7111,162,396,ENABLED
UL_HCL008M_DTP,4G-HCL008M11-DTP,7112,315,54,ENABLED
UL_HCL051M_DTP,4G-HCL051M11-DTP,7111,145,132,ENABLED
4G-THU029M-LAN,4G-THU029M11-LAN,7550,54,594,ENABLED
UL_DHO159M_LAN,4G-DHO159M11-LAN,7549,210,540,ENABLED
4G-TTH036M-LAN,4G-TTH036M11-LAN,7550,78,450,ENABLED
4G-TTH019M-LAN,4G-TTH019M11-LAN,7550,304,186,ENABLED
4G-CDU064M-LAN,4G-CDU064M11-LAN,7511,243,504,ENABLED
4G-BLU112M-LAN,4G-BLU112M11-LAN,7549,183,180,ENABLED
4G-DHO169M-LAN,4G-DHO169M11-LAN,7549,237,306,ENABLED
4G-TTH003M-LAN,4G-TTH003M11-LAN,7550,75,468,ENABLED
4G-MHO036M-LAN,4G-MHO036M11-LAN,7550,315,594,ENABLED
UL_DHO054M_LAN,4G-DHO054M11-LAN,7549,108,450,ENABLED
SR_TAN032M_LAN,4G-TAN032M11-LAN,7510,426,330,ENABLED
4G-TTU057M-LAN,4G-TTU057M11-LAN,7510,309,630,ENABLED
4G-CGI037M-LAN,4G-CGI037M11-LAN,7511,27,144,ENABLED
4G-DHO170M-LAN,4G-DHO170M11-LAN,7549,39,288,ENABLED
4G-VHU008M-LAN,4G-VHU008M11-LAN,7550,28,252,ENABLED
4G-VHU026M-LAN,4G-VHU026M11-LAN,7550,282,324,ENABLED
4G-TAN092M-LAN,4G-TAN092M11-LAN,7510,246,252,ENABLED
4G-TTH021M-LAN,4G-TTH021M11-LAN,7550,138,468,ENABLED
4G-TAN089M-LAN,4G-TAN089M11-LAN,7510,324,450,ENABLED
4G-TTU055M-LAN,4G-TTU055M11-LAN,7549,60,198,ENABLED
UL_CDU022M_LAN,4G-CDU022M11-LAN,7511,9,36,ENABLED
4G-KTU009M-LAN,4G-KTU009M11-LAN,7550,409,264,ENABLED
4G-THO047M-LAN,4G-THO047M11-LAN,7550,318,306,ENABLED
4G-TTR006M-LAN,4G-TTR006M11-LAN,7511,411,420,ENABLED
4G-TTH026M-LAN,4G-TTH026M11-LAN,7550,102,612,ENABLED
4G-TAN090M-LAN,4G-TAN090M11-LAN,7510,207,540,ENABLED
4G-THO045M-LAN,4G-THO045M11-LAN,7550,381,504,ENABLED
4G-DHU023M-LAN,4G-DHU023M11-LAN,7549,149,552,ENABLED
4G-CTH007M-LAN,4G-CTH007M11-LAN,7511,246,132,ENABLED
UL_TTU053M_LAN,4G-TTU053M11-LAN,7510,57,450,ENABLED
4G-CGI005M-LAN,4G-CGI005M11-LAN,7511,309,234,ENABLED
4G-THO040M-LAN,4G-THO040M11-LAN,7550,384,576,ENABLED
4G-CTH031M-LAN,4G-CTH031M11-LAN,7511,231,630,ENABLED
4G-BLU109M-LAN,4G-BLU109M11-LAN,7549,207,0,ENABLED
4G-CGI072M-LAN,4G-CGI072M11-LAN,7511,432,54,ENABLED
4G-THU027M-LAN,4G-THU027M11-LAN,7550,438,522,ENABLED
4G-TTH034M-LAN,4G-TTH034M11-LAN,7550,447,198,ENABLED
UL_DHU036M_LAN,4G-DHU036M11-LAN,7549,168,396,ENABLED
4G-THO044M-LAN,4G-THO044M11-LAN,7550,339,594,ENABLED
4G-CGI076M-LAN,4G-CGI076M11-LAN,7511,159,108,ENABLED
4G-TTH014M-LAN,4G-TTH014M11-LAN,7550,70,240,ENABLED
4G-TTH013M-LAN,4G-TTH013M11-LAN,7550,63,126,ENABLED
4G-CGI002M-LAN,4G-CGI002M11-LAN,7511,342,522,ENABLED
4G-DHO167M-LAN,4G-DHO167M11-LAN,7549,36,234,ENABLED
4G-THO048M-LAN,4G-THO048M11-LAN,7550,399,378,ENABLED
4G-THO015M-LAN,4G-THO015M11-LAN,7550,226,552,ENABLED
UL_BLU104M_LAN,4G-BLU104M11-LAN,7549,261,396,ENABLED
UL_DHO148M_LAN,4G-DHO148M11-LAN,7549,66,450,ENABLED
UL_DHO044M_LAN,4G-DHO044M11-LAN,7549,342,252,ENABLED
4G-THO014M-LAN,4G-THO014M11-LAN,7550,0,144,ENABLED
4G-VHU027M-LAN,4G-VHU027M11-LAN,7550,228,270,ENABLED
4G-BLU113M-LAN,4G-BLU113M11-LAN,7549,414,162,ENABLED
4G-CDU046M-LAN,4G-CDU046M11-LAN,7511,87,36,ENABLED
4G-THO041M-LAN,4G-THO041M11-LAN,7550,285,558,ENABLED
4G-DHU004M-LAN,4G-DHU004M11-LAN,7549,228,0,ENABLED
UL_DHO158M_LAN,4G-DHO158M11-LAN,7549,96,54,ENABLED
4G-TTH004M-LAN,4G-TTH004M11-LAN,7550,99,360,ENABLED
4G-VHU007M-LAN,4G-VHU007M11-LAN,7550,302,540,ENABLED
4G-KTU001M-LAN,4G-KTU001M11-LAN,7550,251,366,ENABLED
4G-TTR010M-LAN,4G-TTR010M11-LAN,7511,276,6,ENABLED
4G-CDU013M-LAN,4G-CDU013M11-LAN,7511,192,90,ENABLED
4G-CDU003M-LAN,4G-CDU003M11-LAN,7511,389,306,ENABLED
UL_DHO037M_LAN,4G-DHO037M11-LAN,7549,248,36,ENABLED
4G-THO001M-LAN,4G-THO001M11-LAN,7550,190,282,ENABLED
4G-BLU041M-LAN,4G-BLU041M11-LAN,7549,126,450,ENABLED
4G-DHO163M-LAN,4G-DHO163M11-LAN,7549,240,594,ENABLED
4G-CTH001M-LAN,4G-CTH001M11-LAN,7511,201,0,ENABLED
4G-TAN091M-LAN,4G-TAN091M11-LAN,7510,267,198,ENABLED
UL_TTU054M_LAN,4G-TTU054M11-LAN,7510,306,558,ENABLED
4G-TTH027M-LAN,4G-TTH027M11-LAN,7550,180,594,ENABLED
4G-CTH011M-LAN,4G-CTH011M11-LAN,7511,306,582,ENABLED
4G-CDU036M-LAN,4G-CDU036M11-LAN,7511,390,36,ENABLED
4G-KTU031M-LAN,4G-KTU031M11-LAN,7550,375,288,ENABLED
UL_MHO025M_LAN,4G-MHO025M11-LAN,7550,144,18,ENABLED
4G-THO008M-LAN,4G-THO008M11-LAN,7550,166,348,ENABLED
4G-DHU019M-LAN,4G-DHU019M11-LAN,7549,126,180,ENABLED
4G-THO042M-LAN,4G-THO042M11-LAN,7550,258,396,ENABLED
4G-TTH007M-LAN,4G-TTH007M11-LAN,7550,426,306,ENABLED
4G-DHU003M-LAN,4G-DHU003M11-LAN,7549,35,264,ENABLED
UL_TTU001M_LAN,4G-TTU001M11-LAN,7549,18,600,ENABLED
UL_TTH022M_LAN,4G-TTH022M11-LAN,7550,172,384,ENABLED
4G-DHO166M-LAN,4G-DHO166M11-LAN,7549,432,144,ENABLED
4G-DHU044M-LAN,4G-DHU044M11-LAN,7549,42,558,ENABLED
4G-TTH033M-LAN,4G-TTH033M11-LAN,7550,399,126,ENABLED
4G-KTU006M-LAN,4G-KTU006M11-LAN,7550,424,192,ENABLED
4G-THU025M-LAN,4G-THU025M11-LAN,7550,219,306,ENABLED
4G-TTR012M-LAN,4G-TTR012M11-LAN,7511,380,492,ENABLED
4G-TTH006M-LAN,4G-TTH006M11-LAN,7550,96,654,ENABLED
4G-CGI025M-LAN,4G-CGI025M11-LAN,7511,118,612,ENABLED
4G-TTH023M-LAN,4G-TTH023M11-LAN,7550,177,54,ENABLED
4G-KTU029M-LAN,4G-KTU029M11-LAN,7550,243,594,ENABLED
4G-CDU019M-LAN,4G-CDU019M11-LAN,7511,441,342,ENABLED
4G-TTR026M-LAN,4G-TTR026M11-LAN,7511,153,216,ENABLED
4G-BLU004M-LAN,4G-BLU004M11-LAN,7549,240,522,ENABLED
4G-DHU043M-LAN,4G-DHU043M11-LAN,7549,111,270,DISABLED
4G-BLU110M-LAN,4G-BLU110M11-LAN,7510,300,54,ENABLED
4G-DHO164M-LAN,4G-DHO164M11-LAN,7549,261,216,ENABLED
UL_TTU025M_LAN,4G-TTU025M11-LAN,7510,54,384,ENABLED
UL_DHO015M_LAN,4G-DHO015M11-LAN,7549,410,306,ENABLED
UL_BLU015M_LAN,4G-BLU015M11-LAN,7549,257,648,ENABLED
4G-TTH005M-LAN,4G-TTH005M11-LAN,7550,417,540,ENABLED
4G-TTR025M-LAN,4G-TTR025M11-LAN,7511,360,288,ENABLED
UL_DHU041M_LAN,4G-DHU041M11-LAN,7549,366,414,ENABLED
4G-DHO008M-LAN,4G-DHO008M11-LAN,7549,156,618,ENABLED
4G-TTR001M-LAN,4G-TTR001M11-LAN,7511,279,438,ENABLED
4G-TTH009M-LAN,4G-TTH009M11-LAN,7550,19,90,ENABLED
4G-DHO172M-LAN,4G-DHO172M11-LAN,7549,384,0,ENABLED
4G-DHU005M-LAN,4G-DHU005M11-LAN,7549,99,486,ENABLED
4G-CGI017M-LAN,4G-CGI017M11-LAN,7511,417,414,ENABLED
UL_BLU024M_LAN,4G-BLU024M11-LAN,7549,23,540,ENABLED
4G-CGI001M-LAN,4G-CGI001M11-LAN,7511,318,486,ENABLED
UL_CDU023M_LAN,4G-CDU023M11-LAN,7510,30,594,ENABLED
4G-TTR008M-LAN,4G-TTR008M11-LAN,7511,371,174,ENABLED
SR_BLU021M_LAN,4G-BLU021M11-LAN,7510,159,348,ENABLED
4G-CGI011M-LAN,4G-CGI011M11-LAN,7511,444,630,ENABLED
4G-DHO171M-LAN,4G-DHO171M11-LAN,7549,417,162,ENABLED
4G-TTH025M-LAN,4G-TTH025M11-LAN,7550,370,444,ENABLED
4G-VHU028M-LAN,4G-VHU028M11-LAN,7550,381,612,ENABLED
4G-DHO168M-LAN,4G-DHO168M11-LAN,7549,345,432,ENABLED
4G-BLU111M-LAN,4G-BLU111M11-LAN,7510,222,162,ENABLED
4G-CTH006M-LAN,4G-CTH006M11-LAN,7511,179,600,ENABLED
4G-TTH035M-LAN,4G-TTH035M11-LAN,7550,135,540,ENABLED
4G-DHO165M-LAN,4G-DHO165M11-LAN,7549,216,252,ENABLED
4G-BLU108M-LAN,4G-BLU108M11-LAN,7510,327,288,ENABLED
4G-TTR005M-LAN,4G-TTR005M11-LAN,7511,72,240,ENABLED
4G-KTU013M-LAN,4G-KTU013M11-LAN,7550,175,102,ENABLED
4G-THO046M-LAN,4G-THO046M11-LAN,7550,222,144,ENABLED
4G-CGI077M-LAN,4G-CGI077M11-LAN,7511,249,576,ENABLED
4G-TTH012M-LAN,4G-TTH012M11-LAN,7550,175,336,ENABLED
UL_DHO012M_LAN,4G-DHO012M11-LAN,7549,167,504,ENABLED
4G-CGI014M-LAN,4G-CGI014M11-LAN,7511,435,558,ENABLED
4G-MHO035M-LAN,4G-MHO035M11-LAN,7550,270,396,ENABLED
4G-THU028M-LAN,4G-THU028M11-LAN,7550,162,234,ENABLED
4G-DHU042M-LAN,4G-DHU042M11-LAN,7549,57,144,DISABLED
SL-NKI104M-CTO,4G-NKI104M11-CTO,6220,441,162,ENABLED
SL-CRA078M-CTO,4G-CRA078M11-CTO,6220,219,396,ENABLED
SL-CRA079M-CTO,4G-CRA079M11-CTO,6220,321,180,ENABLED
SL-CDO059M-CTO,4G-CDO059M11-CTO,6211,186,450,ENABLED
SL-CRA080M-CTO,4G-CRA080M11-CTO,6220,201,0,ENABLED
SL-CRA077M-CTO,4G-CRA077M11-CTO,6220,165,594,ENABLED
SL-TVI045M-TVH,4G-TVI045M11-TVH,8006,90,288,ENABLED
LN-CNG043M-TVH,4G-CNG043M11-TVH,8052,246,108,ENABLED
SL-TVI044M-TVH,4G-TVI044M11-TVH,8006,150,378,ENABLED
SL-TVI046M-TVH,4G-TVI046M11-TVH,8006,0,504,ENABLED
LN-HDH025M-TVH,4G-HDH025M11-TVH,8052,273,414,ENABLED
SL-TVI043M-TVH,4G-TVI043M11-TVH,8006,309,108,ENABLED
LN-CKE043M-TVH,4G-CKE043M11-TVH,8054,282,324,ENABLED
LN-CLO058M-TVH,4G-CLO058M11-TVH,8052,168,162,ENABLED
LN-CNG042M-TVH,4G-CNG042M11-TVH,8052,174,90,ENABLED
LN-HDH026M-TVH,4G-HDH026M11-TVH,8052,444,396,ENABLED
LN-CLO051M-TVH,4G-CLO051M11-TVH,8052,60,18,ENABLED
LN-CNG040M-TVH,4G-CNG040M11-TVH,8052,78,396,ENABLED
LN-CLO057M-TVH,4G-CLO057M11-TVH,8052,201,342,ENABLED
SL-TVI017M-TVH,4G-TVI017M11-TVH,8006,103,540,ENABLED
LN-CKE039M-TVH,4G-CKE039M11-TVH,8054,210,288,ENABLED
SL-TVI033M-TVH,4G-TVI033M11-TVH,8006,165,306,ENABLED
LN-TCU048M-TVH,4G-TCU048M11-TVH,8054,105,342,ENABLED
LN-DHA041M-TVH,4G-DHA041M11-TVH,8052,267,342,ENABLED
LN-CKE042M-TVH,4G-CKE042M11-TVH,8054,381,144,ENABLED
LN-TCU047M-TVH,4G-TCU047M11-TVH,8054,261,0,ENABLED
LN-CLO054M-TVH,4G-CLO054M11-TVH,8052,63,504,ENABLED
SL-TVI036M-TVH,4G-TVI036M11-TVH,8006,388,432,ENABLED
LN-CLO052M-TVH,4G-CLO052M11-TVH,8052,411,594,ENABLED
LN-CNG037M-TVH,4G-CNG037M11-TVH,8052,84,216,ENABLED
LN-CLO055M-TVH,4G-CLO055M11-TVH,8052,231,360,ENABLED
LN-DHA040M-TVH,4G-DHA040M11-TVH,8052,351,594,ENABLED
LN-CNG038M-TVH,4G-CNG038M11-TVH,8052,411,126,ENABLED
LN-CNG041M-TVH,4G-CNG041M11-TVH,8052,348,540,ENABLED
LN-TCU049M-TVH,4G-TCU049M11-TVH,8054,387,522,ENABLED
LN-TCA042M-TVH,4G-TCA042M11-TVH,8054,129,324,ENABLED
LN-CKE040M-TVH,4G-CKE040M11-TVH,8054,189,414,ENABLED
LN-CLO056M-TVH,4G-CLO056M11-TVH,8052,21,270,ENABLED
LN-CLO053M-TVH,4G-CLO053M11-TVH,8052,228,36,ENABLED
SL-TVI037M-TVH,4G-TVI037M11-TVH,8006,193,558,ENABLED
SL-CTH060M-TVH,4G-CTH060M11-TVH,8052,27,306,ENABLED
SL-TPH011M-BTE,4G-TPH011M11-BTE,6556,250,378,ENABLED
LN-TPH035M-BTE,4G-TPH035M11-BTE,6556,412,348,ENABLED
LN-BTI001M-BTE,4G-BTI001M11-BTE,6556,15,468,ENABLED
LN-GTR046M-BTE,4G-GTR046M11-BTE,6551,135,576,ENABLED
SL-CTH066M-BTE,4G-CTH066M11-BTE,6551,255,0,ENABLED
SL-CTH071M-BTE,4G-CTH071M11-BTE,6551,264,558,ENABLED
SL-TPH061M-BTE,4G-TPH061M11-BTE,6556,33,594,ENABLED
SL-BTI063M-BTE,4G-BTI063M11-BTE,6556,171,18,ENABLED
SL-BDA043M-BTE,4G-BDA043M11-BTE,6556,168,342,ENABLED
SL-CTH062M-BTE,4G-CTH062M11-BTE,6551,414,306,ENABLED
SL-BDA059M-BTE,4G-BDA059M11-BTE,6556,357,36,ENABLED
SL-TPH029M-BTE,4G-TPH029M11-BTE,6556,48,72,ENABLED
SL-MCB037M-BTE,4G-MCB037M11-BTE,6551,282,54,ENABLED
SL-TPH042M-BTE,4G-TPH042M11-BTE,6556,150,108,ENABLED
LN-BDA016M-BTE,4G-BDA016M11-BTE,6556,6,108,ENABLED
LN-CLA026M-BTE,4G-CLA026M11-BTE,6551,211,534,ENABLED
SL-BDA022M-BTE,4G-BDA022M11-BTE,6556,284,252,ENABLED
SL-CTH063M-BTE,4G-CTH063M11-BTE,6551,234,90,ENABLED
SL-BDA009M-BTE,4G-BDA009M11-BTE,6556,186,18,ENABLED
SL-MCN045M-BTE,4G-MCN045M11-BTE,6551,66,612,ENABLED
SL-BDA051M-BTE,4G-BDA051M11-BTE,6556,132,558,ENABLED
SL-CTH064M-BTE,4G-CTH064M11-BTE,6551,114,360,ENABLED
SL-GTR028M-BTE,4G-GTR028M11-BTE,6551,149,60,ENABLED
SL-CTH073M-BTE,4G-CTH073M11-BTE,6551,0,36,ENABLED
SL-MCN044M-BTE,4G-MCN044M11-BTE,6551,423,108,ENABLED
LN-BDA005M-BTE,4G-BDA005M11-BTE,6556,99,360,ENABLED
LN-BDA024M-BTE,4G-BDA024M11-BTE,6556,417,612,ENABLED
SL-MCB036M-BTE,4G-MCB036M11-BTE,6551,96,468,ENABLED
SL-CLA041M-BTE,4G-CLA041M11-BTE,6551,156,198,ENABLED
SL-BDA063M-BTE,4G-BDA063M11-BTE,6556,255,396,ENABLED
SL-BDA032M-BTE,4G-BDA032M11-BTE,6556,92,78,ENABLED
SL-TPH010M-BTE,4G-TPH010M11-BTE,6556,246,18,ENABLED
SL-TPH057M-BTE,4G-TPH057M11-BTE,6556,156,198,ENABLED
LN-GTR047M-BTE,4G-GTR047M11-BTE,6551,409,330,ENABLED
SL-BTR087M-BTE,4G-BTR087M11-BTE,6551,426,270,ENABLED
LN-CLA019M-BTE,4G-CLA019M11-BTE,6551,367,228,ENABLED
SL-CTH065M-BTE,4G-CTH065M11-BTE,6551,330,270,ENABLED
SL-GTR004M-BTE,4G-GTR004M11-BTE,6551,270,462,ENABLED
SL-TPH060M-BTE,4G-TPH060M11-BTE,6556,147,414,ENABLED
SL-CLA042M-BTE,4G-CLA042M11-BTE,6551,345,144,ENABLED
LN-BDA021M-BTE,4G-BDA021M11-BTE,6556,53,600,ENABLED
SL-TON040M-VLG,4G-TON040M11-VLG,8111,416,444,ENABLED
SL-TBI015M-VLG,4G-TBI015M11-VLG,8153,337,444,ENABLED
LN-MTH029M-VLG,4G-MTH029M11-VLG,8111,217,642,ENABLED
SL-TBI046M-VLG,4G-TBI046M11-VLG,8153,438,234,ENABLED
SL-BTA038M-VLG,4G-BTA038M11-VLG,8153,333,522,ENABLED
SL-VLI050M-VLG,4G-VLI050M11-VLG,8111,162,576,ENABLED
SL-LHO072M-VLG,4G-LHO072M11-VLG,8153,339,414,ENABLED
SL-TON049M-VLG,4G-TON049M11-VLG,8111,195,468,ENABLED
SL-TON018M-VLG,4G-TON018M11-VLG,8111,36,612,ENABLED
SL-BMI036M-VLG,4G-BMI036M11-VLG,8153,309,378,ENABLED
LN-VLI001M-VLG,4G-VLI001M11-VLG,8111,226,354,ENABLED
SL-BTA013M-VLG,4G-BTA013M11-VLG,8153,84,558,ENABLED
SL-LHO074M-VLG,4G-LHO074M11-VLG,8153,399,468,ENABLED
SL-VLO065M-VLG,4G-VLO065M11-VLG,8118,45,36,ENABLED
SL-MTH037M-VLG,4G-MTH037M11-VLG,8111,186,162,ENABLED
SL-TBI049M-VLG,4G-TBI049M11-VLG,8153,417,306,ENABLED
SL-TON009M-VLG,4G-TON009M11-VLG,8111,264,558,ENABLED
SL-VLI048M-VLG,4G-VLI048M11-VLG,8153,309,450,ENABLED
SL-MTH044M-VLG,4G-MTH044M11-VLG,8111,222,108,ENABLED
SL-TBI030M-VLG,4G-TBI030M11-VLG,8153,164,228,ENABLED
SL-TON050M-VLG,4G-TON050M11-VLG,8111,237,126,ENABLED
SL-TON031M-VLG,4G-TON031M11-VLG,8111,261,360,ENABLED
SL-VLI051M-VLG,4G-VLI051M11-VLG,8111,438,72,ENABLED
SL-TON015M-VLG,4G-TON015M11-VLG,8153,128,408,ENABLED
SL-LHO063M-VLG,4G-LHO063M11-VLG,8153,393,126,ENABLED
SL-TON028M-VLG,4G-TON028M11-VLG,8111,285,144,ENABLED
SL-BTA029M-VLG,4G-BTA029M11-VLG,8153,276,54,ENABLED
LN-MTH035M-VLG,4G-MTH035M11-VLG,8111,111,270,ENABLED
LN-TON044M-VLG,4G-TON044M11-VLG,8153,57,486,ENABLED
SL-TON051M-VLG,4G-TON051M11-VLG,8111,204,558,ENABLED
SL-VLI049M-VLG,4G-VLI049M11-VLG,8111,360,288,ENABLED
SL-TON048M-VLG,4G-TON048M11-VLG,8111,327,594,ENABLED
SL-TBI051M-VLG,4G-TBI051M11-VLG,8153,378,144,ENABLED
SL-MTH001M-VLG,4G-MTH001M11-VLG,8111,249,180,ENABLED
SL-TON033M-VLG,4G-TON033M11-VLG,8111,351,522,ENABLED
SL-TON036M-VLG,4G-TON036M11-VLG,8111,180,360,ENABLED
SL-LHO076M-VLG,4G-LHO076M11-VLG,8153,342,342,ENABLED
LN-MTH015M-VLG,4G-MTH015M11-VLG,8111,259,516,ENABLED
SL-TON007M-VLG,4G-TON007M11-VLG,8111,438,162,ENABLED
SL-CLA061M-TGG,4G-CLA061M11-TGG,7993,171,522,ENABLED
SL-KSA008M-STG,4G-KSA008M11-STG,7715,3,420,ENABLED
LN-KSA037M-STG,4G-KSA037M11-STG,7715,222,642,ENABLED
SL-KSA020M-STG,4G-KSA020M11-STG,7715,33,414,ENABLED
SL-KSA036M-STG,4G-KSA036M11-STG,7715,234,156,ENABLED
SL-KSA025M-STG,4G-KSA025M11-STG,7715,435,174,ENABLED
SL-KSA002M-STG,4G-KSA002M11-STG,7715,12,444,ENABLED
SL-KSA018M-STG,4G-KSA018M11-STG,7715,384,132,ENABLED
SL-KSA026M-STG,4G-KSA026M11-STG,7715,39,210,ENABLED
SL-HNG069M-DTP,4G-HNG069M11-DTP,7112,126,378,ENABLED
SL-HHN042M-DTP,4G-HHN042M11-DTP,7112,348,216,ENABLED
SL-HHN025M-DTP,4G-HHN025M11-DTP,7112,321,558,ENABLED
SL-CLA082M-DTP,4G-CLA082M11-DTP,7111,327,594,ENABLED
SL-TBI007M-DTP,4G-TBI007M11-DTP,7112,192,378,ENABLED
SL-HNG026M-DTP,4G-HNG026M11-DTP,7112,369,378,ENABLED
SL-CTH004M-DTP,4G-CTH004M11-DTP,7111,229,540,ENABLED
SL-TBI047M-DTP,4G-TBI047M11-DTP,7112,69,324,ENABLED
SL-THO047M-DTP,4G-THO047M11-DTP,7112,357,576,ENABLED
SL-HCL065M-DTP,4G-HCL065M11-DTP,7111,159,144,ENABLED
SL-HNG068M-DTP,4G-HNG068M11-DTP,7112,78,576,ENABLED
SL-HNG065M-DTP,4G-HNG065M11-DTP,7112,93,168,ENABLED
SL-CLA083M-DTP,4G-CLA083M11-DTP,7111,129,612,ENABLED
SL-TNO036M-DTP,4G-TNO036M11-DTP,7112,267,72,ENABLED
SL-TMU062M-DTP,4G-TMU062M11-DTP,7112,360,270,ENABLED
SL-LVO061M-DTP,4G-LVO061M11-DTP,7111,366,414,ENABLED
SL-TNO038M-DTP,4G-TNO038M11-DTP,7112,171,378,ENABLED
SL-HCL013M-DTP,4G-HCL013M11-DTP,7111,369,432,ENABLED
SL-HNG067M-DTP,4G-HNG067M11-DTP,7112,315,504,ENABLED
SL-LVO066M-DTP,4G-LVO066M11-DTP,7111,36,414,ENABLED
SL-TCH028M-AGG,4G-TCH028M11-AGG,6336,339,576,ENABLED
SL-CPH065M-AGG,4G-CPH065M11-AGG,6336,18,18,ENABLED
SL-CMO069M-AGG,4G-CMO069M11-AGG,6309,336,630,ENABLED
SL-TCH047M-AGG,4G-TCH047M11-AGG,6336,165,468,ENABLED
SL-CMO067M-AGG,4G-CMO067M11-AGG,6307,84,198,ENABLED
SL-LXU068M-AGG,4G-LXU068M11-AGG,6309,198,540,ENABLED
SL-CPH064M-AGG,4G-CPH064M11-AGG,6336,261,90,ENABLED
SL-LXU072M-AGG,4G-LXU072M11-AGG,6309,201,0,ENABLED
SL-CMO068M-AGG,4G-CMO068M11-AGG,6309,273,396,ENABLED
SL-CPH062M-AGG,4G-CPH062M11-AGG,6336,312,144,ENABLED
SL-CPH066M-AGG,4G-CPH066M11-AGG,6336,222,198,ENABLED
SL-CDO042M-AGG,4G-CDO042M11-AGG,6336,378,576,ENABLED
4G-NKI137M-CTO,4G-NKI137M11-CTO,6222,75,198,ENABLED
4G-BTH031M-CTO,4G-BTH031M11-CTO,6222,351,450,ENABLED
4G-NKI158M-CTO,4G-NKI158M11-CTO,6220,36,252,ENABLED
4G-CRA027M-CTO,4G-CRA027M11-CTO,6220,186,522,ENABLED
4G-OMO003M-CTO,4G-OMO003M11-CTO,6222,279,54,ENABLED
4G-NKI101M-CTO,4G-NKI101M11-CTO,6220,144,90,ENABLED
4G-CRA024M-CTO,4G-CRA024M11-CTO,6220,372,156,ENABLED
4G-CRA011M-CTO,4G-CRA011M11-CTO,6220,369,552,ENABLED
4G-BTH010M-CTO,4G-BTH010M11-CTO,6222,169,180,ENABLED
4G-OMO015M-CTO,4G-OMO015M11-CTO,6211,203,138,ENABLED
4G-OMO004M-CTO,4G-OMO004M11-CTO,6222,65,102,ENABLED
4G-CRA035M-CTO,4G-CRA035M11-CTO,6220,381,576,ENABLED
4G-TNO027M-CTO,4G-TNO027M11-CTO,6211,440,318,ENABLED
4G-NKI044M-CTO,4G-NKI044M11-CTO,6220,321,612,ENABLED
4G-BTH027M-CTO,4G-BTH027M11-CTO,6222,3,198,ENABLED
4G-BTH017M-CTO,4G-BTH017M11-CTO,6222,32,486,ENABLED
4G-BTH030M-CTO,4G-BTH030M11-CTO,6222,177,342,ENABLED
4G-NKI136M-CTO,4G-NKI136M11-CTO,6220,132,660,ENABLED
4G-TNO039M-CTO,4G-TNO039M11-CTO,6211,140,246,ENABLED
4G-TNO004M-CTO,4G-TNO004M11-CTO,6211,155,282,ENABLED
4G-CRA023M-CTO,4G-CRA023M11-CTO,6220,177,360,ENABLED
4G-TNO019M-CTO,4G-TNO019M11-CTO,6211,168,336,ENABLED
4G-BTH037M-CTO,4G-BTH037M11-CTO,6222,267,594,ENABLED
4G-TNO002M-CTO,4G-TNO002M11-CTO,6211,116,300,ENABLED
4G-CRA028M-CTO,4G-CRA028M11-CTO,6220,153,432,ENABLED
4G-OMO010M-CTO,4G-OMO010M11-CTO,6222,118,114,ENABLED
4G-CRA017M-CTO,4G-CRA017M11-CTO,6220,387,252,ENABLED
4G-BTH049M-CTO,4G-BTH049M11-CTO,6222,324,108,ENABLED
4G-CRA005M-CTO,4G-CRA005M11-CTO,6220,285,450,ENABLED
4G-BTH021M-CTO,4G-BTH021M11-CTO,6222,210,468,ENABLED
4G-NKI010M-CTO,4G-NKI010M11-CTO,6220,183,558,ENABLED
4G-TNO015M-CTO,4G-TNO015M11-CTO,6211,404,642,ENABLED
4G-NKI160M-CTO,4G-NKI160M11-CTO,6220,12,36,ENABLED
4G-CRA054M-CTO,4G-CRA054M11-CTO,6220,231,54,ENABLED
4G-TNO011M-CTO,4G-TNO011M11-CTO,6211,338,192,ENABLED
4G-OMO008M-CTO,4G-OMO008M11-CTO,6222,300,504,ENABLED
4G-NKI090M-CTO,4G-NKI090M11-CTO,6220,237,126,ENABLED
4G-CRA004M-CTO,4G-CRA004M11-CTO,6220,282,126,ENABLED
4G-BTH015M-CTO,4G-BTH015M11-CTO,6222,214,162,ENABLED
4G-PDI011M-CTO,4G-PDI011M11-CTO,6220,360,126,ENABLED
4G-OMO006M-CTO,4G-OMO006M11-CTO,6222,258,252,ENABLED
4G-TNO021M-CTO,4G-TNO021M11-CTO,6211,65,606,ENABLED
UL_BTH061M_CTO,4G-BTH061M11-CTO,6222,15,324,ENABLED
4G-CRA012M-CTO,4G-CRA012M11-CTO,6220,396,234,ENABLED
4G-NKI027M-CTO,4G-NKI027M11-CTO,6220,336,324,ENABLED
4G-CRA022M-CTO,4G-CRA022M11-CTO,6220,171,216,ENABLED
4G-NKI100M-CTO,4G-NKI100M11-CTO,6222,306,144,ENABLED
4G-BTH013M-CTO,4G-BTH013M11-CTO,6222,240,396,ENABLED
UL_BHO288M_DNI,4G-BHO288M11-DNI,7068,444,348,ENABLED
UL_NTR076M_DNI,4G-NTR076M11-DNI,7058,378,426,ENABLED
UL_BHO235M_DNI,4G-BHO235M11-DNI,7013,447,630,ENABLED
UL_BHO126M_DNI,4G-BHO126M11-DNI,7021,303,336,ENABLED
4G-BHO135M-DNI,4G-BHO135M11-DNI,7048,141,414,ENABLED
UL_BHO286M_DNI,4G-BHO286M11-DNI,7015,414,312,ENABLED
UL_BHO158M_DNI,4G-BHO158M11-DNI,7013,195,270,ENABLED
4G-LHO032M-VLG,4G-LHO032M11-VLG,8153,43,642,ENABLED
4G-LHO061M-VLG,4G-LHO061M11-VLG,8153,246,216,ENABLED
4G-LHO048M-VLG,4G-LHO048M11-VLG,8153,391,102,ENABLED
4G-LHO020M-VLG,4G-LHO020M11-VLG,8153,274,444,ENABLED
4G-MTH028M-VLG,4G-MTH028M11-VLG,8111,115,30,ENABLED
4G-BTA028M-VLG,4G-BTA028M11-VLG,8153,117,300,ENABLED
4G-BMI021M-VLG,4G-BMI021M11-VLG,8153,120,306,ENABLED
4G-LHO036M-VLG,4G-LHO036M11-VLG,8153,181,534,ENABLED
4G-LHO011M-VLG,4G-LHO011M11-VLG,8153,193,228,ENABLED
4G-LHO007M-VLG,4G-LHO007M11-VLG,8153,358,282,ENABLED
4G-TBI028M-VLG,4G-TBI028M11-VLG,8153,429,252,ENABLED
4G-TBI029M-VLG,4G-TBI029M11-VLG,8153,87,588,ENABLED
4G-BMI012M-VLG,4G-BMI012M11-VLG,8153,402,630,ENABLED
4G-MTH021M-VLG,4G-MTH021M11-VLG,8111,414,198,ENABLED
4G-VLO005M-VLG,4G-VLO005M11-VLG,8153,25,354,ENABLED
4G-LHO053M-VLG,4G-LHO053M11-VLG,8153,36,36,ENABLED
4G-LHO035M-VLG,4G-LHO035M11-VLG,8153,100,570,ENABLED
4G-LHO006M-VLG,4G-LHO006M11-VLG,8153,421,612,ENABLED
4G-MTH025M-VLG,4G-MTH025M11-VLG,8111,120,0,ENABLED
4G-TBI038M-VLG,4G-TBI038M11-VLG,8153,226,606,ENABLED
4G-MTH008M-VLG,4G-MTH008M11-VLG,8111,163,12,ENABLED
4G-LHO002M-VLG,4G-LHO002M11-VLG,8153,267,414,ENABLED
4G-LHO050M-VLG,4G-LHO050M11-VLG,8153,139,408,ENABLED
4G-TBI020M-VLG,4G-TBI020M11-VLG,8153,396,198,ENABLED
4G-LHO049M-VLG,4G-LHO049M11-VLG,8153,286,246,ENABLED
4G-TBI045M-VLG,4G-TBI045M11-VLG,8153,45,36,ENABLED
4G-LHO057M-VLG,4G-LHO057M11-VLG,8153,312,174,ENABLED
4G-BTA036M-VLG,4G-BTA036M11-VLG,8153,150,90,ENABLED
4G-LHO019M-VLG,4G-LHO019M11-VLG,8153,328,480,ENABLED
4G-VLO003M-VLG,4G-VLO003M11-VLG,8153,326,120,ENABLED
4G-LHO047M-VLG,4G-LHO047M11-VLG,8153,160,300,ENABLED
4G-LHO060M-VLG,4G-LHO060M11-VLG,8153,397,198,ENABLED
4G-LHO022M-VLG,4G-LHO022M11-VLG,8153,363,384,ENABLED
4G-LHO009M-VLG,4G-LHO009M11-VLG,8153,85,588,ENABLED
4G-MTH009M-VLG,4G-MTH009M11-VLG,8153,136,66,ENABLED
4G-MTH026M-VLG,4G-MTH026M11-VLG,8111,399,162,ENABLED
4G-BMI031M-VLG,4G-BMI031M11-VLG,8153,315,474,ENABLED
4G-TBI011M-VLG,4G-TBI011M11-VLG,8153,70,66,ENABLED
4G-LHO058M-VLG,4G-LHO058M11-VLG,8153,156,324,ENABLED
4G-LHO017M-VLG,4G-LHO017M11-VLG,8153,148,486,ENABLED
4G-LHO005M-VLG,4G-LHO005M11-VLG,8153,283,120,ENABLED
4G-TBI003M-VLG,4G-TBI003M11-VLG,8153,7,156,ENABLED
4G-MTH030M-VLG,4G-MTH030M11-VLG,8111,76,138,ENABLED
4G-LHO025M-VLG,4G-LHO025M11-VLG,8153,436,336,ENABLED
4G-MTH027M-VLG,4G-MTH027M11-VLG,8111,412,264,ENABLED
4G-LHO026M-VLG,4G-LHO026M11-VLG,8153,403,192,ENABLED
4G-MTH006M-VLG,4G-MTH006M11-VLG,8111,442,612,ENABLED
4G-BMI030M-VLG,4G-BMI030M11-VLG,8153,63,348,ENABLED
4G-LHO021M-VLG,4G-LHO021M11-VLG,8153,361,336,ENABLED
4G-LHO043M-VLG,4G-LHO043M11-VLG,8153,15,0,ENABLED
4G-TBI036M-VLG,4G-TBI036M11-VLG,8153,220,12,ENABLED
4G-LHO023M-VLG,4G-LHO023M11-VLG,8153,118,318,ENABLED
4G-MTH019M-VLG,4G-MTH019M11-VLG,8111,194,96,ENABLED
4G-LHO056M-VLG,4G-LHO056M11-VLG,8153,209,150,ENABLED
4G-VLO040M-VLG,4G-VLO040M11-VLG,8153,319,642,ENABLED
4G-TBI044M-VLG,4G-TBI044M11-VLG,8153,18,516,ENABLED
4G-LHO028M-VLG,4G-LHO028M11-VLG,8153,238,462,ENABLED
4G-CTH005M-TVH,4G-CTH005M11-TVH,8052,61,396,ENABLED
4G-CLO012M-TVH,4G-CLO012M11-TVH,8052,46,270,ENABLED
4G-TVI041M-TVH,4G-TVI041M11-TVH,8006,209,618,ENABLED
4G-CNG019M-TVH,4G-CNG019M11-TVH,8052,66,648,ENABLED
4G-CTH038M-TVH,4G-CTH038M11-TVH,8052,258,360,ENABLED
4G-CTH032M-TVH,4G-CTH032M11-TVH,8052,382,198,ENABLED
4G-CNG028M-TVH,4G-CNG028M11-TVH,8052,105,192,ENABLED
4G-CTH017M-TVH,4G-CTH017M11-TVH,8052,37,432,ENABLED
4G-CTH048M-TVH,4G-CTH048M11-TVH,8052,229,0,ENABLED
4G-CTH026M-TVH,4G-CTH026M11-TVH,8052,114,144,ENABLED
4G-CTH007M-TVH,4G-CTH007M11-TVH,8052,199,138,ENABLED
4G-CTH044M-TVH,4G-CTH044M11-TVH,8052,400,432,ENABLED
4G-CLO034M-TVH,4G-CLO034M11-TVH,8052,372,102,ENABLED
4G-CTH024M-TVH,4G-CTH024M11-TVH,8052,340,468,ENABLED
4G-CTH025M-TVH,4G-CTH025M11-TVH,8052,360,576,ENABLED
4G-CTH015M-TVH,4G-CTH015M11-TVH,8052,58,612,ENABLED
4G-CNG008M-TVH,4G-CNG008M11-TVH,8052,4,120,ENABLED
4G-CTH054M-TVH,4G-CTH054M11-TVH,8052,270,612,ENABLED
UL_CTH058M_TVH,4G-CTH058M11-TVH,8052,227,18,ENABLED
4G-CTH033M-TVH,4G-CTH033M11-TVH,8052,264,468,ENABLED
4G-CNG013M-TVH,4G-CNG013M11-TVH,8052,57,312,ENABLED
4G-CTH045M-TVH,4G-CTH045M11-TVH,8052,91,216,ENABLED
4G-CTH042M-TVH,4G-CTH042M11-TVH,8052,214,18,ENABLED
4G-CNG031M-TVH,4G-CNG031M11-TVH,8052,354,414,ENABLED
4G-CLO022M-TVH,4G-CLO022M11-TVH,8052,205,252,ENABLED
4G-CTH011M-TVH,4G-CTH011M11-TVH,8052,280,270,ENABLED
4G-CTH046M-TVH,4G-CTH046M11-TVH,8052,163,234,ENABLED
4G-CLO033M-TVH,4G-CLO033M11-TVH,8052,328,18,ENABLED
4G-CTH041M-TVH,4G-CTH041M11-TVH,8052,19,594,ENABLED
4G-CTH008M-TVH,4G-CTH008M11-TVH,8052,169,360,ENABLED
4G-CTH037M-TVH,4G-CTH037M11-TVH,8052,175,198,ENABLED
4G-CTH056M-TVH,4G-CTH056M11-TVH,8052,393,108,ENABLED
4G-CTH018M-TVH,4G-CTH018M11-TVH,8052,9,594,ENABLED
UL_TVI040M_TVH,4G-TVI040M11-TVH,8006,335,180,ENABLED
4G-CTH031M-TVH,4G-CTH031M11-TVH,8052,309,36,ENABLED
4G-VTA211M-VTU,4G-VTA211M11-VTU,8220,6,0,ENABLED
UL_VTA192M_VTU,4G-VTA192M11-VTU,8220,294,378,ENABLED
4G-CTH013M-BTE,4G-CTH013M11-BTE,6551,364,408,ENABLED
UL_BTR008M_BTE,4G-BTR008M11-BTE,6551,117,366,ENABLED
4G-CTH001M-BTE,4G-CTH001M11-BTE,6551,279,78,ENABLED
4G-CTH042M-BTE,4G-CTH042M11-BTE,6551,402,198,ENABLED
UL_CTH039M_BTE,4G-CTH039M11-BTE,6551,441,108,ENABLED
UL_MCB027M_BTE,4G-MCB027M11-BTE,6551,417,630,ENABLED
4G-MCB008M-BTE,4G-MCB008M11-BTE,6551,63,204,ENABLED
4G-MCB004M-BTE,4G-MCB004M11-BTE,6551,270,654,ENABLED
UL_MCB023M_BTE,4G-MCB023M11-BTE,6551,255,270,ENABLED
UL_CLA025M_BTE,4G-CLA025M11-BTE,6551,375,234,ENABLED
4G-CTH016M-BTE,4G-CTH016M11-BTE,6551,240,150,ENABLED
UL_BTR022M_BTE,4G-BTR022M11-BTE,6551,330,276,ENABLED
UL_BTR028M_BTE,4G-BTR028M11-BTE,6551,423,294,ENABLED
4G-MCB013M-BTE,4G-MCB013M11-BTE,6551,432,342,ENABLED
4G-BTR003M-BTE,4G-BTR003M11-BTE,6551,15,420,ENABLED
UL_BTR069M_BTE,4G-BTR069M11-BTE,6551,186,294,ENABLED
UL_BTR024M_BTE,4G-BTR024M11-BTE,6551,238,150,ENABLED
4G-CTH028M-BTE,4G-CTH028M11-BTE,6551,117,378,ENABLED
UL_MCB028M_BTE,4G-MCB028M11-BTE,6551,153,108,ENABLED
4G-CTH031M-BTE,4G-CTH031M11-BTE,6551,196,528,ENABLED
UL_BTR074M_BTE,4G-BTR074M11-BTE,6551,105,132,ENABLED
UL_CTH043M_BTE,4G-CTH043M11-BTE,6551,81,54,ENABLED
UL_MCB021M_BTE,4G-MCB021M11-BTE,6551,318,96,ENABLED
UL_BTR026M_BTE,4G-BTR026M11-BTE,6551,404,96,ENABLED
UL_CTH021M_BTE,4G-CTH021M11-BTE,6551,159,510,ENABLED
UL_BTR036M_BTE,4G-BTR036M11-BTE,6551,225,186,ENABLED
UL_MCB024M_BTE,4G-MCB024M11-BTE,6551,156,192,ENABLED
UL_MCB006M_BTE,4G-MCB006M11-BTE,6551,42,168,ENABLED
4G-CTH023M-BTE,4G-CTH023M11-BTE,6551,342,222,ENABLED
4G-MCN028M-BTE,4G-MCN028M11-BTE,6551,186,246,ENABLED
UL_MCB026M_BTE,4G-MCB026M11-BTE,6551,6,432,ENABLED
UL_BTR079M_BTE,4G-BTR079M11-BTE,6551,120,522,ENABLED
4G-CTH003M-BTE,4G-CTH003M11-BTE,6551,384,6,ENABLED
UL_MCB029M_BTE,4G-MCB029M11-BTE,6551,123,144,ENABLED
4G-CTH061M-BTE,4G-CTH061M11-BTE,6551,24,216,ENABLED
4G-MCB011M-BTE,4G-MCB011M11-BTE,6551,395,18,ENABLED
UL_MCB017M_BTE,4G-MCB017M11-BTE,6551,399,270,ENABLED
UL_MCB030M_BTE,4G-MCB030M11-BTE,6551,87,306,ENABLED
4G-CTH036M-BTE,4G-CTH036M11-BTE,6551,148,348,ENABLED
UL_CTH026M_BTE,4G-CTH026M11-BTE,6551,219,90,ENABLED
4G-BTR075M-BTE,4G-BTR075M11-BTE,6551,193,564,ENABLED
UL_MCB022M_BTE,4G-MCB022M11-BTE,6551,381,420,ENABLED
UL_MCB009M_BTE,4G-MCB009M11-BTE,6551,360,396,ENABLED
UL_CTH025M_BTE,4G-CTH025M11-BTE,6551,147,450,ENABLED
4G-BTR070M-BTE,4G-BTR070M11-BTE,6551,216,384,ENABLED
4G-CTH060M-BTE,4G-CTH060M11-BTE,6551,407,204,ENABLED
UL_CTH050M_BTE,4G-CTH050M11-BTE,6551,306,546,ENABLED
4G-MCB012M-BTE,4G-MCB012M11-BTE,6551,351,222,ENABLED
4G-CTH002M-BTE,4G-CTH002M11-BTE,6551,91,564,ENABLED
4G-MCN030M-BTE,4G-MCN030M11-BTE,6551,231,546,ENABLED
4G-MCB005M-BTE,4G-MCB005M11-BTE,6551,426,588,ENABLED
UL_MCB025M_BTE,4G-MCB025M11-BTE,6551,150,612,ENABLED
4G-BTR015M-BTE,4G-BTR015M11-BTE,6551,369,48,ENABLED
UL_MCB035M_BTE,4G-MCB035M11-BTE,6551,442,138,ENABLED
UL_BTR035M_BTE,4G-BTR035M11-BTE,6551,312,240,ENABLED
UL_BTR073M_BTE,4G-BTR073M11-BTE,6551,444,456,ENABLED
UL_CTH022M_BTE,4G-CTH022M11-BTE,6551,318,450,ENABLED
4G-MCB010M-BTE,4G-MCB010M11-BTE,6551,294,474,ENABLED
4G-GCO013M-TGG,4G-GCO013M11-TGG,7992,83,522,ENABLED
UL_TUY175M_BDG,4G-TUY175M11-BDG,6661,393,234,ENABLED
UL_TAN037M_BDG,4G-TAN037M11-BDG,6604,357,444,ENABLED
4G-TDM076M-BDG,4G-TDM076M11-BDG,6660,21,444,ENABLED
UL_TUY019M_BDG,4G-TUY019M11-BDG,6666,21,504,ENABLED
UL_TDM141M_BDG,4G-TDM141M11-BDG,6660,66,438,ENABLED
4G-DAN048M-BDG,4G-DAN048M11-BDG,6604,300,534,ENABLED
UL_BCA042M_BDG,4G-BCA042M11-BDG,6661,39,564,ENABLED
UL_BCA002M_BDG,4G-BCA002M11-BDG,6661,336,246,ENABLED
UL_BCA096M_BDG,4G-BCA096M11-BDG,6661,447,330,ENABLED
UL_BCA063M_BDG,4G-BCA063M11-BDG,6661,441,258,ENABLED
UL_TDM108M_BDG,4G-TDM108M11-BDG,6660,258,222,ENABLED
UL_TAN060M_BDG,4G-TAN060M11-BDG,6663,420,516,ENABLED
UL_TAN052M_BDG,4G-TAN052M11-BDG,6604,255,24,ENABLED
UL_TUY026M_BDG,4G-TUY026M11-BDG,6666,342,324,ENABLED
UL_TDM116M_BDG,4G-TDM116M11-BDG,6661,153,324,ENABLED
UL_BCA037M_BDG,4G-BCA037M11-BDG,6661,246,360,ENABLED
UL_TUY128M_BDG,4G-TUY128M11-BDG,6666,246,0,ENABLED
UL_TAN066M_BDG,4G-TAN066M11-BDG,6663,384,498,ENABLED
4G-THO021M-DTP,4G-THO021M11-DTP,7112,30,252,ENABLED
4G-CLA026M-DTP,4G-CLA026M11-DTP,7111,101,570,ENABLED
4G-HNG001M-DTP,4G-HNG001M11-DTP,7112,13,360,ENABLED
4G-LVU005M-DTP,4G-LVU005M11-DTP,7111,241,438,ENABLED
UL_CLA012M_DTP,4G-CLA012M11-DTP,7111,59,162,ENABLED
4G-TNO001M-DTP,4G-TNO001M11-DTP,7112,138,492,ENABLED
4G-HCL014M-DTP,4G-HCL014M11-DTP,7111,409,456,ENABLED
4G-THO025M-DTP,4G-THO025M11-DTP,7112,339,468,ENABLED
4G-HNG008M-DTP,4G-HNG008M11-DTP,7112,211,414,ENABLED
4G-TBI023M-DTP,4G-TBI023M11-DTP,7112,380,108,ENABLED
4G-THO013M-DTP,4G-THO013M11-DTP,7112,165,486,ENABLED
UL_CLA004M_DTP,4G-CLA004M11-DTP,7111,164,288,ENABLED
4G-HCL035M-DTP,4G-HCL035M11-DTP,7111,343,438,ENABLED
4G-TBI024M-DTP,4G-TBI024M11-DTP,7112,270,576,ENABLED
4G-LVO009M-DTP,4G-LVO009M11-DTP,7111,402,636,ENABLED
4G-HNG009M-DTP,4G-HNG009M11-DTP,7112,376,216,ENABLED
4G-CLA011M-DTP,4G-CLA011M11-DTP,7111,424,234,ENABLED
4G-HCL042M-DTP,4G-HCL042M11-DTP,7111,71,54,ENABLED
4G-LVO021M-DTP,4G-LVO021M11-DTP,7111,446,318,ENABLED
4G-THO022M-DTP,4G-THO022M11-DTP,7112,102,234,ENABLED
4G-TBI009M-DTP,4G-TBI009M11-DTP,7112,365,72,ENABLED
4G-THO009M-DTP,4G-THO009M11-DTP,7112,17,108,ENABLED
4G-TBI022M-DTP,4G-TBI022M11-DTP,7112,261,612,ENABLED
4G-CLA018M-DTP,4G-CLA018M11-DTP,7111,23,642,ENABLED
4G-THO010M-DTP,4G-THO010M11-DTP,7112,263,270,ENABLED
4G-TBI002M-DTP,4G-TBI002M11-DTP,7112,342,234,ENABLED
4G-CLA031M-DTP,4G-CLA031M11-DTP,7111,158,216,ENABLED
4G-SDE001M-DTP,4G-SDE001M11-DTP,7111,397,366,ENABLED
UL_CLA046M_DTP,4G-CLA046M11-DTP,7111,197,180,ENABLED
4G-THO017M-DTP,4G-THO017M11-DTP,7112,75,552,ENABLED
4G-SDE009M-DTP,4G-SDE009M11-DTP,7111,19,330,ENABLED
4G-LVU024M-DTP,4G-LVU024M11-DTP,7111,329,174,ENABLED
4G-SDE010M-DTP,4G-SDE010M11-DTP,7111,118,654,ENABLED
4G-TBI029M-DTP,4G-TBI029M11-DTP,7112,330,522,ENABLED
4G-LVU012M-DTP,4G-LVU012M11-DTP,7111,77,198,ENABLED
4G-TBI025M-DTP,4G-TBI025M11-DTP,7112,207,162,ENABLED
4G-CLA057M-DTP,4G-CLA057M11-DTP,7111,173,0,ENABLED
4G-THO006M-DTP,4G-THO006M11-DTP,7112,198,360,ENABLED
UL_TNO013M_DTP,4G-TNO013M11-DTP,7112,366,396,ENABLED
4G-CLA015M-DTP,4G-CLA015M11-DTP,7111,120,90,ENABLED
4G-SDE005M-DTP,4G-SDE005M11-DTP,7111,319,492,ENABLED
4G-HCL015M-DTP,4G-HCL015M11-DTP,7111,79,222,ENABLED
4G-LVO019M-DTP,4G-LVO019M11-DTP,7111,322,216,ENABLED
4G-THO023M-DTP,4G-THO023M11-DTP,7112,336,630,ENABLED
4G-TNO003M-DTP,4G-TNO003M11-DTP,7112,97,504,ENABLED
4G-HHN004M-DTP,4G-HHN004M11-DTP,7112,105,540,ENABLED
4G-HCL025M-DTP,4G-HCL025M11-DTP,7111,428,198,ENABLED
4G-CTH008M-DTP,4G-CTH008M11-DTP,7111,375,156,ENABLED
4G-HHN002M-DTP,4G-HHN002M11-DTP,7112,1,36,ENABLED
4G-TBI026M-DTP,4G-TBI026M11-DTP,7112,50,486,ENABLED
4G-LVO002M-DTP,4G-LVO002M11-DTP,7111,194,282,ENABLED
4G-TBI016M-DTP,4G-TBI016M11-DTP,7112,157,198,ENABLED
4G-HHN006M-DTP,4G-HHN006M11-DTP,7112,439,234,ENABLED
4G-CLA029M-DTP,4G-CLA029M11-DTP,7111,89,324,ENABLED
4G-THO003M-DTP,4G-THO003M11-DTP,7112,164,180,ENABLED
4G-HNG010M-DTP,4G-HNG010M11-DTP,7112,271,504,ENABLED
UL_CLA022M_DTP,4G-CLA022M11-DTP,7111,145,126,ENABLED
4G-SDE020M-DTP,4G-SDE020M11-DTP,7111,237,540,ENABLED
4G-SDE002M-DTP,4G-SDE002M11-DTP,7111,33,468,ENABLED
4G-CLA047M-DTP,4G-CLA047M11-DTP,7111,360,552,ENABLED
4G-LVO010M-DTP,4G-LVO010M11-DTP,7111,135,540,ENABLED
4G-THO011M-DTP,4G-THO011M11-DTP,7112,348,306,ENABLED
4G-LVO025M-DTP,4G-LVO025M11-DTP,7111,330,0,ENABLED
4G-HHN014M-DTP,4G-HHN014M11-DTP,7112,208,378,ENABLED
4G-CLA040M-DTP,4G-CLA040M11-DTP,7111,302,342,ENABLED
UL_DHO111M_LAN,4G-DHO111M11-LAN,7549,375,486,ENABLED
UL_CDU045M_LAN,4G-CDU045M11-LAN,7511,240,234,ENABLED
UL_BLU027M_LAN,4G-BLU027M11-LAN,7510,158,114,ENABLED
UL_BLU006M_LAN,4G-BLU006M11-LAN,7549,390,504,ENABLED
UL_CDU044M_LAN,4G-CDU044M11-LAN,7510,294,288,ENABLED
UL_DHU002M_LAN,4G-DHU002M11-LAN,7549,348,390,ENABLED
UL_BLU048M_LAN,4G-BLU048M11-LAN,7510,87,36,ENABLED
UL_BLU081M_LAN,4G-BLU081M11-LAN,7549,195,360,ENABLED
SL-TBO109M-DNI,4G-TBO109M11-DNI,7015,78,408,ENABLED
LN-TBO027M-DNI,4G-TBO027M11-DNI,7015,158,48,ENABLED
LN-NTR026M-DNI,4G-NTR026M11-DNI,7058,15,672,ENABLED
LN-SDE016M-DTP,4G-SDE016M11-DTP,7111,334,240,ENABLED
LN-SDE013M-DTP,4G-SDE013M11-DTP,7111,292,564,ENABLED
LN-CLA050M-DTP,4G-CLA050M11-DTP,7111,320,18,ENABLED
LN-CLA041M-DTP,4G-CLA041M11-DTP,7111,167,36,ENABLED
4G-NKI007M-CTO,4G-NKI007M12-CTO,6220,29,470,ENABLED
4G-NKI137M-CTO,4G-NKI137M12-CTO,6222,77,210,ENABLED
4G-BTH031M-CTO,4G-BTH031M12-CTO,6222,353,462,ENABLED
4G-BTH018M-CTO,4G-BTH018M12-CTO,6222,428,372,ENABLED
4G-NKI158M-CTO,4G-NKI158M12-CTO,6220,38,264,ENABLED
4G-CRA027M-CTO,4G-CRA027M12-CTO,6220,188,534,ENABLED
4G-OMO003M-CTO,4G-OMO003M12-CTO,6222,281,66,ENABLED
4G-NKI101M-CTO,4G-NKI101M12-CTO,6220,146,102,ENABLED
4G-CRA024M-CTO,4G-CRA024M12-CTO,6220,374,150,ENABLED
4G-CRA011M-CTO,4G-CRA011M12-CTO,6220,371,540,ENABLED
4G-BTH010M-CTO,4G-BTH010M12-CTO,6222,170,192,ENABLED
4G-OMO015M-CTO,4G-OMO015M12-CTO,6211,201,132,ENABLED
4G-OMO004M-CTO,4G-OMO004M12-CTO,6222,63,96,ENABLED
4G-CRA035M-CTO,4G-CRA035M12-CTO,6220,383,588,ENABLED
4G-TNO027M-CTO,4G-TNO027M12-CTO,6211,438,312,ENABLED
4G-NKI044M-CTO,4G-NKI044M12-CTO,6220,323,624,ENABLED
4G-BTH027M-CTO,4G-BTH027M12-CTO,6222,5,210,ENABLED
4G-BTH017M-CTO,4G-BTH017M12-CTO,6222,31,498,ENABLED
4G-BTH030M-CTO,4G-BTH030M12-CTO,6222,179,354,ENABLED
4G-NKI136M-CTO,4G-NKI136M12-CTO,6220,134,648,ENABLED
4G-TNO039M-CTO,4G-TNO039M12-CTO,6211,138,240,ENABLED
4G-TNO004M-CTO,4G-TNO004M12-CTO,6211,154,276,ENABLED
4G-CRA023M-CTO,4G-CRA023M12-CTO,6220,179,372,ENABLED
4G-TNO019M-CTO,4G-TNO019M12-CTO,6211,169,330,ENABLED
4G-BTH037M-CTO,4G-BTH037M12-CTO,6222,269,606,ENABLED
4G-TNO002M-CTO,4G-TNO002M12-CTO,6211,114,294,ENABLED
4G-CRA028M-CTO,4G-CRA028M12-CTO,6220,155,444,ENABLED
4G-OMO010M-CTO,4G-OMO010M12-CTO,6222,117,120,ENABLED
4G-CRA017M-CTO,4G-CRA017M12-CTO,6220,389,264,ENABLED
4G-BTH049M-CTO,4G-BTH049M12-CTO,6222,326,120,ENABLED
4G-CRA005M-CTO,4G-CRA005M12-CTO,6220,287,462,ENABLED
4G-BTH021M-CTO,4G-BTH021M12-CTO,6222,212,474,ENABLED
4G-NKI010M-CTO,4G-NKI010M12-CTO,6220,185,570,ENABLED
4G-TNO015M-CTO,4G-TNO015M12-CTO,6211,402,636,ENABLED
4G-NKI160M-CTO,4G-NKI160M12-CTO,6220,13,48,ENABLED
4G-TNO011M-CTO,4G-TNO011M12-CTO,6211,336,186,ENABLED
4G-OMO008M-CTO,4G-OMO008M12-CTO,6222,302,516,ENABLED
4G-NKI090M-CTO,4G-NKI090M12-CTO,6220,239,138,ENABLED
4G-CRA004M-CTO,4G-CRA004M12-CTO,6220,284,138,ENABLED
4G-BTH015M-CTO,4G-BTH015M12-CTO,6222,215,174,ENABLED
4G-PDI011M-CTO,4G-PDI011M12-CTO,6220,362,138,ENABLED
4G-OMO006M-CTO,4G-OMO006M12-CTO,6222,260,264,ENABLED
4G-TNO021M-CTO,4G-TNO021M12-CTO,6211,63,600,ENABLED
UL_BTH061M_CTO,4G-BTH061M12-CTO,6222,17,336,ENABLED
4G-CRA012M-CTO,4G-CRA012M12-CTO,6220,398,246,ENABLED
4G-NKI027M-CTO,4G-NKI027M12-CTO,6220,338,336,ENABLED
4G-CRA022M-CTO,4G-CRA022M12-CTO,6220,173,228,ENABLED
4G-NKI100M-CTO,4G-NKI100M12-CTO,6222,307,156,ENABLED
4G-BTH013M-CTO,4G-BTH013M12-CTO,6222,242,648,ENABLED
4G-BHO134M-DNI,4G-BHO134M12-DNI,7038,148,480,ENABLED
UL_BHO052M_DNI,4G-BHO052M12-DNI,7013,163,462,ENABLED
UL_BHO027M_DNI,4G-BHO027M12-DNI,7038,313,540,ENABLED
UL_BHO205M_DNI,4G-BHO205M12-DNI,7038,208,60,ENABLED
UL_NTR076M_DNI,4G-NTR076M12-DNI,7058,379,594,ENABLED
UL_BHO112M_DNI,4G-BHO112M12-DNI,7013,313,114,ENABLED
UL_BHO120M_DNI,4G-BHO120M12-DNI,7068,214,522,ENABLED
UL_BHO016M_DNI,4G-BHO016M12-DNI,7068,139,462,ENABLED
UL_BHO079M_DNI,4G-BHO079M12-DNI,7013,352,558,ENABLED
UL_BHO102M_DNI,4G-BHO102M12-DNI,7068,274,264,ENABLED
UL_BHO121M_DNI,4G-BHO121M12-DNI,7068,178,510,ENABLED
UL_NTR090M_DNI,4G-NTR090M12-DNI,7058,145,462,ENABLED
4G-LHO032M-VLG,4G-LHO032M12-VLG,8153,42,630,ENABLED
4G-LHO061M-VLG,4G-LHO061M12-VLG,8153,247,222,ENABLED
4G-LHO048M-VLG,4G-LHO048M12-VLG,8153,390,90,ENABLED
4G-LHO020M-VLG,4G-LHO020M12-VLG,8153,273,432,ENABLED
4G-MTH028M-VLG,4G-MTH028M12-VLG,8111,114,18,ENABLED
4G-BTA028M-VLG,4G-BTA028M12-VLG,8153,118,294,ENABLED
4G-BMI021M-VLG,4G-BMI021M12-VLG,8153,122,318,ENABLED
4G-LHO036M-VLG,4G-LHO036M12-VLG,8153,182,522,ENABLED
4G-LHO011M-VLG,4G-LHO011M12-VLG,8153,192,216,ENABLED
4G-LHO007M-VLG,4G-LHO007M12-VLG,8153,357,270,ENABLED
4G-TBI028M-VLG,4G-TBI028M12-VLG,8153,431,264,ENABLED
4G-TBI029M-VLG,4G-TBI029M12-VLG,8153,89,648,ENABLED
4G-BMI012M-VLG,4G-BMI012M12-VLG,8153,404,642,ENABLED
4G-MTH021M-VLG,4G-MTH021M12-VLG,8111,415,204,ENABLED
4G-VLO005M-VLG,4G-VLO005M12-VLG,8153,24,342,ENABLED
4G-LHO053M-VLG,4G-LHO053M12-VLG,8153,37,42,ENABLED
4G-LHO035M-VLG,4G-LHO035M12-VLG,8153,99,558,ENABLED
4G-LHO006M-VLG,4G-LHO006M12-VLG,8153,420,624,ENABLED
4G-MTH025M-VLG,4G-MTH025M12-VLG,8111,122,6,ENABLED
4G-TBI038M-VLG,4G-TBI038M12-VLG,8153,225,594,ENABLED
4G-MTH008M-VLG,4G-MTH008M12-VLG,8111,162,648,ENABLED
4G-LHO002M-VLG,4G-LHO002M12-VLG,8153,268,420,ENABLED
4G-LHO050M-VLG,4G-LHO050M12-VLG,8153,138,396,ENABLED
4G-TBI020M-VLG,4G-TBI020M12-VLG,8153,397,204,ENABLED
4G-LHO049M-VLG,4G-LHO049M12-VLG,8153,285,234,ENABLED
4G-TBI045M-VLG,4G-TBI045M12-VLG,8153,46,42,ENABLED
4G-LHO057M-VLG,4G-LHO057M12-VLG,8153,314,168,ENABLED
4G-BTA036M-VLG,4G-BTA036M12-VLG,8153,152,96,ENABLED
4G-LHO019M-VLG,4G-LHO019M12-VLG,8153,327,468,ENABLED
4G-VLO003M-VLG,4G-VLO003M12-VLG,8153,324,108,ENABLED
4G-LHO047M-VLG,4G-LHO047M12-VLG,8153,159,288,ENABLED
4G-LHO060M-VLG,4G-LHO060M12-VLG,8153,396,204,ENABLED
4G-LHO022M-VLG,4G-LHO022M12-VLG,8153,364,378,ENABLED
4G-LHO009M-VLG,4G-LHO009M12-VLG,8153,84,576,ENABLED
4G-MTH009M-VLG,4G-MTH009M12-VLG,8153,135,54,ENABLED
4G-MTH026M-VLG,4G-MTH026M12-VLG,8111,400,168,ENABLED
4G-BMI031M-VLG,4G-BMI031M12-VLG,8153,316,480,ENABLED
4G-TBI011M-VLG,4G-TBI011M12-VLG,8153,69,54,ENABLED
4G-LHO058M-VLG,4G-LHO058M12-VLG,8153,158,330,ENABLED
4G-LHO017M-VLG,4G-LHO017M12-VLG,8153,149,498,ENABLED
4G-LHO005M-VLG,4G-LHO005M12-VLG,8153,282,108,ENABLED
4G-TBI003M-VLG,4G-TBI003M12-VLG,8153,6,144,ENABLED
4G-MTH030M-VLG,4G-MTH030M12-VLG,8111,75,126,ENABLED
4G-LHO025M-VLG,4G-LHO025M12-VLG,8153,435,324,ENABLED
4G-MTH027M-VLG,4G-MTH027M12-VLG,8111,411,252,ENABLED
4G-LHO026M-VLG,4G-LHO026M12-VLG,8153,402,180,ENABLED
4G-MTH006M-VLG,4G-MTH006M12-VLG,8111,441,624,ENABLED
4G-BMI030M-VLG,4G-BMI030M12-VLG,8153,65,354,ENABLED
4G-LHO021M-VLG,4G-LHO021M12-VLG,8153,360,324,ENABLED
4G-LHO043M-VLG,4G-LHO043M12-VLG,8153,16,72,ENABLED
4G-TBI036M-VLG,4G-TBI036M12-VLG,8153,219,0,ENABLED
4G-LHO023M-VLG,4G-LHO023M12-VLG,8153,117,306,ENABLED
4G-MTH019M-VLG,4G-MTH019M12-VLG,8111,192,90,ENABLED
4G-LHO056M-VLG,4G-LHO056M12-VLG,8153,207,156,ENABLED
4G-VLO040M-VLG,4G-VLO040M12-VLG,8153,318,630,ENABLED
4G-TBI044M-VLG,4G-TBI044M12-VLG,8153,20,504,ENABLED
4G-LHO028M-VLG,4G-LHO028M12-VLG,8153,237,450,ENABLED
4G-CTH005M-TVH,4G-CTH005M12-TVH,8052,62,402,ENABLED
4G-CLO012M-TVH,4G-CLO012M12-TVH,8052,47,276,ENABLED
4G-TVI041M-TVH,4G-TVI041M12-TVH,8006,207,612,ENABLED
4G-CNG019M-TVH,4G-CNG019M12-TVH,8052,68,654,ENABLED
4G-CTH038M-TVH,4G-CTH038M12-TVH,8052,259,366,ENABLED
4G-CTH032M-TVH,4G-CTH032M12-TVH,8052,383,204,ENABLED
4G-CNG028M-TVH,4G-CNG028M12-TVH,8052,107,186,ENABLED
4G-CTH017M-TVH,4G-CTH017M12-TVH,8052,38,438,ENABLED
4G-CTH048M-TVH,4G-CTH048M12-TVH,8052,230,6,ENABLED
4G-CTH026M-TVH,4G-CTH026M12-TVH,8052,115,150,ENABLED
4G-CTH007M-TVH,4G-CTH007M12-TVH,8052,200,132,ENABLED
4G-CTH044M-TVH,4G-CTH044M12-TVH,8052,401,438,ENABLED
4G-CLO034M-TVH,4G-CLO034M12-TVH,8052,373,96,ENABLED
4G-CTH024M-TVH,4G-CTH024M12-TVH,8052,341,474,ENABLED
4G-CTH025M-TVH,4G-CTH025M12-TVH,8052,361,582,ENABLED
4G-CTH015M-TVH,4G-CTH015M12-TVH,8052,59,618,ENABLED
4G-CNG008M-TVH,4G-CNG008M12-TVH,8052,5,108,ENABLED
4G-CTH054M-TVH,4G-CTH054M12-TVH,8052,271,618,ENABLED
UL_CTH058M_TVH,4G-CTH058M12-TVH,8052,226,24,ENABLED
4G-CTH033M-TVH,4G-CTH033M12-TVH,8052,265,474,ENABLED
4G-CNG013M-TVH,4G-CNG013M12-TVH,8052,59,318,ENABLED
4G-CTH045M-TVH,4G-CTH045M12-TVH,8052,92,222,ENABLED
4G-CTH042M-TVH,4G-CTH042M12-TVH,8052,215,24,ENABLED
4G-CNG031M-TVH,4G-CNG031M12-TVH,8052,355,420,ENABLED
4G-CLO022M-TVH,4G-CLO022M12-TVH,8052,206,258,ENABLED
4G-CTH011M-TVH,4G-CTH011M12-TVH,8052,281,276,ENABLED
4G-CTH046M-TVH,4G-CTH046M12-TVH,8052,164,240,ENABLED
4G-CLO033M-TVH,4G-CLO033M12-TVH,8052,329,24,ENABLED
4G-CTH041M-TVH,4G-CTH041M12-TVH,8052,20,606,ENABLED
4G-CTH008M-TVH,4G-CTH008M12-TVH,8052,170,366,ENABLED
4G-CTH037M-TVH,4G-CTH037M12-TVH,8052,176,204,ENABLED
4G-CTH056M-TVH,4G-CTH056M12-TVH,8052,394,114,ENABLED
4G-CTH018M-TVH,4G-CTH018M12-TVH,8052,10,600,ENABLED
UL_TVI040M_TVH,4G-TVI040M12-TVH,8006,334,186,ENABLED
4G-CTH031M-TVH,4G-CTH031M12-TVH,8052,311,48,ENABLED
4G-VTA211M-VTU,4G-VTA211M12-VTU,8220,7,12,ENABLED
UL_VTA192M_VTU,4G-VTA192M12-VTU,8220,295,48,ENABLED
4G-CTH013M-BTE,4G-CTH013M12-BTE,6551,365,396,ENABLED
UL_BTR008M_BTE,4G-BTR008M12-BTE,6551,118,372,ENABLED
4G-CTH001M-BTE,4G-CTH001M12-BTE,6551,280,84,ENABLED
4G-CTH042M-BTE,4G-CTH042M12-BTE,6551,403,204,ENABLED
UL_CTH039M_BTE,4G-CTH039M12-BTE,6551,442,114,ENABLED
UL_MCB027M_BTE,4G-MCB027M12-BTE,6551,418,636,ENABLED
4G-MCB008M-BTE,4G-MCB008M12-BTE,6551,64,210,ENABLED
4G-MCB004M-BTE,4G-MCB004M12-BTE,6551,271,642,ENABLED
UL_MCB023M_BTE,4G-MCB023M12-BTE,6551,256,282,ENABLED
UL_CLA025M_BTE,4G-CLA025M12-BTE,6551,376,240,ENABLED
4G-CTH016M-BTE,4G-CTH016M12-BTE,6551,241,156,ENABLED
UL_BTR022M_BTE,4G-BTR022M12-BTE,6551,331,648,ENABLED
UL_BTR028M_BTE,4G-BTR028M12-BTE,6551,424,300,ENABLED
4G-MCB013M-BTE,4G-MCB013M12-BTE,6551,433,348,ENABLED
4G-BTR003M-BTE,4G-BTR003M12-BTE,6551,16,426,ENABLED
UL_BTR069M_BTE,4G-BTR069M12-BTE,6551,187,300,ENABLED
UL_BTR024M_BTE,4G-BTR024M12-BTE,6551,239,156,ENABLED
4G-CTH028M-BTE,4G-CTH028M12-BTE,6551,118,384,ENABLED
UL_MCB028M_BTE,4G-MCB028M12-BTE,6551,154,114,ENABLED
4G-CTH031M-BTE,4G-CTH031M12-BTE,6551,197,534,ENABLED
UL_BTR074M_BTE,4G-BTR074M12-BTE,6551,106,138,ENABLED
UL_CTH043M_BTE,4G-CTH043M12-BTE,6551,82,60,ENABLED
UL_MCB021M_BTE,4G-MCB021M12-BTE,6551,319,102,ENABLED
UL_BTR026M_BTE,4G-BTR026M12-BTE,6551,402,102,ENABLED
UL_CTH021M_BTE,4G-CTH021M12-BTE,6551,160,516,ENABLED
UL_BTR036M_BTE,4G-BTR036M12-BTE,6551,226,192,ENABLED
UL_MCB024M_BTE,4G-MCB024M12-BTE,6551,157,180,ENABLED
UL_MCB006M_BTE,4G-MCB006M12-BTE,6551,43,174,ENABLED
4G-CTH023M-BTE,4G-CTH023M12-BTE,6551,343,228,ENABLED
4G-MCN028M-BTE,4G-MCN028M12-BTE,6551,187,240,ENABLED
UL_MCB026M_BTE,4G-MCB026M12-BTE,6551,7,438,ENABLED
UL_BTR079M_BTE,4G-BTR079M12-BTE,6551,121,528,ENABLED
4G-CTH003M-BTE,4G-CTH003M12-BTE,6551,385,12,ENABLED
UL_MCB029M_BTE,4G-MCB029M12-BTE,6551,124,150,ENABLED
4G-CTH061M-BTE,4G-CTH061M12-BTE,6551,26,222,ENABLED
4G-MCB011M-BTE,4G-MCB011M12-BTE,6551,394,24,ENABLED
UL_MCB017M_BTE,4G-MCB017M12-BTE,6551,400,276,ENABLED
UL_MCB030M_BTE,4G-MCB030M12-BTE,6551,88,312,ENABLED
4G-CTH036M-BTE,4G-CTH036M12-BTE,6551,147,354,ENABLED
UL_CTH026M_BTE,4G-CTH026M12-BTE,6551,220,96,ENABLED
4G-BTR075M-BTE,4G-BTR075M12-BTE,6551,192,570,ENABLED
UL_MCB022M_BTE,4G-MCB022M12-BTE,6551,382,426,ENABLED
UL_MCB009M_BTE,4G-MCB009M12-BTE,6551,361,402,ENABLED
UL_CTH025M_BTE,4G-CTH025M12-BTE,6551,148,462,ENABLED
4G-BTR070M-BTE,4G-BTR070M12-BTE,6551,217,390,ENABLED
4G-CTH060M-BTE,4G-CTH060M12-BTE,6551,405,210,ENABLED
UL_CTH050M_BTE,4G-CTH050M12-BTE,6551,307,552,ENABLED
4G-MCB012M-BTE,4G-MCB012M12-BTE,6551,352,228,ENABLED
4G-CTH002M-BTE,4G-CTH002M12-BTE,6551,92,570,ENABLED
4G-MCN030M-BTE,4G-MCN030M12-BTE,6551,232,552,ENABLED
4G-MCB005M-BTE,4G-MCB005M12-BTE,6551,427,576,ENABLED
UL_MCB025M_BTE,4G-MCB025M12-BTE,6551,151,618,ENABLED
4G-BTR015M-BTE,4G-BTR015M12-BTE,6551,370,654,ENABLED
UL_MCB035M_BTE,4G-MCB035M12-BTE,6551,441,126,ENABLED
UL_BTR035M_BTE,4G-BTR035M12-BTE,6551,313,246,ENABLED
UL_BTR073M_BTE,4G-BTR073M12-BTE,6551,445,462,ENABLED
UL_CTH022M_BTE,4G-CTH022M12-BTE,6551,319,456,ENABLED
4G-MCB010M-BTE,4G-MCB010M12-BTE,6551,295,480,ENABLED
4G-GCO013M-TGG,4G-GCO013M12-TGG,7992,81,528,ENABLED
UL_TUY045M_BDG,4G-TUY045M12-BDG,6661,307,180,ENABLED
UL_TDM043M_BDG,4G-TDM043M12-BDG,6660,208,348,ENABLED
UL_BCA076M_BDG,4G-BCA076M12-BDG,6661,325,90,ENABLED
UL_TUY019M_BDG,4G-TUY019M12-BDG,6666,22,72,ENABLED
UL_TAN071M_BDG,4G-TAN071M12-BDG,6663,283,624,ENABLED
UL_BCA096M_BDG,4G-BCA096M12-BDG,6661,448,630,ENABLED
UL_TAN075M_BDG,4G-TAN075M12-BDG,6604,196,186,ENABLED
UL_TUY049M_BDG,4G-TUY049M12-BDG,6666,242,384,ENABLED
UL_TAN137M_BDG,4G-TAN137M12-BDG,6663,295,276,ENABLED
UL_TUY145M_BDG,4G-TUY145M12-BDG,6666,100,390,ENABLED
UL_TAN067M_BDG,4G-TAN067M12-BDG,6663,118,246,ENABLED
UL_BCA165M_BDG,4G-BCA165M12-BDG,6661,37,612,ENABLED
UL_TAN066M_BDG,4G-TAN066M12-BDG,6663,385,288,ENABLED
UL_BCA188M_BDG,4G-BCA188M12-BDG,6661,310,66,ENABLED
4G-THO021M-DTP,4G-THO021M12-DTP,7112,31,258,ENABLED
4G-HNG001M-DTP,4G-HNG001M12-DTP,7112,12,366,ENABLED
4G-LVU005M-DTP,4G-LVU005M12-DTP,7111,240,432,ENABLED
UL_CLA012M_DTP,4G-CLA012M12-DTP,7111,58,168,ENABLED
4G-TNO001M-DTP,4G-TNO001M12-DTP,7112,140,498,ENABLED
4G-HCL014M-DTP,4G-HCL014M12-DTP,7111,408,450,ENABLED
4G-THO025M-DTP,4G-THO025M12-DTP,7112,340,474,ENABLED
4G-HNG008M-DTP,4G-HNG008M12-DTP,7112,210,420,ENABLED
4G-TBI023M-DTP,4G-TBI023M12-DTP,7112,379,114,ENABLED
4G-THO013M-DTP,4G-THO013M12-DTP,7112,166,492,ENABLED
UL_CLA004M_DTP,4G-CLA004M12-DTP,7111,163,654,ENABLED
4G-HCL035M-DTP,4G-HCL035M12-DTP,7111,342,444,ENABLED
4G-TBI024M-DTP,4G-TBI024M12-DTP,7112,271,582,ENABLED
4G-LVO009M-DTP,4G-LVO009M12-DTP,7111,403,630,ENABLED
4G-HNG009M-DTP,4G-HNG009M12-DTP,7112,375,222,ENABLED
4G-CLA011M-DTP,4G-CLA011M12-DTP,7111,425,240,ENABLED
4G-HCL042M-DTP,4G-HCL042M12-DTP,7111,70,60,ENABLED
4G-THO005M-DTP,4G-THO005M12-DTP,7112,154,294,ENABLED
4G-LVO021M-DTP,4G-LVO021M12-DTP,7111,445,306,ENABLED
4G-THO022M-DTP,4G-THO022M12-DTP,7112,103,240,ENABLED
4G-TBI009M-DTP,4G-TBI009M12-DTP,7112,364,78,ENABLED
4G-THO009M-DTP,4G-THO009M12-DTP,7112,16,114,ENABLED
4G-TBI022M-DTP,4G-TBI022M12-DTP,7112,262,618,ENABLED
4G-CLA018M-DTP,4G-CLA018M12-DTP,7111,22,630,ENABLED
4G-THO010M-DTP,4G-THO010M12-DTP,7112,262,276,ENABLED
4G-TBI002M-DTP,4G-TBI002M12-DTP,7112,343,240,ENABLED
4G-CLA031M-DTP,4G-CLA031M12-DTP,7111,157,222,ENABLED
4G-CLA036M-DTP,4G-CLA036M12-DTP,7111,410,582,ENABLED
UL_CLA046M_DTP,4G-CLA046M12-DTP,7111,196,186,ENABLED
4G-SDE009M-DTP,4G-SDE009M12-DTP,7111,18,324,ENABLED
4G-LVU024M-DTP,4G-LVU024M12-DTP,7111,327,168,ENABLED
4G-SDE010M-DTP,4G-SDE010M12-DTP,7111,117,108,ENABLED
4G-TBI029M-DTP,4G-TBI029M12-DTP,7112,331,528,ENABLED
4G-LVU012M-DTP,4G-LVU012M12-DTP,7111,75,204,ENABLED
4G-TBI025M-DTP,4G-TBI025M12-DTP,7112,208,168,ENABLED
4G-CLA057M-DTP,4G-CLA057M12-DTP,7111,172,6,ENABLED
4G-THO006M-DTP,4G-THO006M12-DTP,7112,199,366,ENABLED
UL_TNO013M_DTP,4G-TNO013M12-DTP,7112,367,402,ENABLED
4G-HHN010M-DTP,4G-HHN010M12-DTP,7112,192,618,ENABLED
4G-SDE005M-DTP,4G-SDE005M12-DTP,7111,318,486,ENABLED
4G-HCL015M-DTP,4G-HCL015M12-DTP,7111,78,216,ENABLED
4G-LVO019M-DTP,4G-LVO019M12-DTP,7111,321,222,ENABLED
4G-THO023M-DTP,4G-THO023M12-DTP,7112,337,636,ENABLED
4G-TNO003M-DTP,4G-TNO003M12-DTP,7112,96,510,ENABLED
4G-HHN004M-DTP,4G-HHN004M12-DTP,7112,106,546,ENABLED
4G-HCL025M-DTP,4G-HCL025M12-DTP,7111,427,204,ENABLED
4G-CTH008M-DTP,4G-CTH008M12-DTP,7111,377,144,ENABLED
4G-HHN002M-DTP,4G-HHN002M12-DTP,7112,0,42,ENABLED
4G-TBI026M-DTP,4G-TBI026M12-DTP,7112,49,492,ENABLED
4G-LVO002M-DTP,4G-LVO002M12-DTP,7111,193,270,ENABLED
4G-TBI016M-DTP,4G-TBI016M12-DTP,7112,156,210,ENABLED
4G-CLA029M-DTP,4G-CLA029M12-DTP,7111,88,330,ENABLED
4G-THO003M-DTP,4G-THO003M12-DTP,7112,163,186,ENABLED
4G-HNG010M-DTP,4G-HNG010M12-DTP,7112,270,510,ENABLED
UL_CLA022M_DTP,4G-CLA022M12-DTP,7111,144,132,ENABLED
4G-SDE020M-DTP,4G-SDE020M12-DTP,7111,238,546,ENABLED
4G-SDE002M-DTP,4G-SDE002M12-DTP,7111,34,474,ENABLED
4G-CLA047M-DTP,4G-CLA047M12-DTP,7111,362,540,ENABLED
4G-LVO010M-DTP,4G-LVO010M12-DTP,7111,136,546,ENABLED
4G-THO011M-DTP,4G-THO011M12-DTP,7112,349,312,ENABLED
4G-LVO025M-DTP,4G-LVO025M12-DTP,7111,331,6,ENABLED
4G-HHN014M-DTP,4G-HHN014M12-DTP,7112,207,384,ENABLED
4G-CLA040M-DTP,4G-CLA040M12-DTP,7111,301,348,ENABLED
UL_BLU027M_LAN,4G-BLU027M12-LAN,7510,157,108,ENABLED
UL_CDU044M_LAN,4G-CDU044M12-LAN,7510,295,294,ENABLED
UL_BLU048M_LAN,4G-BLU048M12-LAN,7510,88,42,ENABLED
SL-TBO109M-DNI,4G-TBO109M12-DNI,7015,79,528,ENABLED
LN-TBO027M-DNI,4G-TBO027M12-DNI,7015,157,492,ENABLED
LN-NTR026M-DNI,4G-NTR026M12-DNI,7058,16,660,ENABLED
LN-SDE016M-DTP,4G-SDE016M12-DTP,7111,333,234,ENABLED
LN-SDE013M-DTP,4G-SDE013M12-DTP,7111,291,558,ENABLED
LN-CLA050M-DTP,4G-CLA050M12-DTP,7111,319,24,ENABLED
LN-CLA041M-DTP,4G-CLA041M12-DTP,7111,166,42,ENABLED
UL_NKI144M_CTO,4G-NKI144M12-CTO,6220,172,60,ENABLED
UL_NKI132M_CTO,4G-NKI132M12-CTO,6220,17,672,ENABLED
UL_NKI038M_CTO,4G-NKI038M12-CTO,6220,386,534,ENABLED
UL_BTH071M_CTO,4G-BTH071M12-CTO,6222,406,366,ENABLED
4G-NKI077M-CTO,4G-NKI077M12-CTO,6220,194,228,ENABLED
UL_NKI141M_CTO,4G-NKI141M12-CTO,6222,1,582,ENABLED
UL_PDI044M_CTO,4G-PDI044M12-CTO,6220,127,456,ENABLED
UL_CRA071M_CTO,4G-CRA071M12-CTO,6220,109,150,ENABLED
UL_NKI092M_CTO,4G-NKI092M12-CTO,6220,272,372,ENABLED
UL_NKI054M_CTO,4G-NKI054M12-CTO,6220,245,12,ENABLED
UL_NKI021M_CTO,4G-NKI021M12-CTO,6220,314,552,ENABLED
4G-NKI084M-CTO,4G-NKI084M12-CTO,6220,146,48,ENABLED
UL_BTH070M_CTO,4G-BTH070M12-CTO,6220,83,384,ENABLED
UL_NKI045M_CTO,4G-NKI045M12-CTO,6220,34,84,ENABLED
UL_NKI012M_CTO,4G-NKI012M12-CTO,6220,392,246,ENABLED
UL_TLA047M_CTO,4G-TLA047M12-CTO,6222,142,258,ENABLED
UL_NKI086M_CTO,4G-NKI086M12-CTO,6220,398,174,ENABLED
UL_NKI041M_CTO,4G-NKI041M12-CTO,6220,25,354,ENABLED
UL_NKI098M_CTO,4G-NKI098M12-CTO,6220,55,102,ENABLED
UL_NKI142M_CTO,4G-NKI142M12-CTO,6220,214,24,ENABLED
UL_CRA074M_CTO,4G-CRA074M12-CTO,6220,163,438,ENABLED
UL_NKI024M_CTO,4G-NKI024M12-CTO,6220,440,426,ENABLED
UL_NKI128M_CTO,4G-NKI128M12-CTO,6220,122,516,ENABLED
UL_NKI062M_CTO,4G-NKI062M12-CTO,6220,227,606,ENABLED
UL_BTH006M_CTO,4G-BTH006M12-CTO,6220,449,30,ENABLED
UL_NKI143M_CTO,4G-NKI143M12-CTO,6220,259,636,ENABLED
UL_NKI133M_CTO,4G-NKI133M12-CTO,6220,131,624,ENABLED
UL_VCH029M_STG,4G-VCH029M12-STG,7715,67,528,ENABLED
UL_KSA009M_STG,4G-KSA009M12-STG,7715,316,66,ENABLED
UL_CLD003M_STG,4G-CLD003M12-STG,7715,411,246,ENABLED
UL_LPH020M_STG,4G-LPH020M12-STG,7715,298,642,ENABLED
UL_VCH001M_STG,4G-VCH001M12-STG,7715,7,612,ENABLED
UL_VCH046M_STG,4G-VCH046M12-STG,7715,22,6,ENABLED
UL_CLD017M_STG,4G-CLD017M12-STG,7715,16,12,ENABLED
UL_VCH032M_STG,4G-VCH032M12-STG,7715,340,456,ENABLED
UL_LPH018M_STG,4G-LPH018M12-STG,7715,119,576,ENABLED
UL_LPH017M_STG,4G-LPH017M12-STG,7715,205,564,ENABLED
UL_CLD004M_STG,4G-CLD004M12-STG,7715,303,198,ENABLED
UL_KSA011M_STG,4G-KSA011M12-STG,7715,265,156,ENABLED
UL_CLD018M_STG,4G-CLD018M12-STG,7715,246,90,ENABLED
4G-LPH029M-STG,4G-LPH029M12-STG,7715,421,246,ENABLED
UL_VCH045M_STG,4G-VCH045M12-STG,7715,37,84,ENABLED
UL_VCH031M_STG,4G-VCH031M12-STG,7715,334,6,ENABLED
UL_VCH015M_STG,4G-VCH015M12-STG,7715,43,90,ENABLED
UL_LPH005M_STG,4G-LPH005M12-STG,7715,114,6,ENABLED
UL_VCH033M_STG,4G-VCH033M12-STG,7715,301,330,ENABLED
UL_VCH030M_STG,4G-VCH030M12-STG,7715,133,120,ENABLED
UL_CLD016M_STG,4G-CLD016M12-STG,7715,25,294,ENABLED
UL_VCH047M_STG,4G-VCH047M12-STG,7715,373,180,ENABLED
UL_CLD002M_STG,4G-CLD002M12-STG,7715,124,594,ENABLED
UL_LPH016M_STG,4G-LPH016M12-STG,7715,416,354,ENABLED
UL_LPH002M_STG,4G-LPH002M12-STG,7715,208,0,ENABLED
UL_KSA028M_STG,4G-KSA028M12-STG,7715,46,36,ENABLED
UL_VCH014M_STG,4G-VCH014M12-STG,7715,379,282,ENABLED
UL_VCH017M_STG,4G-VCH017M12-STG,7715,13,108,ENABLED
UL_CLD005M_STG,4G-CLD005M12-STG,7715,436,432,ENABLED
UL_LPH019M_STG,4G-LPH019M12-STG,7715,418,480,ENABLED
UL_VCH044M_STG,4G-VCH044M12-STG,7715,355,408,ENABLED
UL_CLD006M_STG,4G-CLD006M12-STG,7715,316,330,ENABLED
UL_VCH026M_STG,4G-VCH026M12-STG,7715,262,432,ENABLED
UL_LPH007M_STG,4G-LPH007M12-STG,7715,181,66,ENABLED
UL_VCH035M_STG,4G-VCH035M12-STG,7715,76,486,ENABLED
UL_KSA014M_STG,4G-KSA014M12-STG,7715,10,24,ENABLED
UL_VCH048M_STG,4G-VCH048M12-STG,7715,211,132,ENABLED
UL_VCH003M_STG,4G-VCH003M12-STG,7715,316,636,ENABLED
UL_VCH042M_STG,4G-VCH042M12-STG,7715,253,528,ENABLED
4G-CLD019M-STG,4G-CLD019M12-STG,7715,166,168,ENABLED
UL_KSA015M_STG,4G-KSA015M12-STG,7715,278,30,ENABLED
UL_VCH020M_STG,4G-VCH020M12-STG,7715,385,372,ENABLED
UL_VCH004M_STG,4G-VCH004M12-STG,7715,439,588,ENABLED
UL_KSA031M_STG,4G-KSA031M12-STG,7715,421,438,ENABLED
UL_LPH014M_STG,4G-LPH014M12-STG,7715,295,582,ENABLED
UL_KSA005M_STG,4G-KSA005M12-STG,7715,226,258,ENABLED
UL_KSA024M_STG,4G-KSA024M12-STG,7715,409,546,ENABLED
UL_VCH019M_STG,4G-VCH019M12-STG,7715,247,72,ENABLED
UL_KSA027M_STG,4G-KSA027M12-STG,7715,61,192,ENABLED
4G-LPH030M-STG,4G-LPH030M12-STG,7715,97,366,ENABLED
UL_KSA021M_STG,4G-KSA021M12-STG,7715,340,114,ENABLED
UL_LPH004M_STG,4G-LPH004M12-STG,7715,37,150,ENABLED
UL_VCH013M_STG,4G-VCH013M12-STG,7715,244,282,ENABLED
UL_LPH001M_STG,4G-LPH001M12-STG,7715,110,258,ENABLED
UL_VCH010M_STG,4G-VCH010M12-STG,7715,271,504,ENABLED
UL_KSA034M_STG,4G-KSA034M12-STG,7715,82,36,ENABLED
UL_LPH012M_STG,4G-LPH012M12-STG,7715,352,24,ENABLED
UL_VCH037M_STG,4G-VCH037M12-STG,7715,82,636,ENABLED
UL_KSA003M_STG,4G-KSA003M12-STG,7715,66,456,ENABLED
4G-VCH049M-STG,4G-VCH049M12-STG,7715,70,576,ENABLED
UL_CLD012M_STG,4G-CLD012M12-STG,7715,442,468,ENABLED
UL_VCH040M_STG,4G-VCH040M12-STG,7715,409,606,ENABLED
UL_LPH011M_STG,4G-LPH011M12-STG,7715,238,420,ENABLED
UL_CLD011M_STG,4G-CLD011M12-STG,7715,135,528,ENABLED
UL_KSA004M_STG,4G-KSA004M12-STG,7715,334,252,ENABLED
UL_VCH038M_STG,4G-VCH038M12-STG,7715,112,138,ENABLED
UL_VCH007M_STG,4G-VCH007M12-STG,7715,433,324,ENABLED
UL_LPH009M_STG,4G-LPH009M12-STG,7715,103,540,ENABLED
UL_VCH023M_STG,4G-VCH023M12-STG,7715,127,558,ENABLED
UL_CLD013M_STG,4G-CLD013M12-STG,7715,46,6,ENABLED
UL_CLD010M_STG,4G-CLD010M12-STG,7715,370,300,ENABLED
UL_KSA033M_STG,4G-KSA033M12-STG,7715,109,402,ENABLED
UL_LPH010M_STG,4G-LPH010M12-STG,7715,325,402,ENABLED
UL_VCH022M_STG,4G-VCH022M12-STG,7715,403,564,ENABLED
UL_VCH011M_STG,4G-VCH011M12-STG,7715,391,408,ENABLED
UL_LPH024M_STG,4G-LPH024M12-STG,7715,301,264,ENABLED
UL_KSA017M_STG,4G-KSA017M12-STG,7715,235,318,ENABLED
UL_VCH009M_STG,4G-VCH009M12-STG,7715,421,174,ENABLED
UL_CLD008M_STG,4G-CLD008M12-STG,7715,307,276,ENABLED
UL_VCH025M_STG,4G-VCH025M12-STG,7715,394,366,ENABLED
UL_LPH027M_STG,4G-LPH027M12-STG,7715,433,660,ENABLED
UL_VCH041M_STG,4G-VCH041M12-STG,7715,190,618,ENABLED
UL_VCH039M_STG,4G-VCH039M12-STG,7715,88,354,ENABLED
UL_VCH036M_STG,4G-VCH036M12-STG,7715,79,360,ENABLED
UL_VCH018M_STG,4G-VCH018M12-STG,7715,220,276,ENABLED
UL_KSA029M_STG,4G-KSA029M12-STG,7715,49,576,ENABLED
UL_KSA006M_STG,4G-KSA006M12-STG,7715,403,198,ENABLED
UL_CLD014M_STG,4G-CLD014M12-STG,7715,157,42,ENABLED
UL_VCH043M_STG,4G-VCH043M12-STG,7715,130,534,ENABLED
UL_KSA007M_STG,4G-KSA007M12-STG,7715,367,486,ENABLED
UL_KSA001M_STG,4G-KSA001M12-STG,7715,376,636,ENABLED
UL_LPH028M_STG,4G-LPH028M12-STG,7715,238,138,ENABLED
UL_CLD007M_STG,4G-CLD007M12-STG,7715,310,462,ENABLED
UL_LPH022M_STG,4G-LPH022M12-STG,7715,355,90,ENABLED
UL_VCH034M_STG,4G-VCH034M12-STG,7715,235,120,ENABLED
UL_LPH006M_STG,4G-LPH006M12-STG,7715,130,372,ENABLED
UL_KSA016M_STG,4G-KSA016M12-STG,7715,100,300,ENABLED
UL_VCH008M_STG,4G-VCH008M12-STG,7715,85,168,ENABLED
SR_VCH021M_STG,4G-VCH021M12-STG,7715,283,522,ENABLED
UL_KSA013M_STG,4G-KSA013M12-STG,7715,214,396,ENABLED
UL_VCH005M_STG,4G-VCH005M12-STG,7715,334,246,ENABLED
UL_VCH027M_STG,4G-VCH027M12-STG,7715,19,438,ENABLED
UL_KSA035M_STG,4G-KSA035M12-STG,7715,208,162,ENABLED
UL_VCH024M_STG,4G-VCH024M12-STG,7715,160,204,ENABLED
UL_CLD001M_STG,4G-CLD001M12-STG,7715,400,630,ENABLED
UL_KSA032M_STG,4G-KSA032M12-STG,7715,394,240,ENABLED
UL_VCH002M_STG,4G-VCH002M12-STG,7715,196,222,ENABLED
4G-NTR176M-DNI,4G-NTR176M12-DNI,7058,337,624,ENABLED
UL_BHO423M_DNI,4G-BHO423M12-DNI,7048,247,492,ENABLED
UL_TPH024M_DNI,4G-TPH024M12-DNI,7098,358,156,ENABLED
4G-LTH224M-DNI,4G-LTH224M12-DNI,7048,190,396,ENABLED
UL_BHO326M_DNI,4G-BHO326M12-DNI,7048,392,546,ENABLED
4G-TNH083M-DNI,4G-TNH083M12-DNI,7078,151,432,ENABLED
UL_TBO039M_DNI,4G-TBO039M12-DNI,7015,412,54,ENABLED
UL_BHO415M_DNI,4G-BHO415M12-DNI,7068,355,606,ENABLED
4G-BHO474M-DNI,4G-BHO474M12-DNI,7038,421,534,ENABLED
4G-TBO196M-DNI,4G-TBO196M12-DNI,7015,82,372,ENABLED
4G-LTH241M-DNI,4G-LTH241M12-DNI,7014,310,378,ENABLED
UL_DQU068M_DNI,4G-DQU068M12-DNI,7098,193,276,ENABLED
4G-LTH232M-DNI,4G-LTH232M12-DNI,7048,361,534,ENABLED
UL_TBO170M_DNI,4G-TBO170M12-DNI,7015,316,510,ENABLED
UL_TBO015M_DNI,4G-TBO015M12-DNI,7015,427,270,ENABLED
4G-BHO498M-DNI,4G-BHO498M12-DNI,7068,331,546,ENABLED
UL_TNH079M_DNI,4G-TNH079M12-DNI,7015,205,150,ENABLED
UL_LTH176M_DNI,4G-LTH176M12-DNI,7048,355,444,ENABLED
UL_DQU069M_DNI,4G-DQU069M12-DNI,7098,148,114,ENABLED
UL_TBO127M_DNI,4G-TBO127M12-DNI,7015,13,216,ENABLED
UL_LTH038M_DNI,4G-LTH038M12-DNI,7014,208,288,ENABLED
4G-NTR158M-DNI,4G-NTR158M12-DNI,7058,349,642,ENABLED
4G-BHO476M-DNI,4G-BHO476M12-DNI,7038,349,594,ENABLED
UL_BHO433M_DNI,4G-BHO433M12-DNI,7013,136,90,ENABLED
UL_BHO333M_DNI,4G-BHO333M12-DNI,7021,10,120,ENABLED
UL_TNH041M_DNI,4G-TNH041M12-DNI,7014,7,42,ENABLED
4G-BHO458M-DNI,4G-BHO458M12-DNI,7013,316,378,ENABLED
4G-LKH191M-DNI,4G-LKH191M12-DNI,7009,307,354,ENABLED
4G-LTH226M-DNI,4G-LTH226M12-DNI,7048,178,546,ENABLED
4G-XLO123M-DNI,4G-XLO123M12-DNI,7033,40,618,ENABLED
UL_LTH118M_DNI,4G-LTH118M12-DNI,7048,4,324,ENABLED
UL_TBO135M_DNI,4G-TBO135M12-DNI,7014,232,102,ENABLED
4G-LTH216M-DNI,4G-LTH216M12-DNI,7048,382,282,ENABLED
UL_LKH010M_DNI,4G-LKH010M12-DNI,7009,190,336,ENABLED
UL_TNH033M_DNI,4G-TNH033M12-DNI,7014,286,552,ENABLED
UL_NTR147M_DNI,4G-NTR147M12-DNI,7058,370,618,ENABLED
4G-LTH214M-DNI,4G-LTH214M12-DNI,7048,247,30,ENABLED
UL_BHO437M_DNI,4G-BHO437M12-DNI,7068,76,336,ENABLED
4G-DQU103M-DNI,4G-DQU103M12-DNI,7098,382,324,ENABLED
4G-BHO456M-DNI,4G-BHO456M12-DNI,7015,295,216,ENABLED
UL_BHO421M_DNI,4G-BHO421M12-DNI,7068,352,138,ENABLED
4G-TBO191M-DNI,4G-TBO191M12-DNI,7015,388,330,ENABLED
UL_LTH177M_DNI,4G-LTH177M12-DNI,7048,298,354,ENABLED
UL_BHO417M_DNI,4G-BHO417M12-DNI,7068,433,180,ENABLED
UL_LTH124M_DNI,4G-LTH124M12-DNI,7048,127,120,ENABLED
UL_LTH009M_DNI,4G-LTH009M12-DNI,7048,103,498,ENABLED
4G-BHO489M-DNI,4G-BHO489M12-DNI,7038,124,234,ENABLED
UL_TBO123M_DNI,4G-TBO123M12-DNI,7015,4,132,ENABLED
UL_BHO434M_DNI,4G-BHO434M12-DNI,7038,322,72,ENABLED
UL_LKH052M_DNI,4G-LKH052M12-DNI,7009,124,330,ENABLED
4G-CMY078M-DNI,4G-CMY078M12-DNI,7033,10,552,ENABLED
UL_NTR046M_DNI,4G-NTR046M12-DNI,7058,286,96,ENABLED
4G-NTR182M-DNI,4G-NTR182M12-DNI,7058,223,504,ENABLED
UL_XLO117M_DNI,4G-XLO117M12-DNI,7033,154,504,ENABLED
UL_DQU096M_DNI,4G-DQU096M12-DNI,7078,376,354,ENABLED
4G-TPH070M-DNI,4G-TPH070M12-DNI,7098,349,348,ENABLED
UL_BHO424M_DNI,4G-BHO424M12-DNI,7038,172,288,ENABLED
4G-LTH230M-DNI,4G-LTH230M12-DNI,7048,409,282,ENABLED
4G-TBO202M-DNI,4G-TBO202M12-DNI,7015,400,390,ENABLED
UL_DQU070M_DNI,4G-DQU070M12-DNI,7098,319,42,ENABLED
UL_TBO129M_DNI,4G-TBO129M12-DNI,7015,19,294,ENABLED
UL_LTH022M_DNI,4G-LTH022M12-DNI,7014,379,96,ENABLED
4G-TBO190M-DNI,4G-TBO190M12-DNI,7015,403,162,ENABLED
4G-XLO132M-DNI,4G-XLO132M12-DNI,7033,244,342,ENABLED
4G-LTH227M-DNI,4G-LTH227M12-DNI,7014,253,30,ENABLED
4G-LTH240M-DNI,4G-LTH240M12-DNI,7048,160,132,ENABLED
UL_XLO006M_DNI,4G-XLO006M12-DNI,7033,229,540,ENABLED
UL_LTH072M_DNI,4G-LTH072M12-DNI,7048,193,498,ENABLED
UL_TNH040M_DNI,4G-TNH040M12-DNI,7014,34,222,ENABLED
UL_LKH016M_DNI,4G-LKH016M12-DNI,7009,328,222,ENABLED
4G-XLO217M-DNI,4G-XLO217M12-DNI,7033,130,450,ENABLED
UL_TNH027M_DNI,4G-TNH027M12-DNI,7014,307,462,ENABLED
4G-NTR175M-DNI,4G-NTR175M12-DNI,7058,361,450,ENABLED
4G-TNH085M-DNI,4G-TNH085M12-DNI,7014,355,600,ENABLED
4G-BHO507M-DNI,4G-BHO507M12-DNI,7038,163,420,ENABLED
4G-BHO495M-DNI,4G-BHO495M12-DNI,7021,103,24,ENABLED
UL_TBO150M_DNI,4G-TBO150M12-DNI,7014,385,384,ENABLED
UL_NTR065M_DNI,4G-NTR065M12-DNI,7058,433,72,ENABLED
UL_TNH002M_DNI,4G-TNH002M12-DNI,7014,236,282,ENABLED
UL_NTR121M_DNI,4G-NTR121M12-DNI,7058,126,642,ENABLED
4G-BHO510M-DNI,4G-BHO510M12-DNI,7038,118,90,ENABLED
4G-NTR181M-DNI,4G-NTR181M12-DNI,7058,241,546,ENABLED
UL_TNH076M_DNI,4G-TNH076M12-DNI,7014,418,360,ENABLED
4G-BHO509M-DNI,4G-BHO509M12-DNI,7013,397,36,ENABLED
4G-BHO487M-DNI,4G-BHO487M12-DNI,7038,103,288,ENABLED
4G-TNH086M-DNI,4G-TNH086M12-DNI,7078,295,96,ENABLED
4G-BHO478M-DNI,4G-BHO478M12-DNI,7068,151,324,ENABLED
UL_TBO020M_DNI,4G-TBO020M12-DNI,7015,177,102,ENABLED
4G-BHO462M-DNI,4G-BHO462M12-DNI,7013,427,420,ENABLED
4G-LTH237M-DNI,4G-LTH237M12-DNI,7014,196,6,ENABLED
4G-BHO463M-DNI,4G-BHO463M12-DNI,7068,331,480,ENABLED
UL_BHO420M_DNI,4G-BHO420M12-DNI,7068,427,498,ENABLED
UL_BHO435M_DNI,4G-BHO435M12-DNI,7038,214,516,ENABLED
UL_LTH178M_DNI,4G-LTH178M12-DNI,7014,295,408,ENABLED
UL_TBO148M_DNI,4G-TBO148M12-DNI,7015,319,462,ENABLED
4G-BHO508M-DNI,4G-BHO508M12-DNI,7068,229,474,ENABLED
UL_BHO436M_DNI,4G-BHO436M12-DNI,7048,178,162,ENABLED
4G-XLO216M-DNI,4G-XLO216M12-DNI,7033,343,630,ENABLED
UL_TPH030M_DNI,4G-TPH030M12-DNI,7098,217,618,ENABLED
UL_TBO125M_DNI,4G-TBO125M12-DNI,7015,252,240,ENABLED
4G-LTH236M-DNI,4G-LTH236M12-DNI,7014,163,468,ENABLED
4G-TPH063M-DNI,4G-TPH063M12-DNI,7098,394,48,ENABLED
UL_XLO053M_DNI,4G-XLO053M12-DNI,7033,349,594,ENABLED
4G-DQU099M-DNI,4G-DQU099M12-DNI,7098,238,408,ENABLED
UL_BHO418M_DNI,4G-BHO418M12-DNI,7068,100,168,ENABLED
4G-BHO461M-DNI,4G-BHO461M12-DNI,7068,64,126,ENABLED
UL_TNH066M_DNI,4G-TNH066M12-DNI,7014,398,522,ENABLED
UL_LTH121M_DNI,4G-LTH121M12-DNI,7048,19,438,ENABLED
4G-BHO486M-DNI,4G-BHO486M12-DNI,7038,310,156,ENABLED
UL_LTH043M_DNI,4G-LTH043M12-DNI,7014,397,204,ENABLED
4G-BHO501M-DNI,4G-BHO501M12-DNI,7013,52,498,ENABLED
UL_LKH045M_DNI,4G-LKH045M12-DNI,7009,283,354,ENABLED
UL_BHO425M_DNI,4G-BHO425M12-DNI,7038,259,330,ENABLED
4G-TPH069M-DNI,4G-TPH069M12-DNI,7098,214,318,ENABLED
UL_BHO239M_DNI,4G-BHO239M12-DNI,7048,370,516,ENABLED
UL_TNH078M_DNI,4G-TNH078M12-DNI,7014,190,408,ENABLED
UL_LTH031M_DNI,4G-LTH031M12-DNI,7014,334,162,ENABLED
4G-NTR174M-DNI,4G-NTR174M12-DNI,7058,277,444,ENABLED
UL_LTH119M_DNI,4G-LTH119M12-DNI,7048,7,6,ENABLED
UL_LKH027M_DNI,4G-LKH027M12-DNI,7009,40,432,ENABLED
4G-BHO497M-DNI,4G-BHO497M12-DNI,7068,400,138,ENABLED
UL_TBO140M_DNI,4G-TBO140M12-DNI,7078,32,138,ENABLED
4G-TPH062M-DNI,4G-TPH062M12-DNI,7098,289,612,ENABLED
4G-XLO128M-DNI,4G-XLO128M12-DNI,7033,226,120,ENABLED
UL_TBO168M_DNI,4G-TBO168M12-DNI,7015,148,378,ENABLED
4G-BHO493M-DNI,4G-BHO493M12-DNI,7013,442,318,ENABLED
UL_BHO416M_DNI,4G-BHO416M12-DNI,7013,274,162,ENABLED
UL_TBO167M_DNI,4G-TBO167M12-DNI,7015,211,114,ENABLED
4G-BHO464M-DNI,4G-BHO464M12-DNI,7068,406,90,ENABLED
4G-TBO195M-DNI,4G-TBO195M12-DNI,7015,196,612,ENABLED
4G-TBO186M-DNI,4G-TBO186M12-DNI,7015,271,474,ENABLED
4G-TBO201M-DNI,4G-TBO201M12-DNI,7015,166,498,ENABLED
4G-TBO192M-DNI,4G-TBO192M12-DNI,7015,397,402,ENABLED
4G-BHO467M-DNI,4G-BHO467M12-DNI,7038,238,462,ENABLED
4G-TNH087M-DNI,4G-TNH087M12-DNI,7014,229,36,ENABLED
4G-LTH215M-DNI,4G-LTH215M12-DNI,7048,139,18,ENABLED
UL_TBO124M_DNI,4G-TBO124M12-DNI,7015,75,600,ENABLED
UL_TBO023M_DNI,4G-TBO023M12-DNI,7078,292,6,ENABLED
UL_XLO024M_DNI,4G-XLO024M12-DNI,7033,22,426,ENABLED
4G-BHO477M-DNI,4G-BHO477M12-DNI,7048,256,498,ENABLED
UL_BHO419M_DNI,4G-BHO419M12-DNI,7015,88,294,ENABLED
4G-LTH225M-DNI,4G-LTH225M12-DNI,7048,229,306,ENABLED
UL_TNH075M_DNI,4G-TNH075M12-DNI,7014,442,492,ENABLED
UL_TNH012M_DNI,4G-TNH012M12-DNI,7014,22,216,ENABLED
4G-VLI054M-VLG,4G-VLI054M12-VLG,8111,379,384,ENABLED
4G-LHO077M-VLG,4G-LHO077M12-VLG,8153,295,150,ENABLED
4G-MTH041M-VLG,4G-MTH041M12-VLG,8111,289,186,ENABLED
UL_VLO032M_VLG,4G-VLO032M12-VLG,8118,330,306,ENABLED
4G-LHO065M-VLG,4G-LHO065M12-VLG,8153,67,294,ENABLED
4G-LHO068M-VLG,4G-LHO068M12-VLG,8153,265,474,ENABLED
UL_VLO024M_VLG,4G-VLO024M12-VLG,8118,5,150,ENABLED
4G-LHO069M-VLG,4G-LHO069M12-VLG,8153,124,240,ENABLED
4G-BMI037M-VLG,4G-BMI037M12-VLG,8153,139,600,ENABLED
4G-LHO073M-VLG,4G-LHO073M12-VLG,8153,187,258,ENABLED
UL_VLO053M_VLG,4G-VLO053M12-VLG,8118,219,612,ENABLED
UL_MTH010M_VLG,4G-MTH010M12-VLG,8111,9,306,ENABLED
4G-TBI050M-VLG,4G-TBI050M12-VLG,8153,52,222,ENABLED
UL_VLO033M_VLG,4G-VLO033M12-VLG,8118,228,396,ENABLED
4G-LHO045M-VLG,4G-LHO045M12-VLG,8153,375,144,ENABLED
4G-BMI034M-VLG,4G-BMI034M12-VLG,8153,157,114,ENABLED
UL_VLO023M_VLG,4G-VLO023M12-VLG,8118,387,378,ENABLED
UL_VLO011M_VLG,4G-VLO011M12-VLG,8118,78,648,ENABLED
UL_VLO008M_VLG,4G-VLO008M12-VLG,8118,57,558,ENABLED
4G-LHO070M-VLG,4G-LHO070M12-VLG,8153,334,636,ENABLED
UL_VLO041M_VLG,4G-VLO041M12-VLG,8118,216,288,ENABLED
4G-LHO067M-VLG,4G-LHO067M12-VLG,8153,202,456,ENABLED
UL_VLO021M_VLG,4G-VLO021M12-VLG,8118,63,0,ENABLED
UL_VLO028M_VLG,4G-VLO028M12-VLG,8118,243,270,ENABLED
4G-VLO066M-VLG,4G-VLO066M12-VLG,8118,19,474,ENABLED
UL_VLO018M_VLG,4G-VLO018M12-VLG,8118,51,72,ENABLED
UL_VLO031M_VLG,4G-VLO031M12-VLG,8118,117,468,ENABLED
4G-MTH043M-VLG,4G-MTH043M12-VLG,8111,220,510,ENABLED
UL_VLO046M_VLG,4G-VLO046M12-VLG,8118,354,36,ENABLED
UL_VLO058M_VLG,4G-VLO058M12-VLG,8118,424,204,ENABLED
UL_VLO042M_VLG,4G-VLO042M12-VLG,8118,9,288,ENABLED
UL_VLO001M_VLG,4G-VLO001M12-VLG,8118,231,144,ENABLED
4G-BTA039M-VLG,4G-BTA039M12-VLG,8153,367,258,ENABLED
UL_VLO025M_VLG,4G-VLO025M12-VLG,8118,313,432,ENABLED
UL_VLO054M_VLG,4G-VLO054M12-VLG,8118,315,504,ENABLED
UL_VLO043M_VLG,4G-VLO043M12-VLG,8118,234,0,ENABLED
4G-VLI052M-VLG,4G-VLI052M12-VLG,8111,385,330,ENABLED
UL_VLO059M_VLG,4G-VLO059M12-VLG,8118,211,618,ENABLED
UL_VLO034M_VLG,4G-VLO034M12-VLG,8118,258,90,ENABLED
4G-TBI047M-VLG,4G-TBI047M12-VLG,8153,301,96,ENABLED
4G-VLO069M-VLG,4G-VLO069M12-VLG,8118,250,96,ENABLED
UL_VLO047M_VLG,4G-VLO047M12-VLG,8118,153,216,ENABLED
4G-MTH042M-VLG,4G-MTH042M12-VLG,8111,439,240,ENABLED
4G-MTH039M-VLG,4G-MTH039M12-VLG,8111,34,294,ENABLED
4G-LHO078M-VLG,4G-LHO078M12-VLG,8153,271,60,ENABLED
4G-MTH040M-VLG,4G-MTH040M12-VLG,8111,127,474,ENABLED
4G-VLI053M-VLG,4G-VLI053M12-VLG,8111,391,402,ENABLED
4G-LHO064M-VLG,4G-LHO064M12-VLG,8153,199,546,ENABLED
UL_VLO014M_VLG,4G-VLO014M12-VLG,8118,213,576,ENABLED
4G-VLO067M-VLG,4G-VLO067M12-VLG,8118,406,348,ENABLED
4G-LHO071M-VLG,4G-LHO071M12-VLG,8153,82,96,ENABLED
UL_VLO055M_VLG,4G-VLO055M12-VLG,8118,438,54,ENABLED
UL_VLO009M_VLG,4G-VLO009M12-VLG,8118,171,270,ENABLED
UL_VLO027M_VLG,4G-VLO027M12-VLG,8118,288,216,ENABLED
4G-LHO066M-VLG,4G-LHO066M12-VLG,8153,163,312,ENABLED
4G-BMI035M-VLG,4G-BMI035M12-VLG,8153,277,276,ENABLED
4G-LHO003M-VLG,4G-LHO003M12-VLG,8153,279,432,ENABLED
UL_VLO012M_VLG,4G-VLO012M12-VLG,8118,309,54,ENABLED
4G-CKE041M-TVH,4G-CKE041M12-TVH,8054,259,204,ENABLED
4G-TCA041M-TVH,4G-TCA041M12-TVH,8054,277,114,ENABLED
UL_TVI038M_TVH,4G-TVI038M12-TVH,8006,83,132,ENABLED
UL_CTH055M_TVH,4G-CTH055M12-TVH,8006,112,258,ENABLED
UL_CTH010M_TVH,4G-CTH010M12-TVH,8052,76,564,ENABLED
UL_TVI007M_TVH,4G-TVI007M12-TVH,8006,86,564,ENABLED
4G-CKE038M-TVH,4G-CKE038M12-TVH,8054,55,492,ENABLED
UL_CTH009M_TVH,4G-CTH009M12-TVH,8006,263,498,ENABLED
4G-CTH065M-TVH,4G-CTH065M12-TVH,8052,355,78,ENABLED
4G-DHA043M-TVH,4G-DHA043M12-TVH,8052,208,456,ENABLED
4G-TCU050M-TVH,4G-TCU050M12-TVH,8054,115,168,ENABLED
4G-TCA045M-TVH,4G-TCA045M12-TVH,8054,280,258,ENABLED
UL_CTH019M_TVH,4G-CTH019M12-TVH,8006,188,204,ENABLED
4G-CLO059M-TVH,4G-CLO059M12-TVH,8052,49,60,ENABLED
4G-CTH061M-TVH,4G-CTH061M12-TVH,8052,436,294,ENABLED
4G-TCA047M-TVH,4G-TCA047M12-TVH,8054,358,240,ENABLED
UL_TVI015M_TVH,4G-TVI015M12-TVH,8006,89,222,ENABLED
4G-CTH062M-TVH,4G-CTH062M12-TVH,8052,1,24,ENABLED
UL_TVI014M_TVH,4G-TVI014M12-TVH,8006,275,528,ENABLED
UL_CTH043M_TVH,4G-CTH043M12-TVH,8006,115,330,ENABLED
4G-CTH063M-TVH,4G-CTH063M12-TVH,8006,337,24,ENABLED
UL_TVI034M_TVH,4G-TVI034M12-TVH,8006,72,78,ENABLED
4G-TCA040M-TVH,4G-TCA040M12-TVH,8054,10,510,ENABLED
4G-TCA046M-TVH,4G-TCA046M12-TVH,8054,46,60,ENABLED
UL_TVI005M_TVH,4G-TVI005M12-TVH,8006,8,258,ENABLED
4G-TCA039M-TVH,4G-TCA039M12-TVH,8054,184,312,ENABLED
4G-CTH066M-TVH,4G-CTH066M12-TVH,8052,40,6,ENABLED
UL_CTH023M_TVH,4G-CTH023M12-TVH,8006,292,276,ENABLED
UL_TVI006M_TVH,4G-TVI006M12-TVH,8006,14,420,ENABLED
UL_TVI011M_TVH,4G-TVI011M12-TVH,8006,404,240,ENABLED
UL_TVI025M_TVH,4G-TVI025M12-TVH,8006,160,492,ENABLED
4G-CLO025M-TVH,4G-CLO025M12-TVH,8052,239,168,ENABLED
UL_CTH006M_TVH,4G-CTH006M12-TVH,8006,278,66,ENABLED
UL_CTH004M_TVH,4G-CTH004M12-TVH,8006,89,282,ENABLED
4G-CKE044M-TVH,4G-CKE044M12-TVH,8054,31,438,ENABLED
4G-CNG044M-TVH,4G-CNG044M12-TVH,8052,235,600,ENABLED
4G-TCA044M-TVH,4G-TCA044M12-TVH,8054,361,348,ENABLED
UL_TVI004M_TVH,4G-TVI004M12-TVH,8006,98,456,ENABLED
UL_TVI035M_TVH,4G-TVI035M12-TVH,8006,385,294,ENABLED
4G-CTH064M-TVH,4G-CTH064M12-TVH,8052,94,258,ENABLED
UL_CTH052M_TVH,4G-CTH052M12-TVH,8006,235,132,ENABLED
4G-TCU046M-TVH,4G-TCU046M12-TVH,8054,163,564,ENABLED
UL_TVI016M_TVH,4G-TVI016M12-TVH,8006,38,258,ENABLED
4G-CKE037M-TVH,4G-CKE037M12-TVH,8054,70,510,ENABLED
UL_TVI013M_TVH,4G-TVI013M12-TVH,8006,71,600,ENABLED
4G-TCU044M-TVH,4G-TCU044M12-TVH,8054,160,60,ENABLED
UL_CTH001M_TVH,4G-CTH001M12-TVH,8006,22,300,ENABLED
4G-CNG020M-TVH,4G-CNG020M12-TVH,8052,194,144,ENABLED
UL_TVI031M_TVH,4G-TVI031M12-TVH,8006,169,96,ENABLED
4G-HDH028M-TVH,4G-HDH028M12-TVH,8052,277,312,ENABLED
UL_TVI028M_TVH,4G-TVI028M12-TVH,8006,317,510,ENABLED
UL_TVI020M_TVH,4G-TVI020M12-TVH,8006,212,6,ENABLED
4G-DHA042M-TVH,4G-DHA042M12-TVH,8052,181,60,ENABLED
UL_CTH047M_TVH,4G-CTH047M12-TVH,8006,440,168,ENABLED
UL_TVI021M_TVH,4G-TVI021M12-TVH,8006,449,474,ENABLED
4G-TVI047M-TVH,4G-TVI047M12-TVH,8006,178,276,ENABLED
4G-HDH029M-TVH,4G-HDH029M12-TVH,8052,214,618,ENABLED
4G-CTH002M-TVH,4G-CTH002M12-TVH,8052,108,294,ENABLED
4G-TCU045M-TVH,4G-TCU045M12-TVH,8054,397,384,ENABLED
UL_TVI002M_TVH,4G-TVI002M12-TVH,8006,182,186,ENABLED
4G-PMY155M-VTU,4G-PMY155M12-VTU,8222,22,84,ENABLED
UL_VTA245M_VTU,4G-VTA245M12-VTU,8220,313,228,ENABLED
4G-VTA263M-VTU,4G-VTA263M12-VTU,8220,130,186,ENABLED
4G-CDU096M-VTU,4G-CDU096M12-VTU,8222,313,90,ENABLED
4G-CDU097M-VTU,4G-CDU097M12-VTU,8223,286,294,ENABLED
4G-PMY172M-VTU,4G-PMY172M12-VTU,8222,349,438,ENABLED
4G-PMY154M-VTU,4G-PMY154M12-VTU,8222,10,66,ENABLED
4G-PMY164M-VTU,4G-PMY164M12-VTU,8222,127,210,ENABLED
UL_PMY041M_VTU,4G-PMY041M12-VTU,8222,79,282,ENABLED
4G-VTA247M-VTU,4G-VTA247M12-VTU,8220,253,258,ENABLED
4G-VTA265M-VTU,4G-VTA265M12-VTU,8220,280,276,ENABLED
4G-PMY156M-VTU,4G-PMY156M12-VTU,8222,25,126,ENABLED
UL_BRI073M_VTU,4G-BRI073M12-VTU,8222,202,174,ENABLED
4G-CDU098M-VTU,4G-CDU098M12-VTU,8222,367,120,ENABLED
4G-PMY162M-VTU,4G-PMY162M12-VTU,8222,355,420,ENABLED
4G-PMY169M-VTU,4G-PMY169M12-VTU,8222,421,246,ENABLED
UL_PMY137M_VTU,4G-PMY137M12-VTU,8222,97,252,ENABLED
UL_DDO018M_VTU,4G-DDO018M12-VTU,8220,364,324,ENABLED
UL_PMY140M_VTU,4G-PMY140M12-VTU,8222,76,450,ENABLED
4G-VTA258M-VTU,4G-VTA258M12-VTU,8220,424,576,ENABLED
UL_CDU092M_VTU,4G-CDU092M12-VTU,8223,313,234,ENABLED
4G-BRI079M-VTU,4G-BRI079M12-VTU,8222,169,72,ENABLED
4G-CDU116M-VTU,4G-CDU116M12-VTU,8222,229,624,ENABLED
4G-XMO110M-VTU,4G-XMO110M12-VTU,8224,187,372,ENABLED
4G-XMO107M-VTU,4G-XMO107M12-VTU,8224,364,486,ENABLED
4G-VTA267M-VTU,4G-VTA267M12-VTU,8220,385,48,ENABLED
4G-VTA259M-VTU,4G-VTA259M12-VTU,8220,367,528,ENABLED
4G-PMY159M-VTU,4G-PMY159M12-VTU,8222,34,216,ENABLED
4G-PMY166M-VTU,4G-PMY166M12-VTU,8222,430,576,ENABLED
4G-XMO114M-VTU,4G-XMO114M12-VTU,8224,439,168,ENABLED
4G-PMY174M-VTU,4G-PMY174M12-VTU,8222,244,348,ENABLED
4G-XMO106M-VTU,4G-XMO106M12-VTU,8224,328,534,ENABLED
4G-CDU100M-VTU,4G-CDU100M12-VTU,8223,394,396,ENABLED
4G-CDU115M-VTU,4G-CDU115M12-VTU,8223,25,432,ENABLED
UL_PMY138M_VTU,4G-PMY138M12-VTU,8222,340,258,ENABLED
4G-CDU117M-VTU,4G-CDU117M12-VTU,8222,316,330,ENABLED
4G-BRI080M-VTU,4G-BRI080M12-VTU,8222,343,30,ENABLED
4G-PMY173M-VTU,4G-PMY173M12-VTU,8222,229,618,ENABLED
4G-VTA249M-VTU,4G-VTA249M12-VTU,8220,226,354,ENABLED
4G-PMY153M-VTU,4G-PMY153M12-VTU,8222,7,48,ENABLED
UL_PMY030M_VTU,4G-PMY030M12-VTU,8222,118,126,ENABLED
4G-XMO112M-VTU,4G-XMO112M12-VTU,8224,22,576,ENABLED
4G-XMO109M-VTU,4G-XMO109M12-VTU,8224,160,150,ENABLED
4G-CDU114M-VTU,4G-CDU114M12-VTU,8222,406,516,ENABLED
4G-PMY157M-VTU,4G-PMY157M12-VTU,8222,28,150,ENABLED
4G-VTA266M-VTU,4G-VTA266M12-VTU,8220,316,366,ENABLED
4G-VTA256M-VTU,4G-VTA256M12-VTU,8220,403,318,ENABLED
UL_TCH035M_AGG,4G-TCH035M12-AGG,6336,148,42,ENABLED
UL_CMO043M_AGG,4G-CMO043M12-AGG,6307,352,78,ENABLED
4G-TSO066M-AGG,4G-TSO066M12-AGG,6335,430,546,ENABLED
UL_LXU005M_AGG,4G-LXU005M12-AGG,6309,70,342,ENABLED
4G-CTH060M-AGG,4G-CTH060M12-AGG,6307,238,366,ENABLED
4G-CTH059M-AGG,4G-CTH059M12-AGG,6307,127,492,ENABLED
4G-TCH015M-AGG,4G-TCH015M12-AGG,6336,230,120,ENABLED
4G-CMO070M-AGG,4G-CMO070M12-AGG,6307,334,384,ENABLED
4G-TBI042M-AGG,4G-TBI042M12-AGG,6335,202,492,ENABLED
4G-TSO064M-AGG,4G-TSO064M12-AGG,6335,106,60,ENABLED
4G-CTH058M-AGG,4G-CTH058M12-AGG,6307,121,24,ENABLED
4G-CPH072M-AGG,4G-CPH072M12-AGG,6336,259,60,ENABLED
4G-TSO065M-AGG,4G-TSO065M12-AGG,6335,340,60,ENABLED
UL_APH070M_AGG,4G-APH070M12-AGG,6336,304,222,ENABLED
UL_CTH040M_AGG,4G-CTH040M12-AGG,6307,148,414,ENABLED
UL_CTH036M_AGG,4G-CTH036M12-AGG,6307,325,384,ENABLED
UL_LXU108M_AGG,4G-LXU108M12-AGG,6309,43,96,ENABLED
UL_PTA048M_AGG,4G-PTA048M12-AGG,6336,29,468,ENABLED
UL_TCH024M_AGG,4G-TCH024M12-AGG,6336,417,564,ENABLED
4G-LXU069M-AGG,4G-LXU069M12-AGG,6309,439,330,ENABLED
4G-PTA011M-AGG,4G-PTA011M12-AGG,6336,157,258,ENABLED
UL_CMO041M_AGG,4G-CMO200M13-AGG,6307,497,402,ENABLED
UL_PTA038M_AGG,4G-PTA038M12-AGG,6336,72,210,ENABLED
UL_PTA051M_AGG,4G-PTA051M12-AGG,6336,345,546,ENABLED
4G-TBI043M-AGG,4G-TBI043M12-AGG,6335,151,294,ENABLED
4G-GTR057M-BTE,4G-GTR057M12-BTE,6551,118,366,ENABLED
UL_BTR033M_BTE,4G-BTR033M12-BTE,6551,397,228,ENABLED
4G-TPH058M-BTE,4G-TPH058M12-BTE,6556,43,240,ENABLED
4G-TPH059M-BTE,4G-TPH059M12-BTE,6556,244,276,ENABLED
UL_CTH006M_BTE,4G-CTH006M12-BTE,6551,364,618,ENABLED
4G-GTR056M-BTE,4G-GTR056M12-BTE,6551,322,114,ENABLED
4G-CTH074M-BTE,4G-CTH074M12-BTE,6551,445,546,ENABLED
UL_BTR072M_BTE,4G-BTR072M12-BTE,6551,78,174,ENABLED
UL_MCB014M_BTE,4G-MCB014M12-BTE,6551,106,594,ENABLED
UL_BTR059M_BTE,4G-BTR059M12-BTE,6551,421,84,ENABLED
4G-MCN046M-BTE,4G-MCN046M12-BTE,6551,436,60,ENABLED
4G-BDA073M-BTE,4G-BDA073M12-BTE,6556,259,546,ENABLED
4G-BTI068M-BTE,4G-BTI068M12-BTE,6556,394,132,ENABLED
UL_BTR085M_BTE,4G-BTR085M12-BTE,6551,336,366,ENABLED
4G-GTR060M-BTE,4G-GTR060M12-BTE,6551,268,24,ENABLED
UL_CTH034M_BTE,4G-CTH034M12-BTE,6551,340,396,ENABLED
4G-BDA071M-BTE,4G-BDA071M12-BTE,6556,325,168,ENABLED
4G-CTH068M-BTE,4G-CTH068M12-BTE,6551,226,528,ENABLED
4G-BTR086M-BTE,4G-BTR086M12-BTE,6551,304,114,ENABLED
4G-BTR020M-BTE,4G-BTR020M12-BTE,6551,172,588,ENABLED
4G-GTR054M-BTE,4G-GTR054M12-BTE,6551,436,96,ENABLED
UL_CLA031M_BTE,4G-CLA031M12-BTE,6551,40,24,ENABLED
4G-CTH072M-BTE,4G-CTH072M12-BTE,6551,406,618,ENABLED
4G-CTH049M-BTE,4G-CTH049M12-BTE,6551,328,570,ENABLED
UL_CLA008M_BTE,4G-CLA008M12-BTE,6551,168,90,ENABLED
4G-CTH067M-BTE,4G-CTH067M12-BTE,6551,289,600,ENABLED
4G-GTR059M-BTE,4G-GTR059M12-BTE,6551,229,240,ENABLED
4G-CTH112M-TGG,4G-CTH112M12-TGG,7991,337,330,ENABLED
4G-HCL030M-TGG,4G-HCL030M12-TGG,7993,306,558,ENABLED
4G-CLA087M-TGG,4G-CLA087M12-TGG,7993,262,96,ENABLED
UL_CGA011M_TGG,4G-CGA011M12-TGG,7992,7,240,ENABLED
4G-GCD008M-TGG,4G-GCD008M12-TGG,7992,36,276,ENABLED
4G-GCT004M-TGG,4G-GCT004M12-TGG,7992,295,366,ENABLED
4G-HCL021M-TGG,4G-HCL021M12-TGG,7993,72,522,ENABLED
4G-HCL079M-TGG,4G-HCL079M12-TGG,7993,100,222,ENABLED
4G-CLA088M-TGG,4G-CLA088M12-TGG,7993,424,564,ENABLED
4G-MTH049M-TGG,4G-MTH049M12-TGG,7991,211,222,ENABLED
4G-CTH111M-TGG,4G-CTH111M12-TGG,7991,16,384,ENABLED
4G-GCD059M-TGG,4G-GCD059M12-TGG,7992,163,150,ENABLED
4G-CGA038M-TGG,4G-CGA038M12-TGG,7992,280,348,ENABLED
4G-HCL078M-TGG,4G-HCL078M12-TGG,7993,310,168,ENABLED
4G-HCL081M-TGG,4G-HCL081M12-TGG,7993,121,492,ENABLED
4G-GCD060M-TGG,4G-GCD060M12-TGG,7992,442,78,ENABLED
4G-HCL073M-TGG,4G-HCL073M12-TGG,7993,88,474,ENABLED
4G-CTH109M-TGG,4G-CTH109M12-TGG,7993,448,600,ENABLED
4G-MTH065M-TGG,4G-MTH065M12-TGG,7991,382,402,ENABLED
4G-GCD061M-TGG,4G-GCD061M12-TGG,7992,259,528,ENABLED
4G-CLA090M-TGG,4G-CLA090M12-TGG,7993,334,330,ENABLED
4G-CLA048M-TGG,4G-CLA048M12-TGG,7993,66,564,ENABLED
4G-GCD065M-TGG,4G-GCD065M12-TGG,7992,154,546,ENABLED
4G-HCL020M-TGG,4G-HCL020M12-TGG,7993,429,36,ENABLED
UL_CGA021M_TGG,4G-CGA021M12-TGG,7991,82,150,ENABLED
4G-TPH022M-TGG,4G-TPH022M12-TGG,7993,106,96,ENABLED
4G-GCT059M-TGG,4G-GCT059M12-TGG,7992,70,132,ENABLED
4G-CLA091M-TGG,4G-CLA091M12-TGG,7993,340,150,ENABLED
4G-GCD064M-TGG,4G-GCD064M12-TGG,7992,52,438,ENABLED
4G-TPH012M-TGG,4G-TPH012M12-TGG,7993,184,258,ENABLED
4G-CGA079M-TGG,4G-CGA079M12-TGG,7991,43,312,ENABLED
4G-GCD041M-TGG,4G-GCD041M12-TGG,7992,229,294,ENABLED
4G-CLA084M-TGG,4G-CLA084M12-TGG,7993,217,384,ENABLED
4G-CBE103M-TGG,4G-CBE103M12-TGG,7993,385,42,ENABLED
4G-CTH115M-TGG,4G-CTH115M12-TGG,7991,436,528,ENABLED
4G-CTH037M-TGG,4G-CTH037M12-TGG,7993,157,384,ENABLED
4G-HCL077M-TGG,4G-HCL077M12-TGG,7993,184,60,ENABLED
4G-HCL067M-TGG,4G-HCL067M12-TGG,7993,391,492,ENABLED
4G-CGA082M-TGG,4G-CGA082M12-TGG,7992,250,312,ENABLED
4G-HCL080M-TGG,4G-HCL080M12-TGG,7993,250,438,ENABLED
4G-GCD063M-TGG,4G-GCD063M12-TGG,7992,307,420,ENABLED
4G-GCT058M-TGG,4G-GCT058M12-TGG,7992,172,78,ENABLED
4G-GCO020M-TGG,4G-GCO020M12-TGG,7992,286,474,ENABLED
4G-CLA092M-TGG,4G-CLA092M12-TGG,7993,64,474,ENABLED
4G-CGA083M-TGG,4G-CGA083M12-TGG,7992,331,366,ENABLED
4G-CBE108M-TGG,4G-CBE108M12-TGG,7993,220,600,ENABLED
4G-CBE028M-TGG,4G-CBE028M12-TGG,7993,162,450,ENABLED
4G-TPH019M-TGG,4G-TPH019M12-TGG,7993,375,402,ENABLED
4G-CBE027M-TGG,4G-CBE027M12-TGG,7993,333,630,ENABLED
4G-CGA075M-TGG,4G-CGA075M12-TGG,7992,148,96,ENABLED
4G-TPH062M-TGG,4G-TPH062M12-TGG,7993,322,348,ENABLED
4G-CTH108M-TGG,4G-CTH108M12-TGG,7993,205,618,ENABLED
4G-HCL076M-TGG,4G-HCL076M12-TGG,7993,259,600,ENABLED
4G-CBE107M-TGG,4G-CBE107M12-TGG,7993,22,366,ENABLED
4G-CBE052M-TGG,4G-CBE052M12-TGG,7993,85,438,ENABLED
4G-GCD062M-TGG,4G-GCD062M12-TGG,7992,121,204,ENABLED
4G-HCL018M-TGG,4G-HCL018M12-TGG,7993,87,78,ENABLED
4G-GCD037M-TGG,4G-GCD037M12-TGG,7992,430,366,ENABLED
4G-HCL066M-TGG,4G-HCL066M12-TGG,7993,139,636,ENABLED
UL_MTH059M_TGG,4G-MTH059M12-TGG,7991,331,366,ENABLED
4G-TPH011M-TGG,4G-TPH011M12-TGG,7993,131,594,ENABLED
4G-CTH021M-TGG,4G-CTH021M12-TGG,7991,274,114,ENABLED
4G-CLA085M-TGG,4G-CLA085M12-TGG,7993,193,6,ENABLED
4G-TPH063M-TGG,4G-TPH063M12-TGG,7993,445,582,ENABLED
4G-CLA089M-TGG,4G-CLA089M12-TGG,7993,208,546,ENABLED
UL_CGA046M_TGG,4G-CGA046M12-TGG,7992,226,132,ENABLED
UL_CBE041M_TGG,4G-CBE041M12-TGG,7993,209,54,ENABLED
4G-CTH110M-TGG,4G-CTH110M12-TGG,7993,187,636,ENABLED
4G-CTH114M-TGG,4G-CTH114M12-TGG,7991,355,636,ENABLED
4G-GCO005M-TGG,4G-GCO005M12-TGG,7992,141,150,ENABLED
4G-HCL068M-TGG,4G-HCL068M12-TGG,7993,130,96,ENABLED
4G-CGA077M-TGG,4G-CGA077M12-TGG,7991,442,492,ENABLED
4G-GCT061M-TGG,4G-GCT061M12-TGG,7992,61,276,ENABLED
4G-HCL082M-TGG,4G-HCL082M12-TGG,7993,49,78,ENABLED
4G-CBE060M-TGG,4G-CBE060M12-TGG,7993,283,294,ENABLED
4G-CTH005M-TGG,4G-CTH005M12-TGG,7993,325,420,ENABLED
4G-CTH113M-TGG,4G-CTH113M12-TGG,7991,196,24,ENABLED
4G-CGA084M-TGG,4G-CGA084M12-TGG,7992,199,276,ENABLED
4G-CLA086M-TGG,4G-CLA086M12-TGG,7993,319,42,ENABLED
4G-HCL072M-TGG,4G-HCL072M12-TGG,7993,151,276,ENABLED
4G-CBE105M-TGG,4G-CBE105M12-TGG,7993,406,24,ENABLED
4G-GCO021M-TGG,4G-GCO021M12-TGG,7992,345,636,ENABLED
4G-TPH007M-TGG,4G-TPH007M12-TGG,7993,363,6,ENABLED
4G-HCL029M-TGG,4G-HCL029M12-TGG,7993,247,618,ENABLED
UL_TDM008M_BDG,4G-TDM008M12-BDG,6660,202,258,ENABLED
UL_BCA106M_BDG,4G-BCA106M12-BDG,6661,373,198,ENABLED
UL_DTI096M_BDG,4G-DTI096M12-BDG,6665,28,84,ENABLED
UL_TDM025M_BDG,4G-TDM025M12-BDG,6660,73,66,ENABLED
UL_BTY079M_BDG,4G-BTY079M12-BDG,6661,310,96,ENABLED
UL_TUY125M_BDG,4G-TUY125M12-BDG,6666,421,144,ENABLED
UL_TAN087M_BDG,4G-TAN087M12-BDG,6663,223,654,ENABLED
UL_TDM188M_BDG,4G-TDM188M12-BDG,6663,301,420,ENABLED
UL_BTY022M_BDG,4G-BTY022M12-BDG,6666,112,84,ENABLED
4G-BBA119M-BDG,4G-BBA119M12-BDG,6665,265,450,ENABLED
UL_DAN082M_BDG,4G-DAN082M12-BDG,6604,266,306,ENABLED
UL_DAN015M_BDG,4G-DAN015M12-BDG,6604,139,252,ENABLED
UL_BCA009M_BDG,4G-BCA009M12-BDG,6661,64,18,ENABLED
UL_BCA181M_BDG,4G-BCA181M12-BDG,6661,202,408,ENABLED
UL_TDM066M_BDG,4G-TDM066M12-BDG,6660,214,204,ENABLED
UL_TAN046M_BDG,4G-TAN046M12-BDG,6663,229,492,ENABLED
UL_TUY222M_BDG,4G-TUY222M12-BDG,6661,409,288,ENABLED
UL_BCA051M_BDG,4G-BCA051M12-BDG,6661,25,324,ENABLED
4G-TDM245M-BDG,4G-TDM245M12-BDG,6660,82,546,ENABLED
UL_TAN152M_BDG,4G-TAN152M12-BDG,6663,91,114,ENABLED
UL_TAN021M_BDG,4G-TAN021M12-BDG,6663,193,132,ENABLED
UL_TAN151M_BDG,4G-TAN151M12-BDG,6663,226,468,ENABLED
4G-PGI120M-BDG,4G-PGI120M12-BDG,6665,376,228,ENABLED
UL_DAN007M_BDG,4G-DAN007M12-BDG,6604,172,174,ENABLED
4G-DAN197M-BDG,4G-DAN197M12-BDG,6604,70,402,ENABLED
UL_TUY230M_BDG,4G-TUY230M12-BDG,6666,316,636,ENABLED
UL_BTY080M_BDG,4G-BTY080M12-BDG,6666,73,216,ENABLED
UL_TUY158M_BDG,4G-TUY158M12-BDG,6660,295,366,ENABLED
4G-TUY265M-BDG,4G-TUY265M12-BDG,6666,172,186,ENABLED
UL_TDM058M_BDG,4G-TDM058M12-BDG,6663,121,156,ENABLED
UL_BTY013M_BDG,4G-BTY013M12-BDG,6666,406,606,ENABLED
4G-BBA120M-BDG,4G-BBA120M12-BDG,6665,259,426,ENABLED
UL_BCA068M_BDG,4G-BCA068M12-BDG,6661,160,492,ENABLED
UL_TDM010M_BDG,4G-TDM010M12-BDG,6663,10,384,ENABLED
UL_TAN127M_BDG,4G-TAN127M12-BDG,6663,97,0,ENABLED
4G-BBA121M-BDG,4G-BBA121M12-BDG,6661,331,624,ENABLED
UL_BBA012M_BDG,4G-BBA012M12-BDG,6665,76,138,ENABLED
4G-TUY266M-BDG,4G-TUY266M12-BDG,6666,133,30,ENABLED
4G-TDM238M-BDG,4G-TDM238M12-BDG,6660,112,192,ENABLED
UL_BTY078M_BDG,4G-BTY078M12-BDG,6666,382,42,ENABLED
UL_BTY040M_BDG,4G-BTY040M12-BDG,6666,262,204,ENABLED
4G-BBA118M-BDG,4G-BBA118M12-BDG,6665,211,300,ENABLED
UL_DTI097M_BDG,4G-DTI097M12-BDG,6665,58,96,ENABLED
UL_BTY030M_BDG,4G-BTY030M12-BDG,6661,97,420,ENABLED
UL_DAN025M_BDG,4G-DAN025M12-BDG,6604,19,390,ENABLED
UL_BCA189M_BDG,4G-BCA189M12-BDG,6661,112,330,ENABLED
UL_BCA114M_BDG,4G-BCA114M12-BDG,6661,343,132,ENABLED
4G-TUY288M-BDG,4G-TUY288M12-BDG,6666,67,384,ENABLED
4G-BCA327M-BDG,4G-BCA327M12-BDG,6661,142,6,ENABLED
UL_TDM196M_BDG,4G-TDM196M12-BDG,6660,70,336,ENABLED
UL_TAN150M_BDG,4G-TAN150M12-BDG,6663,352,354,ENABLED
UL_DAN088M_BDG,4G-DAN088M12-BDG,6663,172,270,ENABLED
UL_TUY135M_BDG,4G-TUY135M12-BDG,6666,43,408,ENABLED
4G-TDM246M-BDG,4G-TDM246M12-BDG,6660,367,408,ENABLED
UL_TDM105M_BDG,4G-TDM105M12-BDG,6660,94,390,ENABLED
UL_DAN131M_BDG,4G-DAN131M12-BDG,6604,379,318,ENABLED
4G-PGI103M-BDG,4G-PGI103M12-BDG,6665,88,234,ENABLED
4G-TUY291M-BDG,4G-TUY291M12-BDG,6666,115,408,ENABLED
UL_BCA008M_BDG,4G-BCA008M12-BDG,6661,61,630,ENABLED
UL_TAN117M_BDG,4G-TAN117M12-BDG,6663,286,624,ENABLED
UL_BCA219M_BDG,4G-BCA219M12-BDG,6661,244,60,ENABLED
4G-PGI099M-BDG,4G-PGI099M12-BDG,6665,382,462,ENABLED
4G-BCA304M-BDG,4G-BCA304M12-BDG,6661,337,516,ENABLED
UL_BCA267M_BDG,4G-BCA267M12-BDG,6661,301,378,ENABLED
UL_BTY020M_BDG,4G-BTY020M12-BDG,6661,67,312,ENABLED
4G-BCA321M-BDG,4G-BCA321M12-BDG,6661,22,156,ENABLED
UL_TDM107M_BDG,4G-TDM107M12-BDG,6660,358,426,ENABLED
UL_TAN116M_BDG,4G-TAN116M12-BDG,6663,22,516,ENABLED
UL_DAN013M_BDG,4G-DAN013M12-BDG,6604,193,516,ENABLED
UL_TUY106M_BDG,4G-TUY106M12-BDG,6666,316,510,ENABLED
UL_BTY015M_BDG,4G-BTY015M12-BDG,6666,289,444,ENABLED
UL_BCA041M_BDG,4G-BCA041M12-BDG,6661,139,54,ENABLED
UL_TUY185M_BDG,4G-TUY185M12-BDG,6666,250,276,ENABLED
4G-BCA325M-BDG,4G-BCA325M12-BDG,6661,91,396,ENABLED
4G-PGI114M-BDG,4G-PGI114M12-BDG,6665,61,264,ENABLED
UL_DAN079M_BDG,4G-DAN079M12-BDG,6604,46,276,ENABLED
UL_BCA199M_BDG,4G-BCA199M12-BDG,6661,457,678,ENABLED
4G-BCA328M-BDG,4G-BCA328M12-BDG,6661,445,216,ENABLED
4G-PGI101M-BDG,4G-PGI101M12-BDG,6666,22,210,ENABLED
UL_TDM216M_BDG,4G-TDM216M12-BDG,6660,136,312,ENABLED
UL_BTY057M_BDG,4G-BTY057M12-BDG,6666,247,138,ENABLED
UL_BTY061M_BDG,4G-BTY061M12-BDG,6661,198,582,ENABLED
UL_TDM032M_BDG,4G-TDM032M12-BDG,6663,37,636,ENABLED
4G-DAN198M-BDG,4G-DAN198M12-BDG,6604,295,120,ENABLED
4G-TAN202M-BDG,4G-TAN202M12-BDG,6663,202,396,ENABLED
UL_BCA113M_BDG,4G-BCA113M12-BDG,6661,340,600,ENABLED
UL_DAN143M_BDG,4G-DAN143M12-BDG,6604,1,330,ENABLED
4G-BCA324M-BDG,4G-BCA324M12-BDG,6661,22,324,ENABLED
UL_TAN153M_BDG,4G-TAN153M12-BDG,6663,28,432,ENABLED
UL_TUY132M_BDG,4G-TUY132M12-BDG,6666,55,546,ENABLED
UL_BBA061M_BDG,4G-BBA061M12-BDG,6665,430,606,ENABLED
UL_TDM019M_BDG,4G-TDM019M12-BDG,6663,319,378,ENABLED
UL_PGI031M_BDG,4G-PGI031M12-BDG,6665,421,402,ENABLED
UL_BCA078M_BDG,4G-BCA078M12-BDG,6661,346,612,ENABLED
UL_DAN134M_BDG,4G-DAN134M12-BDG,6604,90,558,ENABLED
UL_TUY221M_BDG,4G-TUY221M12-BDG,6666,304,198,ENABLED
UL_TUY227M_BDG,4G-TUY227M12-BDG,6666,208,630,ENABLED
UL_TDM072M_BDG,4G-TDM072M12-BDG,6663,190,84,ENABLED
UL_TAN113M_BDG,4G-TAN113M12-BDG,6604,76,108,ENABLED
4G-TAN209M-BDG,4G-TAN209M12-BDG,6663,142,492,ENABLED
UL_TUY186M_BDG,4G-TUY186M12-BDG,6666,160,186,ENABLED
UL_BBA024M_BDG,4G-BBA024M12-BDG,6665,85,204,ENABLED
4G-TUY285M-BDG,4G-TUY285M12-BDG,6666,298,240,ENABLED
4G-PGI104M-BDG,4G-PGI104M12-BDG,6665,205,132,ENABLED
UL_DAN130M_BDG,4G-DAN130M12-BDG,6604,112,174,ENABLED
UL_DAN006M_BDG,4G-DAN006M12-BDG,6604,304,300,ENABLED
UL_TUY182M_BDG,4G-TUY182M12-BDG,6666,271,444,ENABLED
UL_BTY008M_BDG,4G-BTY008M12-BDG,6661,181,600,ENABLED
4G-TUY289M-BDG,4G-TUY289M12-BDG,6666,250,642,ENABLED
UL_TAN103M_BDG,4G-TAN103M12-BDG,6663,310,534,ENABLED
4G-TUY292M-BDG,4G-TUY292M12-BDG,6666,442,60,ENABLED
4G-TUY262M-BDG,4G-TUY262M12-BDG,6666,235,612,ENABLED
UL_TUY018M_BDG,4G-TUY018M12-BDG,6666,283,354,ENABLED
4G-BCA308M-BDG,4G-BCA308M12-BDG,6661,172,258,ENABLED
UL_BBA034M_BDG,4G-BBA034M12-BDG,6661,151,282,ENABLED
UL_TDM092M_BDG,4G-TDM092M12-BDG,6663,25,294,ENABLED
UL_TDM079M_BDG,4G-TDM079M12-BDG,6660,175,576,ENABLED
UL_TDM036M_BDG,4G-TDM036M12-BDG,6663,40,462,ENABLED
UL_TDM197M_BDG,4G-TDM197M12-BDG,6660,274,468,ENABLED
UL_BCA065M_BDG,4G-BCA065M12-BDG,6661,169,468,ENABLED
4G-TAN206M-BDG,4G-TAN206M12-BDG,6663,151,408,ENABLED
4G-TUY272M-BDG,4G-TUY272M12-BDG,6666,40,492,ENABLED
4G-DAN195M-BDG,4G-DAN195M12-BDG,6604,337,450,ENABLED
UL_DAN062M_BDG,4G-DAN062M12-BDG,6604,418,558,ENABLED
UL_TDM187M_BDG,4G-TDM187M12-BDG,6663,424,540,ENABLED
UL_TUY038M_BDG,4G-TUY038M12-BDG,6666,412,264,ENABLED
UL_BBA025M_BDG,4G-BBA025M12-BDG,6665,331,132,ENABLED
4G-TUY270M-BDG,4G-TUY270M12-BDG,6666,244,564,ENABLED
UL_DAN133M_BDG,4G-DAN133M12-BDG,6604,76,126,ENABLED
4G-TDM249M-BDG,4G-TDM249M12-BDG,6660,253,84,ENABLED
4G-TUY269M-BDG,4G-TUY269M12-BDG,6660,97,240,ENABLED
UL_TUY187M_BDG,4G-TUY187M12-BDG,6666,91,126,ENABLED
UL_TAN172M_BDG,4G-TAN172M12-BDG,6604,31,486,ENABLED
UL_BBA075M_BDG,4G-BBA075M12-BDG,6665,259,480,ENABLED
4G-BCA306M-BDG,4G-BCA306M12-BDG,6661,304,450,ENABLED
UL_TAN147M_BDG,4G-TAN147M12-BDG,6604,281,300,ENABLED
4G-TDM242M-BDG,4G-TDM242M12-BDG,6660,16,480,ENABLED
4G-TAN213M-BDG,4G-TAN213M12-BDG,6663,268,18,ENABLED
4G-TAN204M-BDG,4G-TAN204M12-BDG,6663,352,510,ENABLED
4G-TUY286M-BDG,4G-TUY286M12-BDG,6666,76,210,ENABLED
4G-BTY100M-BDG,4G-BTY100M12-BDG,6666,49,132,ENABLED
4G-BTY094M-BDG,4G-BTY094M12-BDG,6665,442,222,ENABLED
UL_BBA033M_BDG,4G-BBA033M12-BDG,6661,355,204,ENABLED
4G-DTI124M-BDG,4G-DTI124M12-BDG,6665,64,552,ENABLED
UL_TDM193M_BDG,4G-TDM193M12-BDG,6660,247,570,ENABLED
UL_BTY009M_BDG,4G-BTY009M12-BDG,6666,133,528,ENABLED
UL_TAN123M_BDG,4G-TAN123M12-BDG,6663,175,606,ENABLED
UL_BCA215M_BDG,4G-BCA215M12-BDG,6661,253,594,ENABLED
4G-PGI115M-BDG,4G-PGI115M12-BDG,6665,403,258,ENABLED
4G-BCA323M-BDG,4G-BCA323M12-BDG,6661,232,282,ENABLED
UL_BCA109M_BDG,4G-BCA109M12-BDG,6661,412,300,ENABLED
4G-BCA299M-BDG,4G-BCA299M12-BDG,6661,55,18,ENABLED
UL_BCA072M_BDG,4G-BCA072M12-BDG,6661,364,522,ENABLED
UL_BTY042M_BDG,4G-BTY042M12-BDG,6661,226,36,ENABLED
UL_TUY083M_BDG,4G-TUY083M12-BDG,6666,313,222,ENABLED
UL_TUY196M_BDG,4G-TUY196M12-BDG,6661,61,402,ENABLED
4G-PGI100M-BDG,4G-PGI100M12-BDG,6665,352,78,ENABLED
4G-TUY294M-BDG,4G-TUY294M12-BDG,6666,379,456,ENABLED
UL_TUY016M_BDG,4G-TUY016M12-BDG,6666,397,498,ENABLED
UL_TAN114M_BDG,4G-TAN114M12-BDG,6663,448,462,ENABLED
UL_TUY039M_BDG,4G-TUY039M12-BDG,6666,415,588,ENABLED
UL_BCA184M_BDG,4G-BCA184M12-BDG,6661,436,348,ENABLED
4G-DTI115M-BDG,4G-DTI115M12-BDG,6665,31,270,ENABLED
4G-BTY095M-BDG,4G-BTY095M12-BDG,6666,70,246,ENABLED
4G-TUY268M-BDG,4G-TUY268M12-BDG,6666,166,144,ENABLED
4G-BTY093M-BDG,4G-BTY093M12-BDG,6665,448,288,ENABLED
4G-BCA305M-BDG,4G-BCA305M12-BDG,6660,220,90,ENABLED
UL_DAN045M_BDG,4G-DAN045M12-BDG,6604,307,594,ENABLED
UL_TAN009M_BDG,4G-TAN009M12-BDG,6604,214,462,ENABLED
UL_PGI041M_BDG,4G-PGI041M12-BDG,6665,427,450,ENABLED
UL_BBA007M_BDG,4G-BBA007M12-BDG,6661,109,450,DISABLED
4G-TUY271M-BDG,4G-TUY271M12-BDG,6660,226,96,ENABLED
4G-BBA108M-BDG,4G-BBA108M12-BDG,6665,34,168,ENABLED
4G-TDM248M-BDG,4G-TDM248M12-BDG,6663,409,582,ENABLED
UL_DAN148M_BDG,4G-DAN148M12-BDG,6604,211,642,ENABLED
UL_TAN173M_BDG,4G-TAN173M12-BDG,6604,319,636,ENABLED
UL_TUY040M_BDG,4G-TUY040M12-BDG,6666,256,534,ENABLED
4G-BCA322M-BDG,4G-BCA322M12-BDG,6661,286,324,ENABLED
4G-DTI125M-BDG,4G-DTI125M12-BDG,6665,208,0,ENABLED
4G-DAN199M-BDG,4G-DAN199M12-BDG,6604,64,180,ENABLED
UL_TAN050M_BDG,4G-TAN050M12-BDG,6604,268,204,ENABLED
4G-DTI037M-BDG,4G-DTI037M12-BDG,6665,139,450,ENABLED
UL_BCA192M_BDG,4G-BCA192M12-BDG,6660,445,216,ENABLED
UL_TUY163M_BDG,4G-TUY163M12-BDG,6666,163,582,ENABLED
4G-DAN206M-BDG,4G-DAN206M12-BDG,6604,301,108,ENABLED
4G-TUY261M-BDG,4G-TUY261M12-BDG,6666,211,90,ENABLED
4G-TUY263M-BDG,4G-TUY263M12-BDG,6666,70,414,ENABLED
UL_BBA015M_BDG,4G-BBA015M12-BDG,6665,211,396,ENABLED
UL_BTY025M_BDG,4G-BTY025M12-BDG,6666,25,492,ENABLED
UL_DAN053M_BDG,4G-DAN053M12-BDG,6604,364,594,ENABLED
UL_TDM191M_BDG,4G-TDM191M12-BDG,6660,412,378,ENABLED
4G-TDM241M-BDG,4G-TDM241M12-BDG,6660,277,504,ENABLED
4G-TAN205M-BDG,4G-TAN205M12-BDG,6663,316,456,ENABLED
UL_BTY007M_BDG,4G-BTY007M12-BDG,6666,115,450,ENABLED
UL_TDM168M_BDG,4G-TDM168M12-BDG,6660,199,102,ENABLED
UL_TAN042M_BDG,4G-TAN042M12-BDG,6604,55,192,ENABLED
4G-BCA330M-BDG,4G-BCA330M12-BDG,6660,175,174,ENABLED
UL_BCA257M_BDG,4G-BCA257M12-BDG,6661,151,102,ENABLED
4G-TUY284M-BDG,4G-TUY284M12-BDG,6661,157,186,ENABLED
UL_BCA070M_BDG,4G-BCA070M12-BDG,6660,286,252,ENABLED
4G-BBA122M-BDG,4G-BBA122M12-BDG,6666,37,588,ENABLED
4G-TUY267M-BDG,4G-TUY267M12-BDG,6666,25,390,ENABLED
UL_BBA023M_BDG,4G-BBA023M12-BDG,6665,106,36,ENABLED
UL_TUY140M_BDG,4G-TUY140M12-BDG,6661,166,198,ENABLED
4G-DAN201M-BDG,4G-DAN201M12-BDG,6663,391,354,ENABLED
UL_BCA108M_BDG,4G-BCA108M12-BDG,6661,445,96,ENABLED
UL_BTY036M_BDG,4G-BTY036M12-BDG,6666,208,456,ENABLED
UL_DAN135M_BDG,4G-DAN135M12-BDG,6604,271,198,ENABLED
4G-DAN208M-BDG,4G-DAN208M12-BDG,6604,232,60,ENABLED
UL_TUY197M_BDG,4G-TUY197M12-BDG,6666,169,390,ENABLED
4G-BBA109M-BDG,4G-BBA109M12-BDG,6665,103,114,ENABLED
UL_TAN040M_BDG,4G-TAN040M12-BDG,6663,58,324,ENABLED
UL_TDM182M_BDG,4G-TDM182M12-BDG,6660,451,678,ENABLED
UL_TDM015M_BDG,4G-TDM015M12-BDG,6663,337,462,ENABLED
UL_TDM018M_BDG,4G-TDM018M12-BDG,6660,289,210,ENABLED
UL_TAN082M_BDG,4G-TAN082M12-BDG,6604,334,198,ENABLED
4G-TUY260M-BDG,4G-TUY260M12-BDG,6666,265,354,ENABLED
UL_TDM081M_BDG,4G-TDM081M12-BDG,6663,445,282,ENABLED
UL_TAN148M_BDG,4G-TAN148M12-BDG,6663,28,528,ENABLED
UL_BTY023M_BDG,4G-BTY023M12-BDG,6666,109,150,ENABLED
UL_TDM090M_BDG,4G-TDM090M12-BDG,6660,331,108,ENABLED
UL_TAN007M_BDG,4G-TAN007M12-BDG,6663,442,90,ENABLED
UL_TDM041M_BDG,4G-TDM041M12-BDG,6660,349,510,ENABLED
4G-BBA106M-BDG,4G-BBA106M12-BDG,6661,70,564,ENABLED
4G-BCA303M-BDG,4G-BCA303M12-BDG,6661,88,402,ENABLED
UL_TAN043M_BDG,4G-TAN043M12-BDG,6663,418,114,ENABLED
UL_TUY184M_BDG,4G-TUY184M12-BDG,6666,331,486,ENABLED
UL_DAN132M_BDG,4G-DAN132M12-BDG,6604,202,228,ENABLED
UL_DAN165M_BDG,4G-DAN165M12-BDG,6604,247,594,ENABLED
UL_BCA138M_BDG,4G-BCA138M12-BDG,6661,70,564,ENABLED
UL_TDM189M_BDG,4G-TDM189M12-BDG,6663,286,402,ENABLED
4G-TUY264M-BDG,4G-TUY264M12-BDG,6666,310,312,ENABLED
4G-BBA102M-BDG,4G-BBA102M12-BDG,6665,121,372,ENABLED
UL_BCA155M_BDG,4G-BCA155M12-BDG,6661,265,36,ENABLED
UL_TDM195M_BDG,4G-TDM195M12-BDG,6660,235,588,ENABLED
UL_TDM192M_BDG,4G-TDM192M12-BDG,6663,247,312,ENABLED
4G-BTY097M-BDG,4G-BTY097M12-BDG,6666,280,414,ENABLED
4G-BCA326M-BDG,4G-BCA326M12-BDG,6661,223,264,ENABLED
UL_TAN121M_BDG,4G-TAN121M12-BDG,6663,121,594,ENABLED
UL_TDM217M_BDG,4G-TDM217M12-BDG,6660,310,594,ENABLED
UL_TUY194M_BDG,4G-TUY194M12-BDG,6661,193,480,ENABLED
UL_TUY003M_BDG,4G-TUY003M12-BDG,6666,184,324,ENABLED
4G-PGI102M-BDG,4G-PGI102M12-BDG,6665,253,402,ENABLED
4G-TUY290M-BDG,4G-TUY290M12-BDG,6666,145,582,ENABLED
UL_BBA059M_BDG,4G-BBA059M12-BDG,6665,100,162,ENABLED
UL_PGI062M_BDG,4G-PGI062M12-BDG,6665,434,510,ENABLED
UL_BCA050M_BDG,4G-BCA050M12-BDG,6661,7,354,ENABLED
UL_BCA178M_BDG,4G-BCA178M12-BDG,6661,58,252,ENABLED
4G-TUY287M-BDG,4G-TUY287M12-BDG,6661,358,624,ENABLED
UL_BCA027M_BDG,4G-BCA027M12-BDG,6661,241,516,ENABLED
UL_DAN087M_BDG,4G-DAN087M12-BDG,6604,262,276,ENABLED
4G-LVU055M-DTP,4G-LVU055M12-DTP,7111,421,42,ENABLED
4G-SDE041M-DTP,4G-SDE041M12-DTP,7111,304,78,ENABLED
4G-TBI019M-DTP,4G-TBI019M12-DTP,7112,109,204,ENABLED
4G-CLA081M-DTP,4G-CLA081M12-DTP,7111,445,150,ENABLED
4G-CLA080M-DTP,4G-CLA080M12-DTP,7111,343,528,ENABLED
4G-CTH049M-DTP,4G-CTH049M12-DTP,7111,235,186,ENABLED
4G-HNG022M-DTP,4G-HNG022M12-DTP,7112,319,402,ENABLED
4G-LVU054M-DTP,4G-LVU054M12-DTP,7111,268,312,ENABLED
4G-LVO062M-DTP,4G-LVO062M12-DTP,7111,376,492,ENABLED
4G-LVO064M-DTP,4G-LVO064M12-DTP,7111,352,600,ENABLED
4G-TNO040M-DTP,4G-TNO040M12-DTP,7112,301,114,ENABLED
4G-HHN043M-DTP,4G-HHN043M12-DTP,7112,397,618,ENABLED
UL_HHN013M_DTP,4G-HHN013M12-DTP,7112,304,276,ENABLED
4G-THO018M-DTP,4G-THO018M12-DTP,7112,19,78,ENABLED
UL_TMU017M_DTP,4G-TMU017M12-DTP,7112,235,600,ENABLED
4G-LVO065M-DTP,4G-LVO065M12-DTP,7111,394,42,ENABLED
4G-TNO024M-DTP,4G-TNO024M12-DTP,7112,76,168,ENABLED
4G-LVU057M-DTP,4G-LVU057M12-DTP,7111,223,384,ENABLED
UL_SDE030M_DTP,4G-SDE030M12-DTP,7111,163,402,ENABLED
UL_HCL008M_DTP,4G-HCL008M12-DTP,7112,316,60,ENABLED
UL_HCL051M_DTP,4G-HCL051M12-DTP,7111,144,126,ENABLED
4G-THU029M-LAN,4G-THU029M12-LAN,7550,55,600,ENABLED
UL_DHO159M_LAN,4G-DHO159M12-LAN,7549,211,546,ENABLED
4G-TTH036M-LAN,4G-TTH036M12-LAN,7550,79,456,ENABLED
4G-TTH019M-LAN,4G-TTH019M12-LAN,7550,305,180,ENABLED
4G-CDU064M-LAN,4G-CDU064M12-LAN,7511,244,510,ENABLED
4G-BLU112M-LAN,4G-BLU112M12-LAN,7549,184,186,ENABLED
4G-DHO169M-LAN,4G-DHO169M12-LAN,7549,238,312,ENABLED
4G-TTH003M-LAN,4G-TTH003M12-LAN,7550,76,474,ENABLED
4G-MHO036M-LAN,4G-MHO036M12-LAN,7550,316,600,ENABLED
UL_DHO054M_LAN,4G-DHO054M12-LAN,7549,109,456,ENABLED
UL_CGI018M_LAN,4G-CGI018M12-LAN,7511,419,348,ENABLED
SR_TAN032M_LAN,4G-TAN032M12-LAN,7510,428,324,ENABLED
4G-TTU057M-LAN,4G-TTU057M12-LAN,7510,310,636,ENABLED
4G-CGI037M-LAN,4G-CGI037M12-LAN,7511,28,150,ENABLED
4G-DHO170M-LAN,4G-DHO170M12-LAN,7549,40,294,ENABLED
4G-VHU008M-LAN,4G-VHU008M12-LAN,7550,27,258,ENABLED
UL_TTU022M_LAN,4G-TTU022M12-LAN,7510,157,492,ENABLED
4G-VHU026M-LAN,4G-VHU026M12-LAN,7550,283,330,ENABLED
4G-TTH021M-LAN,4G-TTH021M12-LAN,7550,139,474,ENABLED
4G-TAN089M-LAN,4G-TAN089M12-LAN,7510,325,456,ENABLED
4G-TTU055M-LAN,4G-TTU055M12-LAN,7549,61,204,ENABLED
4G-KTU009M-LAN,4G-KTU009M12-LAN,7550,410,258,ENABLED
4G-THO047M-LAN,4G-THO047M12-LAN,7550,319,312,ENABLED
4G-TTR006M-LAN,4G-TTR006M12-LAN,7511,413,414,ENABLED
4G-TTH026M-LAN,4G-TTH026M12-LAN,7550,103,618,ENABLED
4G-TAN090M-LAN,4G-TAN090M12-LAN,7510,208,546,ENABLED
4G-THO045M-LAN,4G-THO045M12-LAN,7550,382,510,ENABLED
4G-DHU023M-LAN,4G-DHU023M12-LAN,7549,147,546,ENABLED
4G-CTH007M-LAN,4G-CTH007M12-LAN,7511,248,138,ENABLED
UL_TTU053M_LAN,4G-TTU053M12-LAN,7510,58,456,ENABLED
4G-CGI005M-LAN,4G-CGI005M12-LAN,7511,310,240,ENABLED
UL_DHU038M_LAN,4G-DHU038M12-LAN,7549,187,546,ENABLED
4G-CDU030M-LAN,4G-CDU030M12-LAN,7511,427,132,ENABLED
SR_TTU012M_LAN,4G-TTU012M12-LAN,7510,185,36,ENABLED
4G-THO040M-LAN,4G-THO040M12-LAN,7550,385,582,ENABLED
4G-CTH031M-LAN,4G-CTH031M12-LAN,7511,232,636,ENABLED
4G-BLU109M-LAN,4G-BLU109M12-LAN,7549,208,6,ENABLED
4G-CGI072M-LAN,4G-CGI072M12-LAN,7511,433,60,ENABLED
4G-THU027M-LAN,4G-THU027M12-LAN,7550,439,528,ENABLED
4G-TTH034M-LAN,4G-TTH034M12-LAN,7550,448,204,ENABLED
4G-THO044M-LAN,4G-THO044M12-LAN,7550,340,600,ENABLED
UL_BLU020M_LAN,4G-BLU020M12-LAN,7510,142,384,ENABLED
4G-CGI076M-LAN,4G-CGI076M12-LAN,7511,160,114,ENABLED
4G-TTH014M-LAN,4G-TTH014M12-LAN,7550,71,234,ENABLED
4G-TTH013M-LAN,4G-TTH013M12-LAN,7550,64,132,ENABLED
4G-CGI002M-LAN,4G-CGI002M12-LAN,7511,343,528,ENABLED
4G-DHO167M-LAN,4G-DHO167M12-LAN,7549,37,240,ENABLED
4G-THO048M-LAN,4G-THO048M12-LAN,7550,400,384,ENABLED
4G-THO015M-LAN,4G-THO015M12-LAN,7550,227,540,ENABLED
UL_BLU104M_LAN,4G-BLU104M12-LAN,7549,262,402,ENABLED
UL_DHO044M_LAN,4G-DHO044M12-LAN,7549,343,258,ENABLED
4G-THO014M-LAN,4G-THO014M12-LAN,7550,1,150,ENABLED
4G-VHU027M-LAN,4G-VHU027M12-LAN,7550,229,276,ENABLED
4G-BLU113M-LAN,4G-BLU113M12-LAN,7549,415,168,ENABLED
UL_DHO093M_LAN,4G-DHO093M12-LAN,7549,73,636,ENABLED
4G-CDU046M-LAN,4G-CDU046M12-LAN,7511,88,42,ENABLED
4G-THO041M-LAN,4G-THO041M12-LAN,7550,286,564,ENABLED
4G-DHU004M-LAN,4G-DHU004M12-LAN,7549,229,6,ENABLED
UL_DHO158M_LAN,4G-DHO158M12-LAN,7549,97,60,ENABLED
4G-TTH004M-LAN,4G-TTH004M12-LAN,7550,100,366,ENABLED
4G-VHU007M-LAN,4G-VHU007M12-LAN,7550,300,546,ENABLED
4G-KTU001M-LAN,4G-KTU001M12-LAN,7550,249,360,ENABLED
4G-TTR010M-LAN,4G-TTR010M12-LAN,7511,278,0,ENABLED
4G-CDU013M-LAN,4G-CDU013M12-LAN,7511,193,96,ENABLED
4G-CDU003M-LAN,4G-CDU003M12-LAN,7511,388,312,ENABLED
4G-THO001M-LAN,4G-THO001M12-LAN,7550,191,270,ENABLED
4G-BLU041M-LAN,4G-BLU041M12-LAN,7549,127,456,ENABLED
4G-DHO163M-LAN,4G-DHO163M12-LAN,7549,241,600,ENABLED
4G-CTH001M-LAN,4G-CTH001M12-LAN,7511,202,6,ENABLED
4G-TAN091M-LAN,4G-TAN091M12-LAN,7510,268,204,ENABLED
UL_TTU054M_LAN,4G-TTU054M12-LAN,7510,307,564,ENABLED
4G-CTH011M-LAN,4G-CTH011M12-LAN,7511,308,576,ENABLED
4G-CDU036M-LAN,4G-CDU036M12-LAN,7511,391,42,ENABLED
4G-KTU031M-LAN,4G-KTU031M12-LAN,7550,376,294,ENABLED
UL_MHO025M_LAN,4G-MHO025M12-LAN,7550,145,24,ENABLED
4G-THO008M-LAN,4G-THO008M12-LAN,7550,167,342,ENABLED
4G-DHU019M-LAN,4G-DHU019M12-LAN,7549,127,186,ENABLED
4G-THO042M-LAN,4G-THO042M12-LAN,7550,259,402,ENABLED
4G-CGI074M-LAN,4G-CGI074M12-LAN,7511,439,510,ENABLED
4G-TTH007M-LAN,4G-TTH007M12-LAN,7550,427,312,ENABLED
4G-DHU003M-LAN,4G-DHU003M12-LAN,7549,33,258,ENABLED
UL_TTU001M_LAN,4G-TTU001M12-LAN,7549,20,594,ENABLED
UL_TTH022M_LAN,4G-TTH022M12-LAN,7550,173,378,ENABLED
4G-DHO166M-LAN,4G-DHO166M12-LAN,7549,433,150,ENABLED
4G-DHU044M-LAN,4G-DHU044M12-LAN,7549,43,564,ENABLED
4G-TTH033M-LAN,4G-TTH033M12-LAN,7550,400,132,ENABLED
4G-KTU006M-LAN,4G-KTU006M12-LAN,7550,425,186,ENABLED
4G-THU025M-LAN,4G-THU025M12-LAN,7550,220,312,ENABLED
4G-TTR012M-LAN,4G-TTR012M12-LAN,7511,378,486,ENABLED
4G-TTH006M-LAN,4G-TTH006M12-LAN,7550,98,396,ENABLED
4G-CGI025M-LAN,4G-CGI025M12-LAN,7511,119,618,ENABLED
UL_CGI015M_LAN,4G-CGI015M12-LAN,7511,328,420,ENABLED
4G-TTH023M-LAN,4G-TTH023M12-LAN,7550,178,60,ENABLED
4G-KTU029M-LAN,4G-KTU029M12-LAN,7550,244,600,ENABLED
4G-CDU019M-LAN,4G-CDU019M12-LAN,7511,442,348,ENABLED
UL_DHU018M_LAN,4G-DHU018M12-LAN,7549,37,438,ENABLED
4G-TTR026M-LAN,4G-TTR026M12-LAN,7511,154,222,ENABLED
4G-BLU004M-LAN,4G-BLU004M12-LAN,7549,241,528,ENABLED
4G-DHU043M-LAN,4G-DHU043M12-LAN,7549,112,276,ENABLED
4G-KTU030M-LAN,4G-KTU030M12-LAN,7550,394,618,ENABLED
UL_DHO011M_LAN,4G-DHO011M12-LAN,7549,106,204,ENABLED
4G-BLU110M-LAN,4G-BLU110M12-LAN,7510,301,60,ENABLED
4G-DHO164M-LAN,4G-DHO164M12-LAN,7549,262,222,ENABLED
4G-TTH005M-LAN,4G-TTH005M12-LAN,7550,418,546,ENABLED
4G-TTR025M-LAN,4G-TTR025M12-LAN,7511,361,294,DISABLED
UL_DHU041M_LAN,4G-DHU041M12-LAN,7549,367,420,ENABLED
4G-DHO008M-LAN,4G-DHO008M12-LAN,7549,157,624,ENABLED
4G-TTR001M-LAN,4G-TTR001M12-LAN,7511,281,432,ENABLED
4G-TTH009M-LAN,4G-TTH009M12-LAN,7550,20,96,DISABLED
4G-DHO172M-LAN,4G-DHO172M12-LAN,7549,385,6,DISABLED
4G-DHU005M-LAN,4G-DHU005M12-LAN,7549,100,492,ENABLED
SR_TAN025M_LAN,4G-TAN025M12-LAN,7510,215,288,ENABLED
4G-CGI017M-LAN,4G-CGI017M12-LAN,7511,419,420,ENABLED
UL_BLU024M_LAN,4G-BLU024M12-LAN,7549,22,546,ENABLED
4G-CGI001M-LAN,4G-CGI001M12-LAN,7511,320,492,ENABLED
UL_DHU020M_LAN,4G-DHU020M12-LAN,7549,175,294,ENABLED
4G-TTR008M-LAN,4G-TTR008M12-LAN,7511,369,168,ENABLED
4G-CGI011M-LAN,4G-CGI011M12-LAN,7511,445,636,ENABLED
4G-DHO171M-LAN,4G-DHO171M12-LAN,7549,418,168,ENABLED
4G-TTH025M-LAN,4G-TTH025M12-LAN,7550,371,438,ENABLED
4G-VHU028M-LAN,4G-VHU028M12-LAN,7550,382,618,ENABLED
4G-DHO168M-LAN,4G-DHO168M12-LAN,7549,346,438,ENABLED
4G-BLU111M-LAN,4G-BLU111M12-LAN,7510,223,168,ENABLED
4G-CTH006M-LAN,4G-CTH006M12-LAN,7511,177,606,ENABLED
4G-TTH035M-LAN,4G-TTH035M12-LAN,7550,136,546,ENABLED
4G-DHO165M-LAN,4G-DHO165M12-LAN,7549,217,258,ENABLED
4G-BLU108M-LAN,4G-BLU108M12-LAN,7510,328,294,ENABLED
4G-TTR005M-LAN,4G-TTR005M12-LAN,7511,74,246,ENABLED
4G-KTU013M-LAN,4G-KTU013M12-LAN,7550,176,96,ENABLED
4G-THO046M-LAN,4G-THO046M12-LAN,7550,223,150,ENABLED
4G-TTH012M-LAN,4G-TTH012M12-LAN,7550,176,330,ENABLED
4G-CGI014M-LAN,4G-CGI014M12-LAN,7511,437,564,ENABLED
4G-MHO035M-LAN,4G-MHO035M12-LAN,7550,271,402,ENABLED
4G-THU028M-LAN,4G-THU028M12-LAN,7550,163,240,ENABLED
4G-DHU042M-LAN,4G-DHU042M12-LAN,7549,58,150,DISABLED
SL-NKI104M-CTO,4G-NKI104M12-CTO,6220,442,168,ENABLED
SL-CRA078M-CTO,4G-CRA078M12-CTO,6220,220,402,ENABLED
SL-CRA079M-CTO,4G-CRA079M12-CTO,6220,322,186,ENABLED
SL-CDO059M-CTO,4G-CDO059M12-CTO,6211,187,456,ENABLED
SL-CRA080M-CTO,4G-CRA080M12-CTO,6220,202,6,ENABLED
SL-CRA077M-CTO,4G-CRA077M12-CTO,6220,166,600,ENABLED
SL-TVI045M-TVH,4G-TVI045M12-TVH,8006,91,294,ENABLED
LN-CNG043M-TVH,4G-CNG043M12-TVH,8052,247,114,ENABLED
SL-TVI044M-TVH,4G-TVI044M12-TVH,8006,151,384,ENABLED
SL-TVI046M-TVH,4G-TVI046M12-TVH,8006,1,510,ENABLED
LN-HDH025M-TVH,4G-HDH025M12-TVH,8052,274,420,ENABLED
SL-TVI043M-TVH,4G-TVI043M12-TVH,8006,310,114,ENABLED
LN-CKE043M-TVH,4G-CKE043M12-TVH,8054,283,330,ENABLED
LN-CLO058M-TVH,4G-CLO058M12-TVH,8052,169,168,ENABLED
LN-CNG042M-TVH,4G-CNG042M12-TVH,8052,175,96,ENABLED
LN-HDH026M-TVH,4G-HDH026M12-TVH,8052,445,402,ENABLED
LN-CLO051M-TVH,4G-CLO051M12-TVH,8052,61,24,ENABLED
LN-CNG040M-TVH,4G-CNG040M12-TVH,8052,79,402,ENABLED
LN-CLO057M-TVH,4G-CLO057M12-TVH,8052,202,348,ENABLED
SL-TVI017M-TVH,4G-TVI017M12-TVH,8006,104,546,ENABLED
LN-CKE039M-TVH,4G-CKE039M12-TVH,8054,211,294,ENABLED
SL-TVI033M-TVH,4G-TVI033M12-TVH,8006,167,312,ENABLED
LN-TCU048M-TVH,4G-TCU048M12-TVH,8054,106,348,ENABLED
LN-DHA041M-TVH,4G-DHA041M12-TVH,8052,268,348,ENABLED
LN-CKE042M-TVH,4G-CKE042M12-TVH,8054,382,150,ENABLED
LN-TCU047M-TVH,4G-TCU047M12-TVH,8054,262,6,ENABLED
LN-CLO054M-TVH,4G-CLO054M12-TVH,8052,64,510,ENABLED
SL-TVI036M-TVH,4G-TVI036M12-TVH,8006,387,438,ENABLED
LN-CLO052M-TVH,4G-CLO052M12-TVH,8052,412,600,ENABLED
LN-CNG037M-TVH,4G-CNG037M12-TVH,8052,85,222,ENABLED
LN-CLO055M-TVH,4G-CLO055M12-TVH,8052,232,366,ENABLED
LN-DHA040M-TVH,4G-DHA040M12-TVH,8052,352,600,ENABLED
LN-CNG038M-TVH,4G-CNG038M12-TVH,8052,412,132,ENABLED
LN-CNG041M-TVH,4G-CNG041M12-TVH,8052,349,546,ENABLED
LN-TCU049M-TVH,4G-TCU049M12-TVH,8054,388,528,ENABLED
LN-TCA042M-TVH,4G-TCA042M12-TVH,8054,130,330,ENABLED
LN-CKE040M-TVH,4G-CKE040M12-TVH,8054,190,420,ENABLED
LN-CLO056M-TVH,4G-CLO056M12-TVH,8052,22,276,ENABLED
LN-CLO053M-TVH,4G-CLO053M12-TVH,8052,229,42,ENABLED
SL-TVI037M-TVH,4G-TVI037M12-TVH,8006,194,564,ENABLED
SL-CTH060M-TVH,4G-CTH060M12-TVH,8052,28,312,ENABLED
SL-TPH011M-BTE,4G-TPH011M12-BTE,6556,251,390,ENABLED
LN-TPH035M-BTE,4G-TPH035M12-BTE,6556,413,342,ENABLED
LN-BTI001M-BTE,4G-BTI001M12-BTE,6556,17,480,ENABLED
LN-GTR046M-BTE,4G-GTR046M12-BTE,6551,136,582,ENABLED
SL-CTH066M-BTE,4G-CTH066M12-BTE,6551,256,6,ENABLED
SL-CTH071M-BTE,4G-CTH071M12-BTE,6551,265,564,ENABLED
SL-TPH061M-BTE,4G-TPH061M12-BTE,6556,34,600,ENABLED
SL-BTI063M-BTE,4G-BTI063M12-BTE,6556,172,24,ENABLED
SL-BDA043M-BTE,4G-BDA043M12-BTE,6556,169,348,ENABLED
SL-CTH062M-BTE,4G-CTH062M12-BTE,6551,415,312,ENABLED
SL-BDA059M-BTE,4G-BDA059M12-BTE,6556,358,42,ENABLED
SL-TPH029M-BTE,4G-TPH029M12-BTE,6556,49,78,ENABLED
SL-MCB037M-BTE,4G-MCB037M12-BTE,6551,283,60,ENABLED
SL-TPH042M-BTE,4G-TPH042M12-BTE,6556,151,114,ENABLED
LN-BDA016M-BTE,4G-BDA016M12-BTE,6556,7,114,ENABLED
LN-CLA026M-BTE,4G-CLA026M12-BTE,6551,210,522,ENABLED
SL-BDA022M-BTE,4G-BDA022M12-BTE,6556,282,264,ENABLED
SL-CTH063M-BTE,4G-CTH063M12-BTE,6551,235,96,ENABLED
SL-BDA009M-BTE,4G-BDA009M12-BTE,6556,187,30,ENABLED
SL-MCN045M-BTE,4G-MCN045M12-BTE,6551,67,618,ENABLED
SL-BDA051M-BTE,4G-BDA051M12-BTE,6556,133,564,ENABLED
SL-CTH064M-BTE,4G-CTH064M12-BTE,6551,115,366,ENABLED
SL-GTR028M-BTE,4G-GTR028M12-BTE,6551,148,66,ENABLED
SL-CTH073M-BTE,4G-CTH073M12-BTE,6551,1,42,ENABLED
SL-MCN044M-BTE,4G-MCN044M12-BTE,6551,424,114,ENABLED
LN-BDA005M-BTE,4G-BDA005M12-BTE,6556,100,366,ENABLED
LN-BDA024M-BTE,4G-BDA024M12-BTE,6556,418,618,ENABLED
SL-MCB036M-BTE,4G-MCB036M12-BTE,6551,97,474,ENABLED
SL-CLA041M-BTE,4G-CLA041M12-BTE,6551,157,204,ENABLED
SL-BDA063M-BTE,4G-BDA063M12-BTE,6556,256,402,ENABLED
SL-BDA032M-BTE,4G-BDA032M12-BTE,6556,90,84,ENABLED
SL-TPH010M-BTE,4G-TPH010M12-BTE,6556,248,30,ENABLED
SL-TPH057M-BTE,4G-TPH057M12-BTE,6556,157,204,ENABLED
LN-GTR047M-BTE,4G-GTR047M12-BTE,6551,410,336,ENABLED
SL-BTR087M-BTE,4G-BTR087M12-BTE,6551,427,276,ENABLED
LN-CLA019M-BTE,4G-CLA019M12-BTE,6551,366,216,ENABLED
SL-CTH065M-BTE,4G-CTH065M12-BTE,6551,331,276,ENABLED
SL-GTR004M-BTE,4G-GTR004M12-BTE,6551,271,450,ENABLED
SL-TPH060M-BTE,4G-TPH060M12-BTE,6556,148,420,ENABLED
SL-CLA042M-BTE,4G-CLA042M12-BTE,6551,346,150,ENABLED
LN-BDA021M-BTE,4G-BDA021M12-BTE,6556,51,606,ENABLED
SL-TON040M-VLG,4G-TON040M12-VLG,8111,414,432,ENABLED
SL-TBI015M-VLG,4G-TBI015M12-VLG,8153,336,438,ENABLED
LN-MTH029M-VLG,4G-MTH029M12-VLG,8111,216,630,ENABLED
SL-TBI046M-VLG,4G-TBI046M12-VLG,8153,439,240,ENABLED
SL-BTA038M-VLG,4G-BTA038M12-VLG,8153,334,528,ENABLED
SL-VLI050M-VLG,4G-VLI050M12-VLG,8111,163,582,ENABLED
SL-LHO072M-VLG,4G-LHO072M12-VLG,8153,340,420,ENABLED
SL-TON049M-VLG,4G-TON049M12-VLG,8111,196,474,ENABLED
SL-TON018M-VLG,4G-TON018M12-VLG,8111,37,618,ENABLED
SL-BMI036M-VLG,4G-BMI036M12-VLG,8153,310,384,ENABLED
LN-VLI001M-VLG,4G-VLI001M12-VLG,8111,225,348,ENABLED
SL-BTA013M-VLG,4G-BTA013M12-VLG,8153,86,570,ENABLED
SL-LHO074M-VLG,4G-LHO074M12-VLG,8153,400,474,ENABLED
SL-VLO065M-VLG,4G-VLO065M12-VLG,8118,46,42,ENABLED
SL-MTH037M-VLG,4G-MTH037M12-VLG,8111,187,168,ENABLED
SL-TBI049M-VLG,4G-TBI049M12-VLG,8153,418,312,ENABLED
SL-TON009M-VLG,4G-TON009M12-VLG,8111,265,564,ENABLED
SL-VLI048M-VLG,4G-VLI048M12-VLG,8153,310,456,ENABLED
SL-MTH044M-VLG,4G-MTH044M12-VLG,8111,223,114,ENABLED
SL-TBI030M-VLG,4G-TBI030M12-VLG,8153,162,216,ENABLED
SL-TON050M-VLG,4G-TON050M12-VLG,8111,238,132,ENABLED
SL-TON031M-VLG,4G-TON031M12-VLG,8111,262,366,ENABLED
SL-VLI051M-VLG,4G-VLI051M12-VLG,8111,439,78,ENABLED
SL-TON015M-VLG,4G-TON015M12-VLG,8153,126,396,ENABLED
SL-LHO063M-VLG,4G-LHO063M12-VLG,8153,394,132,ENABLED
SL-TON028M-VLG,4G-TON028M12-VLG,8111,286,150,ENABLED
SL-BTA029M-VLG,4G-BTA029M12-VLG,8153,278,66,ENABLED
LN-MTH035M-VLG,4G-MTH035M12-VLG,8111,112,276,ENABLED
LN-TON044M-VLG,4G-TON044M12-VLG,8153,58,492,ENABLED
SL-TON051M-VLG,4G-TON051M12-VLG,8111,205,564,ENABLED
SL-VLI049M-VLG,4G-VLI049M12-VLG,8111,361,294,ENABLED
SL-TON048M-VLG,4G-TON048M12-VLG,8111,328,600,ENABLED
SL-TBI051M-VLG,4G-TBI051M12-VLG,8153,379,150,ENABLED
SL-MTH001M-VLG,4G-MTH001M12-VLG,8111,250,186,ENABLED
SL-TON033M-VLG,4G-TON033M12-VLG,8111,352,528,ENABLED
SL-TON036M-VLG,4G-TON036M12-VLG,8111,181,366,ENABLED
SL-LHO076M-VLG,4G-LHO076M12-VLG,8153,343,348,ENABLED
LN-MTH015M-VLG,4G-MTH015M12-VLG,8111,258,504,ENABLED
SL-TON007M-VLG,4G-TON007M12-VLG,8111,439,168,ENABLED
SL-CLA061M-TGG,4G-CLA061M12-TGG,7993,172,528,ENABLED
SL-KSA008M-STG,4G-KSA008M12-STG,7715,4,222,ENABLED
LN-KSA037M-STG,4G-KSA037M12-STG,7715,223,336,ENABLED
SL-KSA020M-STG,4G-KSA020M12-STG,7715,34,30,ENABLED
SL-KSA036M-STG,4G-KSA036M12-STG,7715,235,150,ENABLED
SL-KSA025M-STG,4G-KSA025M12-STG,7715,436,186,ENABLED
SL-KSA002M-STG,4G-KSA002M12-STG,7715,13,126,ENABLED
SL-KSA018M-STG,4G-KSA018M12-STG,7715,385,618,ENABLED
SL-KSA026M-STG,4G-KSA026M12-STG,7715,40,348,ENABLED
SL-HNG069M-DTP,4G-HNG069M12-DTP,7112,127,384,ENABLED
SL-HHN042M-DTP,4G-HHN042M12-DTP,7112,349,222,ENABLED
SL-HHN025M-DTP,4G-HHN025M12-DTP,7112,322,564,ENABLED
SL-CLA082M-DTP,4G-CLA082M12-DTP,7111,328,600,ENABLED
SL-TBI007M-DTP,4G-TBI007M12-DTP,7112,193,384,ENABLED
SL-HNG026M-DTP,4G-HNG026M12-DTP,7112,370,384,ENABLED
SL-CTH004M-DTP,4G-CTH004M12-DTP,7111,228,552,ENABLED
SL-TBI047M-DTP,4G-TBI047M12-DTP,7112,70,330,ENABLED
SL-THO047M-DTP,4G-THO047M12-DTP,7112,358,582,ENABLED
SL-HCL065M-DTP,4G-HCL065M12-DTP,7111,160,150,ENABLED
SL-HNG068M-DTP,4G-HNG068M12-DTP,7112,79,582,ENABLED
SL-HNG065M-DTP,4G-HNG065M12-DTP,7112,95,174,ENABLED
SL-CLA083M-DTP,4G-CLA083M12-DTP,7111,130,618,ENABLED
SL-TNO036M-DTP,4G-TNO036M12-DTP,7112,268,78,ENABLED
SL-TMU062M-DTP,4G-TMU062M12-DTP,7112,361,276,ENABLED
SL-LVO061M-DTP,4G-LVO061M12-DTP,7111,367,420,ENABLED
SL-TNO038M-DTP,4G-TNO038M12-DTP,7112,172,384,ENABLED
SL-HCL013M-DTP,4G-HCL013M12-DTP,7111,370,438,ENABLED
SL-HNG067M-DTP,4G-HNG067M12-DTP,7112,316,510,ENABLED
SL-LVO066M-DTP,4G-LVO066M12-DTP,7111,37,420,ENABLED
SL-TCH028M-AGG,4G-TCH028M12-AGG,6336,340,582,ENABLED
SL-CPH065M-AGG,4G-CPH065M12-AGG,6336,19,24,ENABLED
SL-CMO069M-AGG,4G-CMO069M12-AGG,6309,337,636,ENABLED
SL-TCH047M-AGG,4G-TCH047M12-AGG,6336,166,474,ENABLED
SL-CMO067M-AGG,4G-CMO067M12-AGG,6307,85,204,ENABLED
SL-LXU068M-AGG,4G-LXU068M12-AGG,6309,199,546,ENABLED
SL-CPH064M-AGG,4G-CPH064M12-AGG,6336,262,96,ENABLED
SL-LXU072M-AGG,4G-LXU072M12-AGG,6309,202,6,ENABLED
SL-CMO068M-AGG,4G-CMO068M12-AGG,6309,274,402,ENABLED
SL-CPH062M-AGG,4G-CPH062M12-AGG,6336,313,150,ENABLED
SL-CPH066M-AGG,4G-CPH066M12-AGG,6336,223,204,ENABLED
SL-CDO042M-AGG,4G-CDO042M12-AGG,6336,379,582,ENABLED
UL_NKI144M_CTO,4G-NKI144M13-CTO,6220,173,66,ENABLED
UL_NKI132M_CTO,4G-NKI132M13-CTO,6220,16,666,ENABLED
UL_NKI038M_CTO,4G-NKI038M13-CTO,6220,385,528,ENABLED
UL_BTH071M_CTO,4G-BTH071M13-CTO,6222,407,372,ENABLED
4G-CRA007M-CTO,4G-CRA007M13-CTO,6220,88,402,ENABLED
4G-NKI077M-CTO,4G-NKI077M13-CTO,6220,193,222,ENABLED
UL_NKI096M_CTO,4G-NKI096M13-CTO,6220,201,510,ENABLED
UL_NKI141M_CTO,4G-NKI141M13-CTO,6222,2,588,ENABLED
UL_NKI043M_CTO,4G-NKI043M13-CTO,6220,79,438,ENABLED
UL_PDI044M_CTO,4G-PDI044M13-CTO,6220,128,462,ENABLED
UL_CRA071M_CTO,4G-CRA071M13-CTO,6220,110,156,ENABLED
UL_NKI092M_CTO,4G-NKI092M13-CTO,6220,271,366,ENABLED
UL_NKI054M_CTO,4G-NKI054M13-CTO,6220,244,6,ENABLED
UL_NKI021M_CTO,4G-NKI021M13-CTO,6220,313,546,ENABLED
4G-NKI084M-CTO,4G-NKI084M13-CTO,6220,145,42,ENABLED
UL_BTH070M_CTO,4G-BTH070M13-CTO,6220,82,390,ENABLED
UL_NKI045M_CTO,4G-NKI045M13-CTO,6220,35,78,ENABLED
UL_NKI012M_CTO,4G-NKI012M13-CTO,6220,391,240,ENABLED
UL_TLA047M_CTO,4G-TLA047M13-CTO,6222,143,264,ENABLED
UL_NKI086M_CTO,4G-NKI086M13-CTO,6220,397,168,ENABLED
UL_NKI041M_CTO,4G-NKI041M13-CTO,6220,26,348,ENABLED
UL_NKI098M_CTO,4G-NKI098M13-CTO,6220,56,96,ENABLED
UL_NKI142M_CTO,4G-NKI142M13-CTO,6220,215,30,ENABLED
UL_CRA074M_CTO,4G-CRA074M13-CTO,6220,164,444,ENABLED
UL_NKI024M_CTO,4G-NKI024M13-CTO,6220,439,420,ENABLED
UL_NKI128M_CTO,4G-NKI128M13-CTO,6220,121,510,ENABLED
UL_NKI062M_CTO,4G-NKI062M13-CTO,6220,226,600,ENABLED
UL_BTH006M_CTO,4G-BTH006M13-CTO,6220,448,24,ENABLED
UL_NKI143M_CTO,4G-NKI143M13-CTO,6220,260,642,ENABLED
UL_NKI133M_CTO,4G-NKI133M13-CTO,6220,130,618,ENABLED
UL_VCH029M_STG,4G-VCH029M13-STG,7715,68,546,ENABLED
UL_KSA009M_STG,4G-KSA009M13-STG,7715,317,102,ENABLED
UL_CLD003M_STG,4G-CLD003M13-STG,7715,412,174,ENABLED
UL_LPH020M_STG,4G-LPH020M13-STG,7715,299,546,ENABLED
UL_VCH001M_STG,4G-VCH001M13-STG,7715,8,150,ENABLED
UL_VCH046M_STG,4G-VCH046M13-STG,7715,23,18,ENABLED
UL_CLD017M_STG,4G-CLD017M13-STG,7715,17,54,ENABLED
UL_VCH032M_STG,4G-VCH032M13-STG,7715,341,306,ENABLED
UL_LPH018M_STG,4G-LPH018M13-STG,7715,118,528,ENABLED
UL_CLD004M_STG,4G-CLD004M13-STG,7715,304,18,ENABLED
UL_KSA011M_STG,4G-KSA011M13-STG,7715,266,456,ENABLED
UL_CLD018M_STG,4G-CLD018M13-STG,7715,248,504,ENABLED
4G-LPH029M-STG,4G-LPH029M13-STG,7715,422,504,ENABLED
UL_VCH045M_STG,4G-VCH045M13-STG,7715,38,174,ENABLED
UL_LPH003M_STG,4G-LPH003M13-STG,7715,338,372,ENABLED
UL_VCH031M_STG,4G-VCH031M13-STG,7715,335,486,ENABLED
UL_VCH015M_STG,4G-VCH015M13-STG,7715,44,180,ENABLED
UL_LPH005M_STG,4G-LPH005M13-STG,7715,116,300,ENABLED
UL_VCH033M_STG,4G-VCH033M13-STG,7715,302,480,ENABLED
UL_VCH030M_STG,4G-VCH030M13-STG,7715,134,300,ENABLED
UL_CLD016M_STG,4G-CLD016M13-STG,7715,26,48,ENABLED
UL_VCH047M_STG,4G-VCH047M13-STG,7715,372,78,ENABLED
UL_CLD002M_STG,4G-CLD002M13-STG,7715,125,222,ENABLED
UL_LPH016M_STG,4G-LPH016M13-STG,7715,415,486,ENABLED
UL_LPH002M_STG,4G-LPH002M13-STG,7715,209,84,ENABLED
UL_VCH014M_STG,4G-VCH014M13-STG,7715,380,18,ENABLED
UL_VCH017M_STG,4G-VCH017M13-STG,7715,14,192,ENABLED
UL_CLD005M_STG,4G-CLD005M13-STG,7715,437,162,ENABLED
UL_VCH044M_STG,4G-VCH044M13-STG,7715,356,156,ENABLED
UL_CLD006M_STG,4G-CLD006M13-STG,7715,317,498,ENABLED
UL_VCH026M_STG,4G-VCH026M13-STG,7715,263,342,ENABLED
UL_VCH035M_STG,4G-VCH035M13-STG,7715,77,60,ENABLED
UL_KSA014M_STG,4G-KSA014M13-STG,7715,11,552,ENABLED
UL_VCH048M_STG,4G-VCH048M13-STG,7715,210,552,ENABLED
UL_VCH003M_STG,4G-VCH003M13-STG,7715,317,594,ENABLED
UL_VCH042M_STG,4G-VCH042M13-STG,7715,254,516,ENABLED
4G-CLD019M-STG,4G-CLD019M13-STG,7715,167,234,ENABLED
UL_CLD015M_STG,4G-CLD015M13-STG,7715,272,282,ENABLED
UL_KSA015M_STG,4G-KSA015M13-STG,7715,277,138,ENABLED
UL_VCH020M_STG,4G-VCH020M13-STG,7715,386,414,ENABLED
UL_KSA031M_STG,4G-KSA031M13-STG,7715,422,528,ENABLED
UL_LPH014M_STG,4G-LPH014M13-STG,7715,296,522,ENABLED
UL_KSA005M_STG,4G-KSA005M13-STG,7715,227,312,ENABLED
UL_KSA024M_STG,4G-KSA024M13-STG,7715,410,582,ENABLED
UL_VCH019M_STG,4G-VCH019M13-STG,7715,248,474,ENABLED
UL_KSA027M_STG,4G-KSA027M13-STG,7715,62,390,ENABLED
4G-LPH030M-STG,4G-LPH030M13-STG,7715,98,96,ENABLED
UL_KSA021M_STG,4G-KSA021M13-STG,7715,341,516,ENABLED
UL_LPH004M_STG,4G-LPH004M13-STG,7715,38,288,ENABLED
UL_VCH013M_STG,4G-VCH013M13-STG,7715,245,642,ENABLED
UL_LPH001M_STG,4G-LPH001M13-STG,7715,109,432,ENABLED
UL_VCH010M_STG,4G-VCH010M13-STG,7715,272,492,ENABLED
UL_KSA034M_STG,4G-KSA034M13-STG,7715,83,48,ENABLED
UL_VCH037M_STG,4G-VCH037M13-STG,7715,83,30,ENABLED
UL_KSA003M_STG,4G-KSA003M13-STG,7715,68,246,ENABLED
4G-VCH049M-STG,4G-VCH049M13-STG,7715,71,564,ENABLED
UL_CLD012M_STG,4G-CLD012M13-STG,7715,443,486,ENABLED
UL_VCH040M_STG,4G-VCH040M13-STG,7715,410,216,ENABLED
UL_LPH011M_STG,4G-LPH011M13-STG,7715,239,522,ENABLED
UL_CLD011M_STG,4G-CLD011M13-STG,7715,137,360,ENABLED
UL_KSA004M_STG,4G-KSA004M13-STG,7715,335,612,ENABLED
UL_VCH038M_STG,4G-VCH038M13-STG,7715,113,246,ENABLED
UL_VCH007M_STG,4G-VCH007M13-STG,7715,434,342,ENABLED
UL_VCH023M_STG,4G-VCH023M13-STG,7715,128,594,ENABLED
UL_CLD013M_STG,4G-CLD013M13-STG,7715,47,450,ENABLED
UL_CLD010M_STG,4G-CLD010M13-STG,7715,371,582,ENABLED
UL_LPH008M_STG,4G-LPH008M13-STG,7715,2,558,ENABLED
UL_VCH022M_STG,4G-VCH022M13-STG,7715,404,252,ENABLED
UL_VCH011M_STG,4G-VCH011M13-STG,7715,392,210,ENABLED
UL_LPH024M_STG,4G-LPH024M13-STG,7715,302,216,ENABLED
UL_KSA017M_STG,4G-KSA017M13-STG,7715,236,402,ENABLED
UL_CLD008M_STG,4G-CLD008M13-STG,7715,308,30,ENABLED
UL_VCH025M_STG,4G-VCH025M13-STG,7715,395,396,ENABLED
UL_LPH027M_STG,4G-LPH027M13-STG,7715,434,654,ENABLED
UL_VCH041M_STG,4G-VCH041M13-STG,7715,191,420,ENABLED
UL_VCH039M_STG,4G-VCH039M13-STG,7715,89,390,ENABLED
UL_VCH036M_STG,4G-VCH036M13-STG,7715,80,240,ENABLED
UL_VCH018M_STG,4G-VCH018M13-STG,7715,221,444,ENABLED
UL_KSA029M_STG,4G-KSA029M13-STG,7715,50,78,ENABLED
UL_KSA006M_STG,4G-KSA006M13-STG,7715,404,570,ENABLED
UL_CLD014M_STG,4G-CLD014M13-STG,7715,158,468,ENABLED
UL_VCH043M_STG,4G-VCH043M13-STG,7715,131,138,ENABLED
UL_KSA007M_STG,4G-KSA007M13-STG,7715,368,270,ENABLED
UL_KSA001M_STG,4G-KSA001M13-STG,7715,377,222,ENABLED
UL_LPH028M_STG,4G-LPH028M13-STG,7715,239,24,ENABLED
UL_CLD007M_STG,4G-CLD007M13-STG,7715,311,204,ENABLED
UL_LPH022M_STG,4G-LPH022M13-STG,7715,356,228,ENABLED
UL_VCH034M_STG,4G-VCH034M13-STG,7715,236,42,ENABLED
UL_KSA016M_STG,4G-KSA016M13-STG,7715,101,348,ENABLED
UL_VCH008M_STG,4G-VCH008M13-STG,7715,86,78,ENABLED
SR_VCH021M_STG,4G-VCH021M13-STG,7715,284,270,ENABLED
UL_KSA013M_STG,4G-KSA013M13-STG,7715,215,408,ENABLED
UL_VCH005M_STG,4G-VCH005M13-STG,7715,335,504,ENABLED
UL_VCH027M_STG,4G-VCH027M13-STG,7715,20,132,ENABLED
UL_VCH024M_STG,4G-VCH024M13-STG,7715,161,114,ENABLED
UL_CLD001M_STG,4G-CLD001M13-STG,7715,401,594,ENABLED
UL_VCH002M_STG,4G-VCH002M13-STG,7715,197,264,ENABLED
UL_BHO423M_DNI,4G-BHO423M13-DNI,7048,248,198,ENABLED
UL_BHO237M_DNI,4G-BHO237M13-DNI,7038,185,636,ENABLED
UL_LTH028M_DNI,4G-LTH028M13-DNI,7014,212,558,ENABLED
4G-LTH224M-DNI,4G-LTH224M13-DNI,7048,191,150,ENABLED
UL_LTH054M_DNI,4G-LTH054M13-DNI,7048,278,264,ENABLED
UL_BHO326M_DNI,4G-BHO326M13-DNI,7048,393,624,ENABLED
4G-TNH083M-DNI,4G-TNH083M13-DNI,7078,152,66,ENABLED
UL_TBO039M_DNI,4G-TBO039M13-DNI,7015,413,192,ENABLED
UL_BHO415M_DNI,4G-BHO415M13-DNI,7068,356,348,ENABLED
4G-BHO474M-DNI,4G-BHO474M13-DNI,7038,422,54,ENABLED
4G-TBO196M-DNI,4G-TBO196M13-DNI,7015,83,402,ENABLED
4G-LTH241M-DNI,4G-LTH241M13-DNI,7014,311,444,ENABLED
UL_DQU068M_DNI,4G-DQU068M13-DNI,7098,194,558,ENABLED
4G-LTH232M-DNI,4G-LTH232M13-DNI,7048,362,588,ENABLED
UL_TBO170M_DNI,4G-TBO170M13-DNI,7015,317,588,ENABLED
UL_TBO015M_DNI,4G-TBO015M13-DNI,7015,428,402,ENABLED
4G-BHO506M-DNI,4G-BHO506M13-DNI,7038,377,240,ENABLED
4G-BHO498M-DNI,4G-BHO498M13-DNI,7068,332,246,ENABLED
UL_TNH079M_DNI,4G-TNH079M13-DNI,7015,206,336,ENABLED
UL_LTH176M_DNI,4G-LTH176M13-DNI,7048,356,66,ENABLED
UL_DQU069M_DNI,4G-DQU069M13-DNI,7098,149,264,ENABLED
UL_TBO127M_DNI,4G-TBO127M13-DNI,7015,14,360,ENABLED
UL_LTH038M_DNI,4G-LTH038M13-DNI,7014,209,474,ENABLED
4G-NTR158M-DNI,4G-NTR158M13-DNI,7058,350,384,ENABLED
4G-BHO476M-DNI,4G-BHO476M13-DNI,7038,350,276,ENABLED
UL_BHO433M_DNI,4G-BHO433M13-DNI,7013,137,510,ENABLED
UL_TNH041M_DNI,4G-TNH041M13-DNI,7014,8,588,ENABLED
4G-BHO458M-DNI,4G-BHO458M13-DNI,7013,317,576,ENABLED
4G-LKH191M-DNI,4G-LKH191M13-DNI,7009,308,492,ENABLED
UL_TBO040M_DNI,4G-TBO040M13-DNI,7015,203,180,ENABLED
4G-LTH226M-DNI,4G-LTH226M13-DNI,7048,179,300,ENABLED
4G-XLO123M-DNI,4G-XLO123M13-DNI,7033,41,36,ENABLED
UL_BHO132M_DNI,4G-BHO132M13-DNI,7038,59,330,ENABLED
UL_LTH118M_DNI,4G-LTH118M13-DNI,7048,5,360,ENABLED
UL_TBO135M_DNI,4G-TBO135M13-DNI,7014,233,138,ENABLED
UL_LKH010M_DNI,4G-LKH010M13-DNI,7009,191,528,ENABLED
UL_TNH033M_DNI,4G-TNH033M13-DNI,7014,287,72,ENABLED
UL_NTR147M_DNI,4G-NTR147M13-DNI,7058,371,624,ENABLED
4G-LTH214M-DNI,4G-LTH214M13-DNI,7048,248,372,ENABLED
UL_BHO437M_DNI,4G-BHO437M13-DNI,7068,77,258,ENABLED
4G-DQU103M-DNI,4G-DQU103M13-DNI,7098,383,522,ENABLED
4G-BHO456M-DNI,4G-BHO456M13-DNI,7015,296,492,ENABLED
UL_BHO421M_DNI,4G-BHO421M13-DNI,7068,353,558,ENABLED
4G-TBO191M-DNI,4G-TBO191M13-DNI,7015,389,228,ENABLED
UL_LTH177M_DNI,4G-LTH177M13-DNI,7048,299,618,ENABLED
4G-LTH243M-DNI,4G-LTH243M13-DNI,7048,389,540,ENABLED
UL_BHO417M_DNI,4G-BHO417M13-DNI,7068,434,186,ENABLED
UL_LTH055M_DNI,4G-LTH055M13-DNI,7048,206,360,ENABLED
UL_LTH124M_DNI,4G-LTH124M13-DNI,7048,128,156,ENABLED
4G-BHO489M-DNI,4G-BHO489M13-DNI,7038,125,420,ENABLED
UL_TBO123M_DNI,4G-TBO123M13-DNI,7015,5,102,ENABLED
UL_BHO434M_DNI,4G-BHO434M13-DNI,7038,323,294,ENABLED
UL_LKH052M_DNI,4G-LKH052M13-DNI,7009,125,582,ENABLED
4G-CMY078M-DNI,4G-CMY078M13-DNI,7033,11,102,ENABLED
UL_NTR046M_DNI,4G-NTR046M13-DNI,7058,287,84,ENABLED
4G-NTR182M-DNI,4G-NTR182M13-DNI,7058,224,540,ENABLED
UL_XLO117M_DNI,4G-XLO117M13-DNI,7033,155,240,ENABLED
UL_DQU096M_DNI,4G-DQU096M13-DNI,7078,377,462,ENABLED
4G-TPH070M-DNI,4G-TPH070M13-DNI,7098,350,138,ENABLED
UL_LKH187M_DNI,4G-LKH187M13-DNI,7009,224,18,ENABLED
UL_BHO424M_DNI,4G-BHO424M13-DNI,7038,173,84,ENABLED
4G-TBO202M-DNI,4G-TBO202M13-DNI,7015,401,642,ENABLED
UL_DQU070M_DNI,4G-DQU070M13-DNI,7098,320,144,ENABLED
UL_TBO129M_DNI,4G-TBO129M13-DNI,7015,20,330,ENABLED
UL_LTH022M_DNI,4G-LTH022M13-DNI,7014,380,360,ENABLED
4G-TBO190M-DNI,4G-TBO190M13-DNI,7015,404,108,ENABLED
4G-XLO132M-DNI,4G-XLO132M13-DNI,7033,245,360,ENABLED
4G-LTH227M-DNI,4G-LTH227M13-DNI,7014,254,42,ENABLED
4G-LTH240M-DNI,4G-LTH240M13-DNI,7048,161,90,ENABLED
UL_BHO342M_DNI,4G-BHO342M13-DNI,7048,23,264,ENABLED
UL_XLO006M_DNI,4G-XLO006M13-DNI,7033,230,402,ENABLED
UL_LTH072M_DNI,4G-LTH072M13-DNI,7048,194,36,ENABLED
UL_TNH040M_DNI,4G-TNH040M13-DNI,7014,35,378,ENABLED
4G-XLO217M-DNI,4G-XLO217M13-DNI,7033,131,312,ENABLED
UL_TNH027M_DNI,4G-TNH027M13-DNI,7014,308,510,ENABLED
4G-NTR175M-DNI,4G-NTR175M13-DNI,7058,362,618,ENABLED
4G-TNH085M-DNI,4G-TNH085M13-DNI,7014,356,642,ENABLED
4G-BHO507M-DNI,4G-BHO507M13-DNI,7038,164,24,ENABLED
4G-BHO495M-DNI,4G-BHO495M13-DNI,7021,104,516,ENABLED
UL_NTR049M_DNI,4G-NTR049M13-DNI,7058,62,336,ENABLED
UL_TBO031M_DNI,4G-TBO031M13-DNI,7015,305,552,ENABLED
UL_NTR065M_DNI,4G-NTR065M13-DNI,7058,434,570,ENABLED
4G-LTH228M-DNI,4G-LTH228M13-DNI,7014,299,96,ENABLED
UL_TNH002M_DNI,4G-TNH002M13-DNI,7014,235,540,ENABLED
UL_NTR121M_DNI,4G-NTR121M13-DNI,7058,127,204,ENABLED
4G-BHO510M-DNI,4G-BHO510M13-DNI,7038,119,168,ENABLED
4G-NTR181M-DNI,4G-NTR181M13-DNI,7058,242,138,ENABLED
UL_TNH076M_DNI,4G-TNH076M13-DNI,7014,419,558,ENABLED
4G-BHO509M-DNI,4G-BHO509M13-DNI,7013,398,282,ENABLED
4G-BHO487M-DNI,4G-BHO487M13-DNI,7038,104,210,ENABLED
4G-TNH086M-DNI,4G-TNH086M13-DNI,7078,296,516,ENABLED
4G-BHO478M-DNI,4G-BHO478M13-DNI,7068,152,342,ENABLED
UL_TBO020M_DNI,4G-TBO020M13-DNI,7015,179,204,ENABLED
4G-BHO462M-DNI,4G-BHO462M13-DNI,7013,428,594,ENABLED
UL_NTR073M_DNI,4G-NTR073M13-DNI,7058,323,276,ENABLED
4G-LTH237M-DNI,4G-LTH237M13-DNI,7014,197,48,ENABLED
4G-BHO463M-DNI,4G-BHO463M13-DNI,7068,332,0,ENABLED
UL_BHO420M_DNI,4G-BHO420M13-DNI,7068,428,552,ENABLED
UL_BHO435M_DNI,4G-BHO435M13-DNI,7038,215,204,ENABLED
UL_LTH178M_DNI,4G-LTH178M13-DNI,7014,296,162,ENABLED
UL_TBO148M_DNI,4G-TBO148M13-DNI,7015,320,138,ENABLED
4G-BHO508M-DNI,4G-BHO508M13-DNI,7068,230,636,ENABLED
UL_BHO426M_DNI,4G-BHO426M13-DNI,7038,425,444,ENABLED
UL_BHO436M_DNI,4G-BHO436M13-DNI,7048,179,336,ENABLED
4G-XLO216M-DNI,4G-XLO216M13-DNI,7033,344,186,ENABLED
UL_TBO125M_DNI,4G-TBO125M13-DNI,7015,253,222,ENABLED
4G-LTH236M-DNI,4G-LTH236M13-DNI,7014,164,426,ENABLED
4G-TPH063M-DNI,4G-TPH063M13-DNI,7098,395,528,ENABLED
4G-DQU099M-DNI,4G-DQU099M13-DNI,7098,239,246,ENABLED
UL_BHO418M_DNI,4G-BHO418M13-DNI,7068,101,450,ENABLED
4G-BHO461M-DNI,4G-BHO461M13-DNI,7068,65,378,ENABLED
UL_TNH066M_DNI,4G-TNH066M13-DNI,7014,399,636,ENABLED
UL_LTH121M_DNI,4G-LTH121M13-DNI,7048,20,510,ENABLED
4G-BHO486M-DNI,4G-BHO486M13-DNI,7038,311,312,ENABLED
4G-BHO501M-DNI,4G-BHO501M13-DNI,7013,53,192,ENABLED
UL_LKH045M_DNI,4G-LKH045M13-DNI,7009,284,474,ENABLED
UL_BHO425M_DNI,4G-BHO425M13-DNI,7038,260,228,ENABLED
4G-TPH069M-DNI,4G-TPH069M13-DNI,7098,215,642,ENABLED
UL_TNH078M_DNI,4G-TNH078M13-DNI,7014,191,48,ENABLED
UL_LTH031M_DNI,4G-LTH031M13-DNI,7014,335,342,ENABLED
4G-NTR174M-DNI,4G-NTR174M13-DNI,7058,278,42,ENABLED
UL_BHO370M_DNI,4G-BHO370M13-DNI,7013,287,642,ENABLED
UL_LTH119M_DNI,4G-LTH119M13-DNI,7048,8,78,ENABLED
UL_LKH027M_DNI,4G-LKH027M13-DNI,7009,41,588,ENABLED
4G-NTR183M-DNI,4G-NTR183M13-DNI,7058,410,426,ENABLED
4G-BHO497M-DNI,4G-BHO497M13-DNI,7068,401,468,ENABLED
UL_TBO140M_DNI,4G-TBO140M13-DNI,7078,33,372,ENABLED
4G-TPH062M-DNI,4G-TPH062M13-DNI,7098,290,576,ENABLED
UL_TBO168M_DNI,4G-TBO168M13-DNI,7015,149,510,ENABLED
4G-BHO493M-DNI,4G-BHO493M13-DNI,7013,443,600,ENABLED
UL_BHO416M_DNI,4G-BHO416M13-DNI,7013,275,618,ENABLED
UL_TBO167M_DNI,4G-TBO167M13-DNI,7015,212,594,ENABLED
4G-BHO464M-DNI,4G-BHO464M13-DNI,7068,407,360,ENABLED
4G-TBO195M-DNI,4G-TBO195M13-DNI,7015,197,642,ENABLED
4G-TBO186M-DNI,4G-TBO186M13-DNI,7015,272,168,ENABLED
4G-TBO201M-DNI,4G-TBO201M13-DNI,7015,167,78,ENABLED
4G-TBO192M-DNI,4G-TBO192M13-DNI,7015,398,420,ENABLED
4G-BHO467M-DNI,4G-BHO467M13-DNI,7038,239,564,ENABLED
4G-TNH087M-DNI,4G-TNH087M13-DNI,7014,230,498,ENABLED
4G-LTH215M-DNI,4G-LTH215M13-DNI,7048,140,450,ENABLED
UL_TBO124M_DNI,4G-TBO124M13-DNI,7015,76,606,ENABLED
UL_TBO023M_DNI,4G-TBO023M13-DNI,7078,293,600,ENABLED
4G-TNH090M-DNI,4G-TNH090M13-DNI,7078,299,162,ENABLED
UL_XLO024M_DNI,4G-XLO024M13-DNI,7033,23,552,ENABLED
4G-BHO477M-DNI,4G-BHO477M13-DNI,7048,257,234,ENABLED
UL_BHO419M_DNI,4G-BHO419M13-DNI,7015,89,324,ENABLED
UL_TNH075M_DNI,4G-TNH075M13-DNI,7014,443,24,ENABLED
4G-VLI054M-VLG,4G-VLI054M13-VLG,8111,380,390,ENABLED
4G-LHO077M-VLG,4G-LHO077M13-VLG,8153,296,156,ENABLED
4G-MTH041M-VLG,4G-MTH041M13-VLG,8111,290,192,ENABLED
UL_VLO032M_VLG,4G-VLO032M13-VLG,8118,332,312,ENABLED
4G-LHO065M-VLG,4G-LHO065M13-VLG,8153,68,300,ENABLED
4G-LHO068M-VLG,4G-LHO068M13-VLG,8153,266,480,ENABLED
UL_VLO024M_VLG,4G-VLO024M13-VLG,8118,3,156,ENABLED
4G-LHO069M-VLG,4G-LHO069M13-VLG,8153,125,246,ENABLED
4G-BMI037M-VLG,4G-BMI037M13-VLG,8153,140,606,ENABLED
4G-LHO073M-VLG,4G-LHO073M13-VLG,8153,188,264,ENABLED
UL_VLO053M_VLG,4G-VLO053M13-VLG,8118,221,618,ENABLED
UL_MTH010M_VLG,4G-MTH010M13-VLG,8111,10,312,ENABLED
4G-TBI050M-VLG,4G-TBI050M13-VLG,8153,53,228,ENABLED
UL_VLO033M_VLG,4G-VLO033M13-VLG,8118,230,402,ENABLED
4G-LHO045M-VLG,4G-LHO045M13-VLG,8153,377,150,ENABLED
4G-BMI034M-VLG,4G-BMI034M13-VLG,8153,158,120,ENABLED
UL_VLO023M_VLG,4G-VLO023M13-VLG,8118,389,384,ENABLED
UL_VLO011M_VLG,4G-VLO011M13-VLG,8118,80,108,ENABLED
UL_VLO008M_VLG,4G-VLO008M13-VLG,8118,59,564,ENABLED
4G-LHO070M-VLG,4G-LHO070M13-VLG,8153,335,642,ENABLED
UL_VLO041M_VLG,4G-VLO041M13-VLG,8118,218,294,ENABLED
4G-LHO067M-VLG,4G-LHO067M13-VLG,8153,203,462,ENABLED
UL_VLO021M_VLG,4G-VLO021M13-VLG,8118,65,6,ENABLED
UL_VLO028M_VLG,4G-VLO028M13-VLG,8118,245,276,ENABLED
4G-VLO066M-VLG,4G-VLO066M13-VLG,8118,20,480,ENABLED
UL_VLO018M_VLG,4G-VLO018M13-VLG,8118,53,78,ENABLED
UL_VLO031M_VLG,4G-VLO031M13-VLG,8118,119,474,ENABLED
4G-MTH043M-VLG,4G-MTH043M13-VLG,8111,221,516,ENABLED
UL_VLO046M_VLG,4G-VLO046M13-VLG,8118,356,42,ENABLED
UL_VLO058M_VLG,4G-VLO058M13-VLG,8118,425,198,ENABLED
UL_VLO042M_VLG,4G-VLO042M13-VLG,8118,11,294,ENABLED
UL_VLO001M_VLG,4G-VLO001M13-VLG,8118,233,150,ENABLED
4G-BTA039M-VLG,4G-BTA039M13-VLG,8153,368,264,ENABLED
UL_VLO025M_VLG,4G-VLO025M13-VLG,8118,314,438,ENABLED
UL_VLO054M_VLG,4G-VLO054M13-VLG,8118,317,510,ENABLED
UL_VLO043M_VLG,4G-VLO043M13-VLG,8118,236,6,ENABLED
4G-VLI052M-VLG,4G-VLI052M13-VLG,8111,386,336,ENABLED
UL_VLO059M_VLG,4G-VLO059M13-VLG,8118,212,624,ENABLED
UL_VLO034M_VLG,4G-VLO034M13-VLG,8118,260,96,ENABLED
4G-TBI047M-VLG,4G-TBI047M13-VLG,8153,302,102,ENABLED
4G-VLO069M-VLG,4G-VLO069M13-VLG,8118,251,102,ENABLED
UL_VLO047M_VLG,4G-VLO047M13-VLG,8118,155,222,ENABLED
4G-MTH042M-VLG,4G-MTH042M13-VLG,8111,440,246,ENABLED
4G-MTH039M-VLG,4G-MTH039M13-VLG,8111,35,300,ENABLED
4G-LHO078M-VLG,4G-LHO078M13-VLG,8153,272,66,ENABLED
4G-MTH040M-VLG,4G-MTH040M13-VLG,8111,128,480,ENABLED
4G-VLI053M-VLG,4G-VLI053M13-VLG,8111,392,408,ENABLED
4G-LHO064M-VLG,4G-LHO064M13-VLG,8153,200,552,ENABLED
UL_VLO014M_VLG,4G-VLO014M13-VLG,8118,215,582,ENABLED
4G-VLO067M-VLG,4G-VLO067M13-VLG,8118,407,354,ENABLED
4G-LHO071M-VLG,4G-LHO071M13-VLG,8153,83,102,ENABLED
UL_VLO055M_VLG,4G-VLO055M13-VLG,8118,440,60,ENABLED
UL_VLO009M_VLG,4G-VLO009M13-VLG,8118,173,276,ENABLED
UL_VLO027M_VLG,4G-VLO027M13-VLG,8118,290,222,ENABLED
4G-LHO066M-VLG,4G-LHO066M13-VLG,8153,164,318,ENABLED
4G-BMI035M-VLG,4G-BMI035M13-VLG,8153,278,282,ENABLED
4G-LHO003M-VLG,4G-LHO003M13-VLG,8153,281,438,ENABLED
UL_VLO012M_VLG,4G-VLO012M13-VLG,8118,311,60,ENABLED
4G-CKE041M-TVH,4G-CKE041M13-TVH,8054,260,210,ENABLED
4G-TCA041M-TVH,4G-TCA041M13-TVH,8054,278,120,ENABLED
UL_TVI038M_TVH,4G-TVI038M13-TVH,8006,81,138,ENABLED
UL_CTH055M_TVH,4G-CTH055M13-TVH,8006,113,264,ENABLED
UL_CTH010M_TVH,4G-CTH010M13-TVH,8052,77,570,ENABLED
UL_TVI007M_TVH,4G-TVI007M13-TVH,8006,84,570,ENABLED
UL_TVI022M_TVH,4G-TVI022M13-TVH,8052,357,408,ENABLED
4G-CKE038M-TVH,4G-CKE038M13-TVH,8054,56,498,ENABLED
UL_CTH009M_TVH,4G-CTH009M13-TVH,8006,262,486,ENABLED
4G-CTH065M-TVH,4G-CTH065M13-TVH,8052,356,84,ENABLED
4G-DHA043M-TVH,4G-DHA043M13-TVH,8052,209,462,ENABLED
4G-TCU050M-TVH,4G-TCU050M13-TVH,8054,116,174,ENABLED
4G-TCA045M-TVH,4G-TCA045M13-TVH,8054,281,264,ENABLED
UL_CTH019M_TVH,4G-CTH019M13-TVH,8006,186,210,ENABLED
4G-CLO059M-TVH,4G-CLO059M13-TVH,8052,50,66,ENABLED
4G-CTH061M-TVH,4G-CTH061M13-TVH,8052,437,300,ENABLED
4G-TCA047M-TVH,4G-TCA047M13-TVH,8054,359,246,ENABLED
UL_TVI015M_TVH,4G-TVI015M13-TVH,8006,87,228,ENABLED
4G-CTH062M-TVH,4G-CTH062M13-TVH,8052,2,30,ENABLED
UL_TVI014M_TVH,4G-TVI014M13-TVH,8006,273,534,ENABLED
UL_CTH043M_TVH,4G-CTH043M13-TVH,8006,116,336,ENABLED
4G-CTH063M-TVH,4G-CTH063M13-TVH,8006,338,30,ENABLED
UL_TVI034M_TVH,4G-TVI034M13-TVH,8006,74,84,ENABLED
4G-TCA040M-TVH,4G-TCA040M13-TVH,8054,11,516,ENABLED
4G-TCA046M-TVH,4G-TCA046M13-TVH,8054,47,66,ENABLED
UL_TVI005M_TVH,4G-TVI005M13-TVH,8006,6,264,ENABLED
4G-TCA039M-TVH,4G-TCA039M13-TVH,8054,185,318,ENABLED
4G-CTH066M-TVH,4G-CTH066M13-TVH,8052,41,12,ENABLED
UL_CTH023M_TVH,4G-CTH023M13-TVH,8006,293,282,ENABLED
UL_TVI006M_TVH,4G-TVI006M13-TVH,8006,12,426,ENABLED
UL_TVI011M_TVH,4G-TVI011M13-TVH,8006,402,246,ENABLED
UL_TVI025M_TVH,4G-TVI025M13-TVH,8006,161,498,ENABLED
4G-CLO025M-TVH,4G-CLO025M13-TVH,8052,237,174,ENABLED
UL_CTH006M_TVH,4G-CTH006M13-TVH,8006,277,60,ENABLED
UL_CTH004M_TVH,4G-CTH004M13-TVH,8006,88,276,ENABLED
4G-CKE044M-TVH,4G-CKE044M13-TVH,8054,32,444,ENABLED
4G-CNG044M-TVH,4G-CNG044M13-TVH,8052,236,606,ENABLED
4G-TCA044M-TVH,4G-TCA044M13-TVH,8054,362,354,ENABLED
UL_TVI004M_TVH,4G-TVI004M13-TVH,8006,96,462,ENABLED
UL_TVI035M_TVH,4G-TVI035M13-TVH,8006,386,300,ENABLED
4G-CTH064M-TVH,4G-CTH064M13-TVH,8052,95,264,ENABLED
UL_CTH052M_TVH,4G-CTH052M13-TVH,8006,236,138,ENABLED
4G-TCU046M-TVH,4G-TCU046M13-TVH,8054,164,570,ENABLED
UL_TVI016M_TVH,4G-TVI016M13-TVH,8006,36,264,ENABLED
4G-CKE037M-TVH,4G-CKE037M13-TVH,8054,71,516,ENABLED
UL_TVI013M_TVH,4G-TVI013M13-TVH,8006,69,606,ENABLED
4G-TCU044M-TVH,4G-TCU044M13-TVH,8054,161,66,ENABLED
UL_CTH001M_TVH,4G-CTH001M13-TVH,8006,23,654,ENABLED
4G-CNG020M-TVH,4G-CNG020M13-TVH,8052,193,150,ENABLED
UL_TVI031M_TVH,4G-TVI031M13-TVH,8006,168,102,ENABLED
4G-HDH028M-TVH,4G-HDH028M13-TVH,8052,278,318,ENABLED
UL_TVI028M_TVH,4G-TVI028M13-TVH,8006,315,516,ENABLED
UL_TVI020M_TVH,4G-TVI020M13-TVH,8006,210,12,ENABLED
4G-DHA042M-TVH,4G-DHA042M13-TVH,8052,182,66,ENABLED
UL_CTH047M_TVH,4G-CTH047M13-TVH,8006,438,162,ENABLED
UL_TVI021M_TVH,4G-TVI021M13-TVH,8006,447,480,ENABLED
4G-TVI047M-TVH,4G-TVI047M13-TVH,8006,179,282,ENABLED
4G-HDH029M-TVH,4G-HDH029M13-TVH,8052,215,624,ENABLED
4G-CTH002M-TVH,4G-CTH002M13-TVH,8052,109,288,ENABLED
4G-TCU045M-TVH,4G-TCU045M13-TVH,8054,398,390,ENABLED
UL_TVI002M_TVH,4G-TVI002M13-TVH,8006,180,192,ENABLED
4G-PMY155M-VTU,4G-PMY155M13-VTU,8222,23,90,ENABLED
UL_VTA245M_VTU,4G-VTA245M13-VTU,8220,314,642,ENABLED
4G-VTA263M-VTU,4G-VTA263M13-VTU,8220,131,396,ENABLED
4G-CDU096M-VTU,4G-CDU096M13-VTU,8222,314,594,ENABLED
4G-CDU097M-VTU,4G-CDU097M13-VTU,8223,287,528,ENABLED
4G-PMY172M-VTU,4G-PMY172M13-VTU,8222,350,186,ENABLED
4G-PMY154M-VTU,4G-PMY154M13-VTU,8222,11,72,ENABLED
4G-PMY164M-VTU,4G-PMY164M13-VTU,8222,128,228,ENABLED
4G-VTA247M-VTU,4G-VTA247M13-VTU,8220,254,198,ENABLED
4G-VTA265M-VTU,4G-VTA265M13-VTU,8220,281,0,ENABLED
4G-PMY156M-VTU,4G-PMY156M13-VTU,8222,26,132,ENABLED
UL_BRI073M_VTU,4G-BRI073M13-VTU,8222,203,414,ENABLED
4G-CDU098M-VTU,4G-CDU098M13-VTU,8222,368,300,ENABLED
4G-PMY162M-VTU,4G-PMY162M13-VTU,8222,356,588,ENABLED
4G-PMY169M-VTU,4G-PMY169M13-VTU,8222,422,546,ENABLED
UL_PMY137M_VTU,4G-PMY137M13-VTU,8222,98,0,ENABLED
UL_DDO018M_VTU,4G-DDO018M13-VTU,8220,365,624,ENABLED
UL_PMY140M_VTU,4G-PMY140M13-VTU,8222,77,396,ENABLED
4G-VTA258M-VTU,4G-VTA258M13-VTU,8220,425,534,ENABLED
UL_CDU092M_VTU,4G-CDU092M13-VTU,8223,314,246,ENABLED
4G-BRI079M-VTU,4G-BRI079M13-VTU,8222,170,252,ENABLED
4G-CDU116M-VTU,4G-CDU116M13-VTU,8222,230,528,ENABLED
4G-XMO110M-VTU,4G-XMO110M13-VTU,8224,188,222,ENABLED
4G-XMO107M-VTU,4G-XMO107M13-VTU,8224,365,522,ENABLED
4G-VTA267M-VTU,4G-VTA267M13-VTU,8220,386,66,ENABLED
4G-VTA259M-VTU,4G-VTA259M13-VTU,8220,368,270,ENABLED
4G-PMY159M-VTU,4G-PMY159M13-VTU,8222,35,228,ENABLED
4G-PMY166M-VTU,4G-PMY166M13-VTU,8222,431,474,ENABLED
4G-XMO114M-VTU,4G-XMO114M13-VTU,8224,440,186,ENABLED
4G-PMY174M-VTU,4G-PMY174M13-VTU,8222,245,582,ENABLED
4G-XMO106M-VTU,4G-XMO106M13-VTU,8224,329,594,ENABLED
4G-CDU100M-VTU,4G-CDU100M13-VTU,8223,395,540,ENABLED
4G-CDU115M-VTU,4G-CDU115M13-VTU,8223,26,576,ENABLED
UL_PMY138M_VTU,4G-PMY138M13-VTU,8222,341,162,ENABLED
UL_PMY008M_VTU,4G-PMY008M13-VTU,8222,104,294,ENABLED
4G-CDU117M-VTU,4G-CDU117M13-VTU,8222,317,354,ENABLED
4G-BRI080M-VTU,4G-BRI080M13-VTU,8222,344,546,ENABLED
4G-PMY173M-VTU,4G-PMY173M13-VTU,8222,230,102,ENABLED
4G-VTA249M-VTU,4G-VTA249M13-VTU,8220,227,534,ENABLED
4G-PMY153M-VTU,4G-PMY153M13-VTU,8222,8,54,ENABLED
4G-XMO112M-VTU,4G-XMO112M13-VTU,8224,23,564,ENABLED
4G-XMO109M-VTU,4G-XMO109M13-VTU,8224,161,348,ENABLED
4G-CDU114M-VTU,4G-CDU114M13-VTU,8222,407,384,ENABLED
4G-PMY157M-VTU,4G-PMY157M13-VTU,8222,29,174,ENABLED
4G-VTA266M-VTU,4G-VTA266M13-VTU,8220,317,228,ENABLED
4G-VTA256M-VTU,4G-VTA256M13-VTU,8220,404,336,ENABLED
UL_TCH035M_AGG,4G-TCH035M13-AGG,6336,149,48,ENABLED
UL_CMO043M_AGG,4G-CMO043M13-AGG,6307,351,72,ENABLED
4G-TSO066M-AGG,4G-TSO066M13-AGG,6335,431,552,ENABLED
4G-CTH060M-AGG,4G-CTH060M13-AGG,6307,239,372,ENABLED
4G-CTH059M-AGG,4G-CTH059M13-AGG,6307,128,498,ENABLED
4G-TCH015M-AGG,4G-TCH015M13-AGG,6336,229,108,ENABLED
4G-CMO070M-AGG,4G-CMO070M13-AGG,6307,335,390,ENABLED
4G-TBI042M-AGG,4G-TBI042M13-AGG,6335,203,498,ENABLED
4G-TSO064M-AGG,4G-TSO064M13-AGG,6335,107,66,ENABLED
4G-CTH058M-AGG,4G-CTH058M13-AGG,6307,122,30,ENABLED
4G-CPH072M-AGG,4G-CPH072M13-AGG,6336,260,66,ENABLED
4G-TSO065M-AGG,4G-TSO065M13-AGG,6335,341,66,ENABLED
UL_APH070M_AGG,4G-APH070M13-AGG,6336,305,228,ENABLED
UL_CTH040M_AGG,4G-CTH040M13-AGG,6307,147,420,ENABLED
UL_CTH036M_AGG,4G-CTH036M13-AGG,6307,324,390,ENABLED
UL_LXU108M_AGG,4G-LXU108M13-AGG,6309,44,102,ENABLED
UL_PTA048M_AGG,4G-PTA048M13-AGG,6336,27,474,ENABLED
UL_TCH024M_AGG,4G-TCH024M13-AGG,6336,419,570,ENABLED
4G-LXU069M-AGG,4G-LXU069M13-AGG,6309,440,336,ENABLED
4G-PTA011M-AGG,4G-PTA011M13-AGG,6336,158,264,ENABLED
UL_CMO041M_AGG,4G-CMO041M13-AGG,6307,312,408,ENABLED
UL_PTA038M_AGG,4G-PTA038M13-AGG,6336,74,204,ENABLED
UL_PTA051M_AGG,4G-PTA051M13-AGG,6336,347,552,ENABLED
4G-TBI043M-AGG,4G-TBI043M13-AGG,6335,152,300,ENABLED
UL_BTR071M_BTE,4G-BTR071M13-BTE,6551,300,594,ENABLED
4G-GTR057M-BTE,4G-GTR057M13-BTE,6551,119,372,ENABLED
UL_BTR033M_BTE,4G-BTR033M13-BTE,6551,398,216,ENABLED
4G-TPH058M-BTE,4G-TPH058M13-BTE,6556,44,246,ENABLED
4G-TPH059M-BTE,4G-TPH059M13-BTE,6556,245,282,ENABLED
UL_CTH006M_BTE,4G-CTH006M13-BTE,6551,365,612,ENABLED
4G-GTR056M-BTE,4G-GTR056M13-BTE,6551,323,120,ENABLED
4G-CTH074M-BTE,4G-CTH074M13-BTE,6551,446,552,ENABLED
UL_BTR072M_BTE,4G-BTR072M13-BTE,6551,79,162,ENABLED
UL_MCB014M_BTE,4G-MCB014M13-BTE,6551,107,600,ENABLED
4G-MCN046M-BTE,4G-MCN046M13-BTE,6551,437,66,ENABLED
4G-BDA073M-BTE,4G-BDA073M13-BTE,6556,260,552,ENABLED
4G-BTI068M-BTE,4G-BTI068M13-BTE,6556,395,138,ENABLED
UL_BTR085M_BTE,4G-BTR085M13-BTE,6551,337,360,ENABLED
4G-GTR060M-BTE,4G-GTR060M13-BTE,6551,269,30,ENABLED
UL_CTH034M_BTE,4G-CTH034M13-BTE,6551,341,408,ENABLED
4G-BDA071M-BTE,4G-BDA071M13-BTE,6556,326,174,ENABLED
4G-CTH068M-BTE,4G-CTH068M13-BTE,6551,227,534,ENABLED
4G-BTR086M-BTE,4G-BTR086M13-BTE,6551,305,120,ENABLED
4G-BTR020M-BTE,4G-BTR020M13-BTE,6551,173,576,ENABLED
4G-GTR054M-BTE,4G-GTR054M13-BTE,6551,437,102,ENABLED
UL_CLA031M_BTE,4G-CLA031M13-BTE,6551,41,30,ENABLED
4G-CTH072M-BTE,4G-CTH072M13-BTE,6551,407,624,ENABLED
4G-CTH049M-BTE,4G-CTH049M13-BTE,6551,329,558,ENABLED
UL_CLA008M_BTE,4G-CLA008M13-BTE,6551,170,96,ENABLED
4G-CTH067M-BTE,4G-CTH067M13-BTE,6551,290,606,ENABLED
4G-GTR059M-BTE,4G-GTR059M13-BTE,6551,230,246,ENABLED
4G-CTH112M-TGG,4G-CTH112M13-TGG,7991,338,336,ENABLED
4G-HCL030M-TGG,4G-HCL030M13-TGG,7993,308,564,ENABLED
4G-CLA087M-TGG,4G-CLA087M13-TGG,7993,263,102,ENABLED
UL_CGA011M_TGG,4G-CGA011M13-TGG,7992,8,246,ENABLED
4G-GCD008M-TGG,4G-GCD008M13-TGG,7992,37,282,ENABLED
4G-GCT004M-TGG,4G-GCT004M13-TGG,7992,296,372,ENABLED
4G-HCL021M-TGG,4G-HCL021M13-TGG,7993,74,528,ENABLED
4G-HCL079M-TGG,4G-HCL079M13-TGG,7993,101,228,ENABLED
4G-CLA088M-TGG,4G-CLA088M13-TGG,7993,425,570,ENABLED
4G-MTH049M-TGG,4G-MTH049M13-TGG,7991,212,228,ENABLED
4G-CTH111M-TGG,4G-CTH111M13-TGG,7991,17,390,ENABLED
4G-GCD059M-TGG,4G-GCD059M13-TGG,7992,164,156,ENABLED
4G-CGA038M-TGG,4G-CGA038M13-TGG,7992,281,354,ENABLED
4G-HCL078M-TGG,4G-HCL078M13-TGG,7993,311,174,ENABLED
4G-HCL081M-TGG,4G-HCL081M13-TGG,7993,122,498,ENABLED
4G-GCD060M-TGG,4G-GCD060M13-TGG,7992,443,84,ENABLED
4G-HCL073M-TGG,4G-HCL073M13-TGG,7993,89,480,ENABLED
4G-CTH109M-TGG,4G-CTH109M13-TGG,7993,449,606,ENABLED
4G-MTH065M-TGG,4G-MTH065M13-TGG,7991,383,408,ENABLED
4G-GCD061M-TGG,4G-GCD061M13-TGG,7992,260,534,ENABLED
4G-CLA090M-TGG,4G-CLA090M13-TGG,7993,335,336,ENABLED
4G-CLA048M-TGG,4G-CLA048M13-TGG,7993,68,558,ENABLED
4G-GCD065M-TGG,4G-GCD065M13-TGG,7992,155,552,ENABLED
4G-HCL020M-TGG,4G-HCL020M13-TGG,7993,431,42,ENABLED
UL_CGA021M_TGG,4G-CGA021M13-TGG,7991,83,156,ENABLED
4G-TPH022M-TGG,4G-TPH022M13-TGG,7993,107,102,ENABLED
4G-GCT059M-TGG,4G-GCT059M13-TGG,7992,71,138,ENABLED
4G-CLA091M-TGG,4G-CLA091M13-TGG,7993,341,156,ENABLED
4G-GCD064M-TGG,4G-GCD064M13-TGG,7992,53,444,ENABLED
4G-TPH012M-TGG,4G-TPH012M13-TGG,7993,185,264,ENABLED
4G-CGA079M-TGG,4G-CGA079M13-TGG,7991,44,318,ENABLED
4G-GCD041M-TGG,4G-GCD041M13-TGG,7992,230,300,ENABLED
4G-CLA084M-TGG,4G-CLA084M13-TGG,7993,218,390,ENABLED
4G-CBE103M-TGG,4G-CBE103M13-TGG,7993,386,48,ENABLED
4G-CTH115M-TGG,4G-CTH115M13-TGG,7991,437,534,ENABLED
4G-CTH037M-TGG,4G-CTH037M13-TGG,7993,158,390,ENABLED
4G-HCL077M-TGG,4G-HCL077M13-TGG,7993,185,66,ENABLED
4G-HCL067M-TGG,4G-HCL067M13-TGG,7993,392,498,ENABLED
4G-CGA082M-TGG,4G-CGA082M13-TGG,7992,251,318,ENABLED
4G-HCL080M-TGG,4G-HCL080M13-TGG,7993,251,444,ENABLED
4G-GCD063M-TGG,4G-GCD063M13-TGG,7992,308,426,ENABLED
4G-GCT058M-TGG,4G-GCT058M13-TGG,7992,173,84,ENABLED
4G-GCO020M-TGG,4G-GCO020M13-TGG,7992,287,480,ENABLED
4G-CLA092M-TGG,4G-CLA092M13-TGG,7993,65,480,ENABLED
4G-CGA083M-TGG,4G-CGA083M13-TGG,7992,332,372,ENABLED
4G-CBE108M-TGG,4G-CBE108M13-TGG,7993,221,606,ENABLED
4G-CBE028M-TGG,4G-CBE028M13-TGG,7993,163,456,ENABLED
4G-TPH019M-TGG,4G-TPH019M13-TGG,7993,377,396,ENABLED
4G-CBE027M-TGG,4G-CBE027M13-TGG,7993,335,636,ENABLED
4G-CGA075M-TGG,4G-CGA075M13-TGG,7992,149,102,ENABLED
4G-TPH062M-TGG,4G-TPH062M13-TGG,7993,323,354,ENABLED
4G-CTH108M-TGG,4G-CTH108M13-TGG,7993,206,624,ENABLED
4G-HCL076M-TGG,4G-HCL076M13-TGG,7993,260,606,ENABLED
4G-CBE107M-TGG,4G-CBE107M13-TGG,7993,23,372,ENABLED
4G-CBE052M-TGG,4G-CBE052M13-TGG,7993,86,444,ENABLED
4G-GCD062M-TGG,4G-GCD062M13-TGG,7992,122,210,ENABLED
4G-HCL018M-TGG,4G-HCL018M13-TGG,7993,89,72,ENABLED
4G-GCD037M-TGG,4G-GCD037M13-TGG,7992,431,372,ENABLED
4G-HCL066M-TGG,4G-HCL066M13-TGG,7993,140,642,ENABLED
UL_MTH059M_TGG,4G-MTH059M13-TGG,7991,332,372,ENABLED
4G-TPH011M-TGG,4G-TPH011M13-TGG,7993,130,600,ENABLED
4G-CTH021M-TGG,4G-CTH021M13-TGG,7991,275,120,ENABLED
4G-CLA085M-TGG,4G-CLA085M13-TGG,7993,194,12,ENABLED
4G-TPH063M-TGG,4G-TPH063M13-TGG,7993,446,588,ENABLED
4G-CLA089M-TGG,4G-CLA089M13-TGG,7993,209,552,ENABLED
UL_CGA046M_TGG,4G-CGA046M13-TGG,7992,227,138,ENABLED
UL_CBE041M_TGG,4G-CBE041M13-TGG,7993,208,60,ENABLED
4G-CTH110M-TGG,4G-CTH110M13-TGG,7993,188,642,ENABLED
4G-CTH114M-TGG,4G-CTH114M13-TGG,7991,356,642,ENABLED
4G-GCO005M-TGG,4G-GCO005M13-TGG,7992,142,156,ENABLED
4G-HCL068M-TGG,4G-HCL068M13-TGG,7993,131,102,ENABLED
4G-CGA077M-TGG,4G-CGA077M13-TGG,7991,443,498,ENABLED
4G-GCT061M-TGG,4G-GCT061M13-TGG,7992,62,282,ENABLED
4G-HCL082M-TGG,4G-HCL082M13-TGG,7993,50,84,ENABLED
4G-CBE060M-TGG,4G-CBE060M13-TGG,7993,284,300,ENABLED
4G-CTH005M-TGG,4G-CTH005M13-TGG,7993,326,426,ENABLED
4G-CTH113M-TGG,4G-CTH113M13-TGG,7991,197,30,ENABLED
4G-CGA084M-TGG,4G-CGA084M13-TGG,7992,200,282,ENABLED
4G-CLA086M-TGG,4G-CLA086M13-TGG,7993,320,48,ENABLED
4G-HCL072M-TGG,4G-HCL072M13-TGG,7993,152,282,ENABLED
4G-CBE105M-TGG,4G-CBE105M13-TGG,7993,407,30,ENABLED
4G-GCO021M-TGG,4G-GCO021M13-TGG,7992,346,642,ENABLED
4G-TPH007M-TGG,4G-TPH007M13-TGG,7993,365,0,ENABLED
4G-HCL029M-TGG,4G-HCL029M13-TGG,7993,248,624,ENABLED
UL_TDM008M_BDG,4G-TDM008M13-BDG,6660,203,402,ENABLED
UL_DTI096M_BDG,4G-DTI096M13-BDG,6665,29,420,ENABLED
UL_TDM025M_BDG,4G-TDM025M13-BDG,6660,74,342,ENABLED
UL_BTY079M_BDG,4G-BTY079M13-BDG,6661,311,0,ENABLED
UL_TDM188M_BDG,4G-TDM188M13-BDG,6663,300,204,ENABLED
UL_BTY022M_BDG,4G-BTY022M13-BDG,6666,113,192,ENABLED
4G-BBA119M-BDG,4G-BBA119M13-BDG,6665,266,480,ENABLED
UL_DAN015M_BDG,4G-DAN015M13-BDG,6604,140,324,ENABLED
UL_TAN030M_BDG,4G-TAN030M13-BDG,6663,314,342,ENABLED
UL_BCA009M_BDG,4G-BCA009M13-BDG,6661,65,306,ENABLED
UL_TDM066M_BDG,4G-TDM066M13-BDG,6660,215,114,ENABLED
UL_TAN046M_BDG,4G-TAN046M13-BDG,6663,230,180,ENABLED
UL_TUY222M_BDG,4G-TUY222M13-BDG,6661,410,516,ENABLED
UL_BCA051M_BDG,4G-BCA051M13-BDG,6661,26,264,ENABLED
4G-TDM245M-BDG,4G-TDM245M13-BDG,6660,83,456,ENABLED
UL_TAN152M_BDG,4G-TAN152M13-BDG,6663,92,324,ENABLED
UL_TAN021M_BDG,4G-TAN021M13-BDG,6663,194,582,ENABLED
UL_TAN151M_BDG,4G-TAN151M13-BDG,6663,225,516,ENABLED
4G-PGI120M-BDG,4G-PGI120M13-BDG,6665,377,600,ENABLED
UL_DAN007M_BDG,4G-DAN007M13-BDG,6604,173,24,ENABLED
4G-DAN197M-BDG,4G-DAN197M13-BDG,6604,71,618,ENABLED
UL_TUY230M_BDG,4G-TUY230M13-BDG,6666,317,192,ENABLED
UL_BTY080M_BDG,4G-BTY080M13-BDG,6666,74,516,ENABLED
UL_TUY158M_BDG,4G-TUY158M13-BDG,6660,296,6,ENABLED
4G-TUY265M-BDG,4G-TUY265M13-BDG,6666,173,486,ENABLED
UL_TDM058M_BDG,4G-TDM058M13-BDG,6663,122,492,ENABLED
UL_DAN153M_BDG,4G-DAN153M13-BDG,6604,149,174,ENABLED
UL_BTY013M_BDG,4G-BTY013M13-BDG,6666,407,270,ENABLED
4G-BBA120M-BDG,4G-BBA120M13-BDG,6665,260,552,ENABLED
UL_BCA068M_BDG,4G-BCA068M13-BDG,6661,161,24,ENABLED
UL_TDM010M_BDG,4G-TDM010M13-BDG,6663,11,600,ENABLED
UL_TAN062M_BDG,4G-TAN062M13-BDG,6663,2,522,ENABLED
4G-BBA121M-BDG,4G-BBA121M13-BDG,6661,332,468,ENABLED
UL_BBA012M_BDG,4G-BBA012M13-BDG,6665,77,558,ENABLED
UL_TAN014M_BDG,4G-TAN014M13-BDG,6663,266,174,ENABLED
4G-TUY266M-BDG,4G-TUY266M13-BDG,6666,134,156,ENABLED
4G-TDM238M-BDG,4G-TDM238M13-BDG,6660,113,294,ENABLED
UL_TAN047M_BDG,4G-TAN047M13-BDG,6604,428,54,ENABLED
UL_TUY030M_BDG,4G-TUY030M13-BDG,6666,368,402,ENABLED
UL_BTY078M_BDG,4G-BTY078M13-BDG,6666,383,30,ENABLED
UL_BTY040M_BDG,4G-BTY040M13-BDG,6666,263,612,ENABLED
4G-BBA118M-BDG,4G-BBA118M13-BDG,6665,212,612,ENABLED
UL_DTI097M_BDG,4G-DTI097M13-BDG,6665,59,546,ENABLED
UL_BCA114M_BDG,4G-BCA114M13-BDG,6661,344,480,ENABLED
4G-TUY288M-BDG,4G-TUY288M13-BDG,6666,68,444,ENABLED
4G-BCA327M-BDG,4G-BCA327M13-BDG,6661,143,366,ENABLED
UL_TDM196M_BDG,4G-TDM196M13-BDG,6660,71,402,ENABLED
UL_TAN150M_BDG,4G-TAN150M13-BDG,6663,351,498,ENABLED
UL_DAN088M_BDG,4G-DAN088M13-BDG,6663,173,264,ENABLED
UL_TUY135M_BDG,4G-TUY135M13-BDG,6666,44,420,ENABLED
4G-TDM246M-BDG,4G-TDM246M13-BDG,6660,368,114,ENABLED
UL_TDM105M_BDG,4G-TDM105M13-BDG,6660,95,504,ENABLED
UL_DAN131M_BDG,4G-DAN131M13-BDG,6604,380,306,ENABLED
4G-PGI103M-BDG,4G-PGI103M13-BDG,6665,89,576,ENABLED
4G-TUY291M-BDG,4G-TUY291M13-BDG,6666,116,420,ENABLED
UL_BCA008M_BDG,4G-BCA008M13-BDG,6661,62,234,ENABLED
UL_TAN117M_BDG,4G-TAN117M13-BDG,6663,287,150,ENABLED
UL_BCA219M_BDG,4G-BCA219M13-BDG,6661,245,396,ENABLED
4G-PGI099M-BDG,4G-PGI099M13-BDG,6665,383,630,ENABLED
4G-BCA304M-BDG,4G-BCA304M13-BDG,6661,338,450,ENABLED
UL_BCA267M_BDG,4G-BCA267M13-BDG,6661,302,72,ENABLED
UL_BTY020M_BDG,4G-BTY020M13-BDG,6661,68,252,ENABLED
4G-BCA321M-BDG,4G-BCA321M13-BDG,6661,23,0,ENABLED
UL_TDM107M_BDG,4G-TDM107M13-BDG,6660,359,240,ENABLED
UL_TUY106M_BDG,4G-TUY106M13-BDG,6666,317,534,ENABLED
UL_BTY015M_BDG,4G-BTY015M13-BDG,6666,290,450,ENABLED
UL_BCA041M_BDG,4G-BCA041M13-BDG,6661,140,294,ENABLED
UL_TDM157M_BDG,4G-TDM157M13-BDG,6660,122,654,ENABLED
4G-BCA325M-BDG,4G-BCA325M13-BDG,6661,92,414,ENABLED
4G-PGI114M-BDG,4G-PGI114M13-BDG,6665,62,324,ENABLED
4G-BCA328M-BDG,4G-BCA328M13-BDG,6661,446,336,ENABLED
4G-PGI101M-BDG,4G-PGI101M13-BDG,6666,23,0,ENABLED
UL_TDM216M_BDG,4G-TDM216M13-BDG,6660,137,612,ENABLED
UL_BTY057M_BDG,4G-BTY057M13-BDG,6666,248,168,ENABLED
UL_BTY061M_BDG,4G-BTY061M13-BDG,6661,200,372,ENABLED
UL_TDM032M_BDG,4G-TDM032M13-BDG,6663,38,630,ENABLED
4G-DAN198M-BDG,4G-DAN198M13-BDG,6604,296,342,ENABLED
4G-TAN202M-BDG,4G-TAN202M13-BDG,6663,203,96,ENABLED
UL_BCA113M_BDG,4G-BCA113M13-BDG,6661,341,42,ENABLED
4G-BCA324M-BDG,4G-BCA324M13-BDG,6661,23,624,ENABLED
UL_TAN153M_BDG,4G-TAN153M13-BDG,6663,29,636,ENABLED
UL_TUY132M_BDG,4G-TUY132M13-BDG,6666,56,570,ENABLED
UL_BBA061M_BDG,4G-BBA061M13-BDG,6665,431,6,ENABLED
UL_TDM019M_BDG,4G-TDM019M13-BDG,6663,320,492,ENABLED
UL_PGI031M_BDG,4G-PGI031M13-BDG,6665,422,24,ENABLED
UL_BCA078M_BDG,4G-BCA078M13-BDG,6661,347,372,ENABLED
UL_DAN134M_BDG,4G-DAN134M13-BDG,6604,92,396,ENABLED
UL_TUY221M_BDG,4G-TUY221M13-BDG,6666,305,36,ENABLED
UL_TUY227M_BDG,4G-TUY227M13-BDG,6666,209,96,ENABLED
UL_TDM072M_BDG,4G-TDM072M13-BDG,6663,191,546,ENABLED
4G-TAN209M-BDG,4G-TAN209M13-BDG,6663,143,498,ENABLED
UL_TUY186M_BDG,4G-TUY186M13-BDG,6666,159,216,ENABLED
UL_BTY018M_BDG,4G-BTY018M13-BDG,6666,74,642,ENABLED
UL_BBA024M_BDG,4G-BBA024M13-BDG,6665,86,342,ENABLED
UL_TDM137M_BDG,4G-TDM137M13-BDG,6660,122,654,ENABLED
4G-TUY285M-BDG,4G-TUY285M13-BDG,6666,299,438,ENABLED
4G-PGI104M-BDG,4G-PGI104M13-BDG,6665,206,402,ENABLED
UL_DAN130M_BDG,4G-DAN130M13-BDG,6604,113,294,ENABLED
UL_DAN006M_BDG,4G-DAN006M13-BDG,6604,305,204,ENABLED
UL_TUY182M_BDG,4G-TUY182M13-BDG,6666,272,192,ENABLED
UL_BTY008M_BDG,4G-BTY008M13-BDG,6661,182,156,ENABLED
4G-TUY289M-BDG,4G-TUY289M13-BDG,6666,251,372,ENABLED
UL_TAN103M_BDG,4G-TAN103M13-BDG,6663,311,126,ENABLED
4G-TUY292M-BDG,4G-TUY292M13-BDG,6666,443,444,ENABLED
4G-TUY262M-BDG,4G-TUY262M13-BDG,6666,236,624,ENABLED
4G-BCA308M-BDG,4G-BCA308M13-BDG,6661,173,66,ENABLED
UL_BBA034M_BDG,4G-BBA034M13-BDG,6661,152,198,ENABLED
UL_TDM092M_BDG,4G-TDM092M13-BDG,6663,26,474,ENABLED
UL_TDM079M_BDG,4G-TDM079M13-BDG,6660,176,90,ENABLED
UL_TDM197M_BDG,4G-TDM197M13-BDG,6660,275,324,ENABLED
UL_BCA065M_BDG,4G-BCA065M13-BDG,6661,170,270,ENABLED
4G-TAN206M-BDG,4G-TAN206M13-BDG,6663,152,426,ENABLED
4G-TUY272M-BDG,4G-TUY272M13-BDG,6666,41,120,ENABLED
4G-DAN195M-BDG,4G-DAN195M13-BDG,6604,338,174,ENABLED
UL_DAN062M_BDG,4G-DAN062M13-BDG,6604,419,570,ENABLED
UL_TDM187M_BDG,4G-TDM187M13-BDG,6663,425,114,ENABLED
UL_TUY038M_BDG,4G-TUY038M13-BDG,6666,413,666,ENABLED
UL_DAN094M_BDG,4G-DAN094M13-BDG,6604,206,30,ENABLED
UL_TAN058M_BDG,4G-TAN058M13-BDG,6604,29,366,ENABLED
UL_BBA025M_BDG,4G-BBA025M13-BDG,6665,332,216,ENABLED
4G-TUY270M-BDG,4G-TUY270M13-BDG,6666,245,354,ENABLED
UL_DAN133M_BDG,4G-DAN133M13-BDG,6604,77,390,ENABLED
UL_TDM110M_BDG,4G-TDM110M13-BDG,6660,113,438,ENABLED
4G-TDM249M-BDG,4G-TDM249M13-BDG,6660,254,6,ENABLED
4G-TUY269M-BDG,4G-TUY269M13-BDG,6660,98,234,ENABLED
UL_TUY187M_BDG,4G-TUY187M13-BDG,6666,92,240,ENABLED
UL_TAN172M_BDG,4G-TAN172M13-BDG,6604,32,48,ENABLED
UL_BBA075M_BDG,4G-BBA075M13-BDG,6665,260,618,ENABLED
4G-BCA306M-BDG,4G-BCA306M13-BDG,6661,305,240,DISABLED
UL_TAN147M_BDG,4G-TAN147M13-BDG,6604,279,30,ENABLED
4G-TDM242M-BDG,4G-TDM242M13-BDG,6660,17,630,ENABLED
4G-TAN213M-BDG,4G-TAN213M13-BDG,6663,269,474,ENABLED
4G-TAN204M-BDG,4G-TAN204M13-BDG,6663,353,186,ENABLED
4G-TUY286M-BDG,4G-TUY286M13-BDG,6666,77,12,ENABLED
4G-BTY100M-BDG,4G-BTY100M13-BDG,6666,50,306,ENABLED
4G-BTY094M-BDG,4G-BTY094M13-BDG,6665,443,558,ENABLED
UL_BBA033M_BDG,4G-BBA033M13-BDG,6661,356,432,ENABLED
4G-DTI124M-BDG,4G-DTI124M13-BDG,6665,65,372,ENABLED
UL_TDM193M_BDG,4G-TDM193M13-BDG,6660,248,48,ENABLED
UL_BTY009M_BDG,4G-BTY009M13-BDG,6666,134,384,ENABLED
UL_TAN123M_BDG,4G-TAN123M13-BDG,6663,176,348,ENABLED
4G-PGI115M-BDG,4G-PGI115M13-BDG,6665,404,504,ENABLED
4G-BCA323M-BDG,4G-BCA323M13-BDG,6661,233,288,ENABLED
UL_BCA109M_BDG,4G-BCA109M13-BDG,6661,413,156,ENABLED
UL_DAN027M_BDG,4G-DAN027M13-BDG,6604,26,372,ENABLED
UL_BCA081M_BDG,4G-BCA081M13-BDG,6661,377,240,ENABLED
4G-BCA299M-BDG,4G-BCA299M13-BDG,6661,56,360,ENABLED
UL_BCA072M_BDG,4G-BCA072M13-BDG,6661,365,606,ENABLED
UL_BTY042M_BDG,4G-BTY042M13-BDG,6661,227,318,ENABLED
UL_TUY083M_BDG,4G-TUY083M13-BDG,6666,314,264,ENABLED
4G-PGI100M-BDG,4G-PGI100M13-BDG,6665,353,564,ENABLED
4G-TUY294M-BDG,4G-TUY294M13-BDG,6666,380,546,ENABLED
UL_BCA185M_BDG,4G-BCA185M13-BDG,6660,152,204,ENABLED
UL_TAN114M_BDG,4G-TAN114M13-BDG,6663,449,24,ENABLED
UL_TUY039M_BDG,4G-TUY039M13-BDG,6666,416,600,ENABLED
4G-DTI115M-BDG,4G-DTI115M13-BDG,6665,32,300,ENABLED
4G-BTY095M-BDG,4G-BTY095M13-BDG,6666,71,360,ENABLED
4G-TUY268M-BDG,4G-TUY268M13-BDG,6666,167,390,ENABLED
4G-BTY093M-BDG,4G-BTY093M13-BDG,6665,449,342,ENABLED
4G-BCA305M-BDG,4G-BCA305M13-BDG,6660,221,318,ENABLED
UL_DAN045M_BDG,4G-DAN045M13-BDG,6604,308,312,ENABLED
UL_TAN009M_BDG,4G-TAN009M13-BDG,6604,215,312,ENABLED
UL_PGI041M_BDG,4G-PGI041M13-BDG,6665,428,114,ENABLED
UL_BBA007M_BDG,4G-BBA007M13-BDG,6661,110,210,DISABLED
UL_TUY170M_BDG,4G-TUY170M13-BDG,6666,350,504,ENABLED
4G-TUY271M-BDG,4G-TUY271M13-BDG,6660,227,480,ENABLED
4G-BBA108M-BDG,4G-BBA108M13-BDG,6665,35,78,ENABLED
4G-TDM248M-BDG,4G-TDM248M13-BDG,6663,410,528,ENABLED
UL_TAN024M_BDG,4G-TAN024M13-BDG,6663,275,390,ENABLED
UL_DAN148M_BDG,4G-DAN148M13-BDG,6604,212,108,ENABLED
UL_TAN173M_BDG,4G-TAN173M13-BDG,6604,320,246,ENABLED
UL_TUY040M_BDG,4G-TUY040M13-BDG,6666,257,606,ENABLED
4G-BCA322M-BDG,4G-BCA322M13-BDG,6661,287,54,ENABLED
4G-DTI125M-BDG,4G-DTI125M13-BDG,6665,209,558,ENABLED
4G-DAN199M-BDG,4G-DAN199M13-BDG,6604,65,414,ENABLED
UL_TAN050M_BDG,4G-TAN050M13-BDG,6604,269,24,ENABLED
4G-DTI037M-BDG,4G-DTI037M13-BDG,6665,140,486,ENABLED
UL_BCA192M_BDG,4G-BCA192M13-BDG,6660,446,246,ENABLED
UL_TUY050M_BDG,4G-TUY050M13-BDG,6666,59,108,ENABLED
4G-DAN206M-BDG,4G-DAN206M13-BDG,6604,302,198,ENABLED
4G-TUY261M-BDG,4G-TUY261M13-BDG,6666,212,300,ENABLED
4G-TUY263M-BDG,4G-TUY263M13-BDG,6666,71,600,ENABLED
UL_BBA015M_BDG,4G-BBA015M13-BDG,6665,212,216,ENABLED
UL_BTY025M_BDG,4G-BTY025M13-BDG,6666,26,378,ENABLED
UL_DAN053M_BDG,4G-DAN053M13-BDG,6604,365,402,ENABLED
UL_TDM191M_BDG,4G-TDM191M13-BDG,6660,413,612,ENABLED
4G-TDM241M-BDG,4G-TDM241M13-BDG,6660,278,324,ENABLED
4G-TAN205M-BDG,4G-TAN205M13-BDG,6663,317,6,ENABLED
UL_BTY007M_BDG,4G-BTY007M13-BDG,6666,116,618,ENABLED
UL_TAN042M_BDG,4G-TAN042M13-BDG,6604,56,594,ENABLED
4G-BCA330M-BDG,4G-BCA330M13-BDG,6660,176,60,ENABLED
UL_BCA257M_BDG,4G-BCA257M13-BDG,6661,152,126,ENABLED
4G-TUY284M-BDG,4G-TUY284M13-BDG,6661,158,144,ENABLED
4G-BBA122M-BDG,4G-BBA122M13-BDG,6666,38,240,ENABLED
4G-TUY267M-BDG,4G-TUY267M13-BDG,6666,26,408,ENABLED
UL_TUY212M_BDG,4G-TUY212M13-BDG,6666,113,648,ENABLED
UL_BBA023M_BDG,4G-BBA023M13-BDG,6665,107,564,ENABLED
4G-DAN201M-BDG,4G-DAN201M13-BDG,6663,392,18,ENABLED
UL_BCA108M_BDG,4G-BCA108M13-BDG,6661,446,324,ENABLED
UL_BTY036M_BDG,4G-BTY036M13-BDG,6666,209,186,ENABLED
UL_DAN135M_BDG,4G-DAN135M13-BDG,6604,272,624,ENABLED
4G-DAN208M-BDG,4G-DAN208M13-BDG,6604,233,546,ENABLED
UL_TUY197M_BDG,4G-TUY197M13-BDG,6666,170,606,ENABLED
UL_BCA086M_BDG,4G-BCA086M13-BDG,6661,197,108,ENABLED
4G-BBA109M-BDG,4G-BBA109M13-BDG,6665,104,186,ENABLED
UL_TDM182M_BDG,4G-TDM182M13-BDG,6660,452,660,ENABLED
UL_TDM015M_BDG,4G-TDM015M13-BDG,6663,338,348,ENABLED
UL_TUY118M_BDG,4G-TUY118M13-BDG,6666,320,312,ENABLED
UL_TDM018M_BDG,4G-TDM018M13-BDG,6660,290,636,ENABLED
UL_TAN082M_BDG,4G-TAN082M13-BDG,6604,335,210,ENABLED
4G-TUY260M-BDG,4G-TUY260M13-BDG,6666,266,132,ENABLED
UL_TUY181M_BDG,4G-TUY181M13-BDG,6661,404,24,ENABLED
UL_TDM081M_BDG,4G-TDM081M13-BDG,6663,446,132,ENABLED
UL_BCA077M_BDG,4G-BCA077M13-BDG,6661,179,42,ENABLED
UL_TAN148M_BDG,4G-TAN148M13-BDG,6663,29,60,ENABLED
UL_BTY023M_BDG,4G-BTY023M13-BDG,6666,110,240,ENABLED
UL_TDM090M_BDG,4G-TDM090M13-BDG,6660,332,264,ENABLED
UL_TAN007M_BDG,4G-TAN007M13-BDG,6663,443,102,ENABLED
UL_TDM041M_BDG,4G-TDM041M13-BDG,6660,350,312,ENABLED
4G-BBA106M-BDG,4G-BBA106M13-BDG,6661,71,102,ENABLED
4G-BCA303M-BDG,4G-BCA303M13-BDG,6661,89,606,ENABLED
UL_TAN043M_BDG,4G-TAN043M13-BDG,6663,419,234,ENABLED
UL_TUY184M_BDG,4G-TUY184M13-BDG,6666,332,594,ENABLED
UL_TAN161M_BDG,4G-TAN161M13-BDG,6663,404,336,ENABLED
UL_DAN132M_BDG,4G-DAN132M13-BDG,6604,203,642,ENABLED
UL_DAN165M_BDG,4G-DAN165M13-BDG,6604,248,18,ENABLED
UL_TDM189M_BDG,4G-TDM189M13-BDG,6663,287,54,ENABLED
4G-TUY264M-BDG,4G-TUY264M13-BDG,6666,311,18,ENABLED
4G-BBA102M-BDG,4G-BBA102M13-BDG,6665,122,462,ENABLED
UL_BCA155M_BDG,4G-BCA155M13-BDG,6661,266,600,ENABLED
UL_TDM195M_BDG,4G-TDM195M13-BDG,6660,236,282,ENABLED
UL_TDM192M_BDG,4G-TDM192M13-BDG,6663,248,570,ENABLED
4G-BTY097M-BDG,4G-BTY097M13-BDG,6666,281,324,ENABLED
4G-BCA326M-BDG,4G-BCA326M13-BDG,6661,224,6,ENABLED
UL_TDM217M_BDG,4G-TDM217M13-BDG,6660,311,426,ENABLED
UL_TUY003M_BDG,4G-TUY003M13-BDG,6666,185,84,ENABLED
UL_TAN096M_BDG,4G-TAN096M13-BDG,6663,179,108,ENABLED
4G-PGI102M-BDG,4G-PGI102M13-BDG,6665,254,276,ENABLED
4G-TUY290M-BDG,4G-TUY290M13-BDG,6666,146,0,ENABLED
UL_BBA059M_BDG,4G-BBA059M13-BDG,6665,101,504,ENABLED
UL_PGI062M_BDG,4G-PGI062M13-BDG,6665,433,336,ENABLED
UL_BCA178M_BDG,4G-BCA178M13-BDG,6661,59,552,ENABLED
UL_TAN108M_BDG,4G-TAN108M13-BDG,6663,83,138,ENABLED
4G-TUY287M-BDG,4G-TUY287M13-BDG,6661,359,66,ENABLED
UL_BCA027M_BDG,4G-BCA027M13-BDG,6661,242,0,ENABLED
UL_TUY174M_BDG,4G-TUY174M13-BDG,6666,359,318,ENABLED
UL_DAN087M_BDG,4G-DAN087M13-BDG,6604,263,648,ENABLED
4G-LVU055M-DTP,4G-LVU055M13-DTP,7111,422,48,ENABLED
4G-SDE024M-DTP,4G-SDE024M13-DTP,7111,338,282,ENABLED
4G-SDE041M-DTP,4G-SDE041M13-DTP,7111,305,84,ENABLED
4G-TBI019M-DTP,4G-TBI019M13-DTP,7112,110,210,ENABLED
4G-CLA081M-DTP,4G-CLA081M13-DTP,7111,446,156,ENABLED
4G-CLA080M-DTP,4G-CLA080M13-DTP,7111,344,534,ENABLED
4G-CTH049M-DTP,4G-CTH049M13-DTP,7111,236,192,ENABLED
4G-HNG022M-DTP,4G-HNG022M13-DTP,7112,320,408,ENABLED
4G-LVU054M-DTP,4G-LVU054M13-DTP,7111,269,318,ENABLED
4G-LVO062M-DTP,4G-LVO062M13-DTP,7111,377,498,ENABLED
4G-LVO064M-DTP,4G-LVO064M13-DTP,7111,353,606,ENABLED
4G-TNO040M-DTP,4G-TNO040M13-DTP,7112,302,120,ENABLED
4G-HHN043M-DTP,4G-HHN043M13-DTP,7112,398,624,ENABLED
UL_HHN013M_DTP,4G-HHN013M13-DTP,7112,305,282,ENABLED
4G-THO018M-DTP,4G-THO018M13-DTP,7112,20,84,ENABLED
4G-LVO065M-DTP,4G-LVO065M13-DTP,7111,395,48,ENABLED
4G-TNO024M-DTP,4G-TNO024M13-DTP,7112,77,174,ENABLED
4G-LVU057M-DTP,4G-LVU057M13-DTP,7111,224,390,ENABLED
UL_HCL008M_DTP,4G-HCL008M13-DTP,7112,317,66,ENABLED
UL_HCL051M_DTP,4G-HCL051M13-DTP,7111,146,138,ENABLED
4G-THU029M-LAN,4G-THU029M13-LAN,7550,56,606,ENABLED
UL_DHO159M_LAN,4G-DHO159M13-LAN,7549,212,552,ENABLED
4G-TTH036M-LAN,4G-TTH036M13-LAN,7550,80,462,ENABLED
4G-TTH019M-LAN,4G-TTH019M13-LAN,7550,303,192,ENABLED
4G-CDU064M-LAN,4G-CDU064M13-LAN,7511,245,516,ENABLED
4G-BLU112M-LAN,4G-BLU112M13-LAN,7549,185,192,ENABLED
4G-DHO169M-LAN,4G-DHO169M13-LAN,7549,239,318,ENABLED
4G-TTH003M-LAN,4G-TTH003M13-LAN,7550,77,480,ENABLED
4G-MHO036M-LAN,4G-MHO036M13-LAN,7550,317,606,ENABLED
4G-TTU057M-LAN,4G-TTU057M13-LAN,7510,311,642,ENABLED
4G-CGI037M-LAN,4G-CGI037M13-LAN,7511,29,156,ENABLED
4G-DHO170M-LAN,4G-DHO170M13-LAN,7549,41,300,ENABLED
4G-VHU008M-LAN,4G-VHU008M13-LAN,7550,29,264,ENABLED
UL_TTU022M_LAN,4G-TTU022M13-LAN,7510,158,498,ENABLED
4G-VHU026M-LAN,4G-VHU026M13-LAN,7550,284,336,ENABLED
4G-TAN092M-LAN,4G-TAN092M13-LAN,7510,248,264,ENABLED
4G-TTH021M-LAN,4G-TTH021M13-LAN,7550,140,480,ENABLED
4G-TAN089M-LAN,4G-TAN089M13-LAN,7510,326,462,ENABLED
4G-TTU055M-LAN,4G-TTU055M13-LAN,7549,62,210,ENABLED
UL_CDU022M_LAN,4G-CDU022M13-LAN,7511,11,48,ENABLED
4G-KTU009M-LAN,4G-KTU009M13-LAN,7550,408,252,ENABLED
4G-THO047M-LAN,4G-THO047M13-LAN,7550,320,318,ENABLED
4G-TTR006M-LAN,4G-TTR006M13-LAN,7511,412,426,ENABLED
4G-TTH026M-LAN,4G-TTH026M13-LAN,7550,104,624,ENABLED
4G-TAN090M-LAN,4G-TAN090M13-LAN,7510,209,552,ENABLED
4G-THO045M-LAN,4G-THO045M13-LAN,7550,383,516,ENABLED
4G-DHU023M-LAN,4G-DHU023M13-LAN,7549,148,540,ENABLED
4G-CTH007M-LAN,4G-CTH007M13-LAN,7511,247,126,ENABLED
UL_TTU053M_LAN,4G-TTU053M13-LAN,7510,59,462,ENABLED
4G-CGI005M-LAN,4G-CGI005M13-LAN,7511,311,246,ENABLED
UL_DHU038M_LAN,4G-DHU038M13-LAN,7549,188,552,ENABLED
SR_TTU012M_LAN,4G-TTU012M13-LAN,7510,184,48,ENABLED
4G-THO040M-LAN,4G-THO040M13-LAN,7550,386,588,ENABLED
4G-CTH031M-LAN,4G-CTH031M13-LAN,7511,233,642,ENABLED
4G-BLU109M-LAN,4G-BLU109M13-LAN,7549,209,12,ENABLED
4G-CGI072M-LAN,4G-CGI072M13-LAN,7511,434,66,ENABLED
4G-THU027M-LAN,4G-THU027M13-LAN,7550,440,534,ENABLED
4G-TTH034M-LAN,4G-TTH034M13-LAN,7550,449,210,ENABLED
4G-THO044M-LAN,4G-THO044M13-LAN,7550,341,606,ENABLED
4G-CGI076M-LAN,4G-CGI076M13-LAN,7511,161,120,ENABLED
4G-TTH014M-LAN,4G-TTH014M13-LAN,7550,69,246,ENABLED
4G-TTH013M-LAN,4G-TTH013M13-LAN,7550,65,138,ENABLED
4G-CGI002M-LAN,4G-CGI002M13-LAN,7511,344,534,ENABLED
4G-DHO167M-LAN,4G-DHO167M13-LAN,7549,38,246,ENABLED
4G-THO048M-LAN,4G-THO048M13-LAN,7550,401,390,ENABLED
4G-THO015M-LAN,4G-THO015M13-LAN,7550,225,546,ENABLED
UL_BLU104M_LAN,4G-BLU104M13-LAN,7549,263,408,ENABLED
4G-THO014M-LAN,4G-THO014M13-LAN,7550,2,156,ENABLED
4G-VHU027M-LAN,4G-VHU027M13-LAN,7550,230,282,ENABLED
4G-BLU113M-LAN,4G-BLU113M13-LAN,7549,416,174,ENABLED
UL_DHO093M_LAN,4G-DHO093M13-LAN,7549,72,642,ENABLED
4G-CDU046M-LAN,4G-CDU046M13-LAN,7511,89,48,ENABLED
4G-THO041M-LAN,4G-THO041M13-LAN,7550,287,570,ENABLED
UL_TTU004M_LAN,4G-TTU004M13-LAN,7549,237,294,ENABLED
4G-DHU004M-LAN,4G-DHU004M13-LAN,7549,230,12,ENABLED
UL_DHO158M_LAN,4G-DHO158M13-LAN,7549,98,66,ENABLED
4G-TTH004M-LAN,4G-TTH004M13-LAN,7550,101,372,ENABLED
4G-VHU007M-LAN,4G-VHU007M13-LAN,7550,301,552,ENABLED
4G-KTU001M-LAN,4G-KTU001M13-LAN,7550,250,372,ENABLED
4G-TTR010M-LAN,4G-TTR010M13-LAN,7511,277,12,ENABLED
4G-CDU013M-LAN,4G-CDU013M13-LAN,7511,194,102,ENABLED
4G-CDU003M-LAN,4G-CDU003M13-LAN,7511,387,318,ENABLED
UL_DHO037M_LAN,4G-DHO037M13-LAN,7549,246,48,ENABLED
4G-THO001M-LAN,4G-THO001M13-LAN,7550,189,276,ENABLED
UL_CGI004M_LAN,4G-CGI004M13-LAN,7511,424,264,ENABLED
4G-BLU041M-LAN,4G-BLU041M13-LAN,7549,128,462,ENABLED
4G-DHO163M-LAN,4G-DHO163M13-LAN,7549,242,606,ENABLED
4G-CTH001M-LAN,4G-CTH001M13-LAN,7511,203,12,ENABLED
4G-TAN091M-LAN,4G-TAN091M13-LAN,7510,269,210,ENABLED
UL_TTU054M_LAN,4G-TTU054M13-LAN,7510,308,570,ENABLED
UL_CDU001M_LAN,4G-CDU001M13-LAN,7510,321,534,ENABLED
4G-TTH027M-LAN,4G-TTH027M13-LAN,7550,182,606,ENABLED
4G-CDU036M-LAN,4G-CDU036M13-LAN,7511,392,48,ENABLED
4G-KTU031M-LAN,4G-KTU031M13-LAN,7550,377,300,ENABLED
UL_MHO025M_LAN,4G-MHO025M13-LAN,7550,146,30,ENABLED
UL_DHO001M_LAN,4G-DHO001M13-LAN,7549,404,480,ENABLED
4G-THO008M-LAN,4G-THO008M13-LAN,7550,165,354,ENABLED
4G-DHU019M-LAN,4G-DHU019M13-LAN,7549,128,192,ENABLED
4G-CGI074M-LAN,4G-CGI074M13-LAN,7511,440,516,ENABLED
4G-TTH007M-LAN,4G-TTH007M13-LAN,7550,428,318,ENABLED
4G-DHU003M-LAN,4G-DHU003M13-LAN,7549,34,252,ENABLED
UL_TTU001M_LAN,4G-TTU001M13-LAN,7549,19,606,ENABLED
UL_BLU017M_LAN,4G-BLU017M13-LAN,7549,288,102,ENABLED
UL_TTH022M_LAN,4G-TTH022M13-LAN,7550,171,390,ENABLED
4G-DHO166M-LAN,4G-DHO166M13-LAN,7549,434,156,ENABLED
4G-DHU044M-LAN,4G-DHU044M13-LAN,7549,44,570,ENABLED
4G-TTH033M-LAN,4G-TTH033M13-LAN,7550,401,138,ENABLED
4G-KTU006M-LAN,4G-KTU006M13-LAN,7550,423,180,ENABLED
4G-THU025M-LAN,4G-THU025M13-LAN,7550,221,318,ENABLED
4G-TTR012M-LAN,4G-TTR012M13-LAN,7511,379,498,ENABLED
4G-TTH006M-LAN,4G-TTH006M13-LAN,7550,97,408,ENABLED
4G-CGI025M-LAN,4G-CGI025M13-LAN,7511,117,624,ENABLED
4G-TTH023M-LAN,4G-TTH023M13-LAN,7550,179,66,ENABLED
4G-KTU029M-LAN,4G-KTU029M13-LAN,7550,245,606,ENABLED
4G-CDU019M-LAN,4G-CDU019M13-LAN,7511,443,354,ENABLED
UL_DHU018M_LAN,4G-DHU018M13-LAN,7549,38,444,ENABLED
UL_BLU083M_LAN,4G-BLU083M13-LAN,7510,128,534,ENABLED
4G-TTR026M-LAN,4G-TTR026M13-LAN,7511,155,228,ENABLED
4G-BLU004M-LAN,4G-BLU004M13-LAN,7549,242,534,ENABLED
4G-DHU043M-LAN,4G-DHU043M13-LAN,7549,113,282,DISABLED
4G-KTU030M-LAN,4G-KTU030M13-LAN,7550,395,624,ENABLED
UL_DHO011M_LAN,4G-DHO011M13-LAN,7549,105,210,ENABLED
4G-BLU110M-LAN,4G-BLU110M13-LAN,7510,302,66,ENABLED
4G-DHO164M-LAN,4G-DHO164M13-LAN,7549,263,228,ENABLED
UL_BLU015M_LAN,4G-BLU015M13-LAN,7549,255,654,ENABLED
4G-TTH005M-LAN,4G-TTH005M13-LAN,7550,419,552,ENABLED
4G-TTR025M-LAN,4G-TTR025M13-LAN,7511,362,300,ENABLED
UL_DHU041M_LAN,4G-DHU041M13-LAN,7549,368,426,ENABLED
4G-DHO008M-LAN,4G-DHO008M13-LAN,7549,158,612,ENABLED
4G-TTR001M-LAN,4G-TTR001M13-LAN,7511,280,444,ENABLED
4G-TTH009M-LAN,4G-TTH009M13-LAN,7550,18,102,ENABLED
4G-DHO172M-LAN,4G-DHO172M13-LAN,7549,386,12,DISABLED
4G-DHU005M-LAN,4G-DHU005M13-LAN,7549,101,498,ENABLED
SR_TAN025M_LAN,4G-TAN025M13-LAN,7510,214,300,ENABLED
4G-CGI017M-LAN,4G-CGI017M13-LAN,7511,418,426,ENABLED
UL_BLU024M_LAN,4G-BLU024M13-LAN,7549,21,552,ENABLED
4G-CGI001M-LAN,4G-CGI001M13-LAN,7511,319,498,ENABLED
4G-TTR008M-LAN,4G-TTR008M13-LAN,7511,370,162,ENABLED
4G-CGI011M-LAN,4G-CGI011M13-LAN,7511,446,642,ENABLED
4G-DHO171M-LAN,4G-DHO171M13-LAN,7549,419,174,ENABLED
4G-TTH025M-LAN,4G-TTH025M13-LAN,7550,369,432,ENABLED
4G-VHU028M-LAN,4G-VHU028M13-LAN,7550,383,624,ENABLED
4G-DHO168M-LAN,4G-DHO168M13-LAN,7549,347,444,ENABLED
4G-BLU111M-LAN,4G-BLU111M13-LAN,7510,224,174,ENABLED
4G-CTH006M-LAN,4G-CTH006M13-LAN,7511,178,594,ENABLED
4G-TTH035M-LAN,4G-TTH035M13-LAN,7550,137,552,ENABLED
4G-DHO165M-LAN,4G-DHO165M13-LAN,7549,218,264,ENABLED
UL_DHO045M_LAN,4G-DHO045M13-LAN,7549,329,552,ENABLED
4G-BLU108M-LAN,4G-BLU108M13-LAN,7510,329,300,ENABLED
4G-TTR005M-LAN,4G-TTR005M13-LAN,7511,73,234,ENABLED
4G-KTU013M-LAN,4G-KTU013M13-LAN,7550,174,90,ENABLED
4G-THO046M-LAN,4G-THO046M13-LAN,7550,224,156,ENABLED
4G-TTH012M-LAN,4G-TTH012M13-LAN,7550,174,324,ENABLED
4G-CGI014M-LAN,4G-CGI014M13-LAN,7511,436,570,ENABLED
4G-MHO035M-LAN,4G-MHO035M13-LAN,7550,272,408,ENABLED
4G-THU028M-LAN,4G-THU028M13-LAN,7550,164,246,ENABLED
4G-DHU042M-LAN,4G-DHU042M13-LAN,7549,59,156,ENABLED
SL-NKI104M-CTO,4G-NKI104M13-CTO,6220,443,174,ENABLED
SL-CRA078M-CTO,4G-CRA078M13-CTO,6220,221,408,ENABLED
SL-CRA079M-CTO,4G-CRA079M13-CTO,6220,323,192,ENABLED
SL-CDO059M-CTO,4G-CDO059M13-CTO,6211,188,462,ENABLED
SL-CRA080M-CTO,4G-CRA080M13-CTO,6220,203,12,ENABLED
SL-CRA077M-CTO,4G-CRA077M13-CTO,6220,167,606,ENABLED
SL-TVI045M-TVH,4G-TVI045M13-TVH,8006,92,300,ENABLED
LN-CNG043M-TVH,4G-CNG043M13-TVH,8052,248,120,ENABLED
SL-TVI044M-TVH,4G-TVI044M13-TVH,8006,152,390,ENABLED
SL-TVI046M-TVH,4G-TVI046M13-TVH,8006,2,516,ENABLED
LN-HDH025M-TVH,4G-HDH025M13-TVH,8052,275,426,ENABLED
SL-TVI043M-TVH,4G-TVI043M13-TVH,8006,311,120,ENABLED
LN-CKE043M-TVH,4G-CKE043M13-TVH,8054,284,336,ENABLED
LN-CLO058M-TVH,4G-CLO058M13-TVH,8052,170,174,ENABLED
LN-CNG042M-TVH,4G-CNG042M13-TVH,8052,176,102,ENABLED
LN-HDH026M-TVH,4G-HDH026M13-TVH,8052,446,408,ENABLED
LN-CLO051M-TVH,4G-CLO051M13-TVH,8052,62,30,ENABLED
LN-CNG040M-TVH,4G-CNG040M13-TVH,8052,80,408,ENABLED
LN-CLO057M-TVH,4G-CLO057M13-TVH,8052,203,354,ENABLED
SL-TVI017M-TVH,4G-TVI017M13-TVH,8006,102,552,ENABLED
LN-CKE039M-TVH,4G-CKE039M13-TVH,8054,212,300,ENABLED
SL-TVI033M-TVH,4G-TVI033M13-TVH,8006,166,318,ENABLED
LN-TCU048M-TVH,4G-TCU048M13-TVH,8054,107,354,ENABLED
LN-DHA041M-TVH,4G-DHA041M13-TVH,8052,269,354,ENABLED
LN-CKE042M-TVH,4G-CKE042M13-TVH,8054,383,156,ENABLED
LN-TCU047M-TVH,4G-TCU047M13-TVH,8054,263,12,ENABLED
LN-CLO054M-TVH,4G-CLO054M13-TVH,8052,65,516,ENABLED
SL-TVI036M-TVH,4G-TVI036M13-TVH,8006,389,444,ENABLED
LN-CLO052M-TVH,4G-CLO052M13-TVH,8052,413,606,ENABLED
LN-CNG037M-TVH,4G-CNG037M13-TVH,8052,86,228,ENABLED
LN-CLO055M-TVH,4G-CLO055M13-TVH,8052,233,372,ENABLED
LN-DHA040M-TVH,4G-DHA040M13-TVH,8052,353,606,ENABLED
LN-CNG038M-TVH,4G-CNG038M13-TVH,8052,413,138,ENABLED
LN-CNG041M-TVH,4G-CNG041M13-TVH,8052,350,552,ENABLED
LN-TCU049M-TVH,4G-TCU049M13-TVH,8054,389,534,ENABLED
LN-TCA042M-TVH,4G-TCA042M13-TVH,8054,131,336,ENABLED
LN-CKE040M-TVH,4G-CKE040M13-TVH,8054,191,426,ENABLED
LN-CLO056M-TVH,4G-CLO056M13-TVH,8052,23,282,ENABLED
LN-CLO053M-TVH,4G-CLO053M13-TVH,8052,230,48,ENABLED
SL-TVI037M-TVH,4G-TVI037M13-TVH,8006,192,570,ENABLED
SL-CTH060M-TVH,4G-CTH060M13-TVH,8052,29,318,ENABLED
SL-TPH011M-BTE,4G-TPH011M13-BTE,6556,249,384,ENABLED
LN-TPH035M-BTE,4G-TPH035M13-BTE,6556,411,354,ENABLED
LN-BTI001M-BTE,4G-BTI001M13-BTE,6556,16,474,ENABLED
LN-GTR046M-BTE,4G-GTR046M13-BTE,6551,137,588,ENABLED
SL-CTH066M-BTE,4G-CTH066M13-BTE,6551,257,12,ENABLED
SL-CTH071M-BTE,4G-CTH071M13-BTE,6551,266,570,ENABLED
SL-TPH061M-BTE,4G-TPH061M13-BTE,6556,35,606,ENABLED
SL-BTI063M-BTE,4G-BTI063M13-BTE,6556,173,30,ENABLED
SL-BDA043M-BTE,4G-BDA043M13-BTE,6556,170,354,ENABLED
SL-CTH062M-BTE,4G-CTH062M13-BTE,6551,416,318,ENABLED
SL-BDA059M-BTE,4G-BDA059M13-BTE,6556,359,48,ENABLED
SL-TPH029M-BTE,4G-TPH029M13-BTE,6556,50,84,ENABLED
SL-MCB037M-BTE,4G-MCB037M13-BTE,6551,284,66,ENABLED
SL-TPH042M-BTE,4G-TPH042M13-BTE,6556,152,120,ENABLED
LN-BDA016M-BTE,4G-BDA016M13-BTE,6556,8,120,ENABLED
LN-CLA026M-BTE,4G-CLA026M13-BTE,6551,212,528,ENABLED
SL-BDA022M-BTE,4G-BDA022M13-BTE,6556,283,258,ENABLED
SL-CTH063M-BTE,4G-CTH063M13-BTE,6551,236,102,ENABLED
SL-BDA009M-BTE,4G-BDA009M13-BTE,6556,188,24,ENABLED
SL-MCN045M-BTE,4G-MCN045M13-BTE,6551,68,624,ENABLED
SL-BDA051M-BTE,4G-BDA051M13-BTE,6556,134,570,ENABLED
SL-CTH064M-BTE,4G-CTH064M13-BTE,6551,116,372,ENABLED
SL-GTR028M-BTE,4G-GTR028M13-BTE,6551,147,54,ENABLED
SL-MCN044M-BTE,4G-MCN044M13-BTE,6551,425,120,ENABLED
LN-BDA005M-BTE,4G-BDA005M13-BTE,6556,101,372,ENABLED
LN-BDA024M-BTE,4G-BDA024M13-BTE,6556,419,624,ENABLED
SL-MCB036M-BTE,4G-MCB036M13-BTE,6551,98,480,ENABLED
SL-CLA041M-BTE,4G-CLA041M13-BTE,6551,158,210,ENABLED
SL-BDA063M-BTE,4G-BDA063M13-BTE,6556,257,408,ENABLED
SL-BDA032M-BTE,4G-BDA032M13-BTE,6556,91,72,ENABLED
SL-TPH010M-BTE,4G-TPH010M13-BTE,6556,247,24,ENABLED
SL-TPH057M-BTE,4G-TPH057M13-BTE,6556,158,210,ENABLED
LN-GTR047M-BTE,4G-GTR047M13-BTE,6551,408,324,ENABLED
SL-BTR087M-BTE,4G-BTR087M13-BTE,6551,428,282,ENABLED
LN-CLA019M-BTE,4G-CLA019M13-BTE,6551,368,222,ENABLED
SL-CTH065M-BTE,4G-CTH065M13-BTE,6551,332,282,ENABLED
SL-GTR004M-BTE,4G-GTR004M13-BTE,6551,272,456,ENABLED
SL-TPH060M-BTE,4G-TPH060M13-BTE,6556,149,426,ENABLED
SL-CLA042M-BTE,4G-CLA042M13-BTE,6551,347,156,ENABLED
LN-BDA021M-BTE,4G-BDA021M13-BTE,6556,52,594,ENABLED
SL-TON040M-VLG,4G-TON040M13-VLG,8111,415,438,ENABLED
SL-TBI015M-VLG,4G-TBI015M13-VLG,8153,338,432,ENABLED
LN-MTH029M-VLG,4G-MTH029M13-VLG,8111,218,636,ENABLED
SL-TBI046M-VLG,4G-TBI046M13-VLG,8153,440,246,ENABLED
SL-BTA038M-VLG,4G-BTA038M13-VLG,8153,335,534,ENABLED
SL-VLI050M-VLG,4G-VLI050M13-VLG,8111,164,588,ENABLED
SL-LHO072M-VLG,4G-LHO072M13-VLG,8153,341,426,ENABLED
SL-TON049M-VLG,4G-TON049M13-VLG,8111,197,480,ENABLED
SL-TON018M-VLG,4G-TON018M13-VLG,8111,38,624,ENABLED
SL-BMI036M-VLG,4G-BMI036M13-VLG,8153,311,390,ENABLED
LN-VLI001M-VLG,4G-VLI001M13-VLG,8111,227,342,ENABLED
SL-BTA013M-VLG,4G-BTA013M13-VLG,8153,85,564,ENABLED
SL-LHO074M-VLG,4G-LHO074M13-VLG,8153,401,480,ENABLED
SL-VLO065M-VLG,4G-VLO065M13-VLG,8118,47,48,ENABLED
SL-MTH037M-VLG,4G-MTH037M13-VLG,8111,188,174,ENABLED
SL-TBI049M-VLG,4G-TBI049M13-VLG,8153,419,318,ENABLED
SL-TON009M-VLG,4G-TON009M13-VLG,8111,266,570,ENABLED
SL-VLI048M-VLG,4G-VLI048M13-VLG,8153,311,462,ENABLED
SL-MTH044M-VLG,4G-MTH044M13-VLG,8111,224,120,ENABLED
SL-TBI030M-VLG,4G-TBI030M13-VLG,8153,163,654,ENABLED
SL-TON050M-VLG,4G-TON050M13-VLG,8111,239,138,ENABLED
SL-TON031M-VLG,4G-TON031M13-VLG,8111,263,372,ENABLED
SL-VLI051M-VLG,4G-VLI051M13-VLG,8111,440,84,ENABLED
SL-TON015M-VLG,4G-TON015M13-VLG,8153,127,402,ENABLED
SL-LHO063M-VLG,4G-LHO063M13-VLG,8153,395,138,ENABLED
SL-TON028M-VLG,4G-TON028M13-VLG,8111,287,156,ENABLED
SL-BTA029M-VLG,4G-BTA029M13-VLG,8153,277,60,ENABLED
LN-MTH035M-VLG,4G-MTH035M13-VLG,8111,113,282,ENABLED
LN-TON044M-VLG,4G-TON044M13-VLG,8153,59,498,ENABLED
SL-TON051M-VLG,4G-TON051M13-VLG,8111,206,570,ENABLED
SL-VLI049M-VLG,4G-VLI049M13-VLG,8111,362,300,ENABLED
SL-TON048M-VLG,4G-TON048M13-VLG,8111,329,606,ENABLED
SL-TBI051M-VLG,4G-TBI051M13-VLG,8153,380,156,ENABLED
SL-MTH001M-VLG,4G-MTH001M13-VLG,8111,251,192,ENABLED
SL-TON033M-VLG,4G-TON033M13-VLG,8111,353,534,ENABLED
SL-TON036M-VLG,4G-TON036M13-VLG,8111,182,372,ENABLED
SL-LHO076M-VLG,4G-LHO076M13-VLG,8153,344,354,ENABLED
LN-MTH015M-VLG,4G-MTH015M13-VLG,8111,260,510,ENABLED
SL-TON007M-VLG,4G-TON007M13-VLG,8111,440,174,ENABLED
SL-CLA061M-TGG,4G-CLA061M13-TGG,7993,173,534,ENABLED
SL-KSA008M-STG,4G-KSA008M13-STG,7715,5,498,ENABLED
LN-KSA037M-STG,4G-KSA037M13-STG,7715,224,468,ENABLED
SL-KSA020M-STG,4G-KSA020M13-STG,7715,35,432,ENABLED
SL-KSA036M-STG,4G-KSA036M13-STG,7715,236,228,ENABLED
SL-KSA025M-STG,4G-KSA025M13-STG,7715,437,462,ENABLED
SL-KSA002M-STG,4G-KSA002M13-STG,7715,14,282,ENABLED
SL-KSA018M-STG,4G-KSA018M13-STG,7715,386,18,ENABLED
SL-KSA026M-STG,4G-KSA026M13-STG,7715,41,180,ENABLED
SL-HNG069M-DTP,4G-HNG069M13-DTP,7112,128,390,ENABLED
SL-HHN042M-DTP,4G-HHN042M13-DTP,7112,350,228,ENABLED
SL-HHN025M-DTP,4G-HHN025M13-DTP,7112,323,570,ENABLED
SL-CLA082M-DTP,4G-CLA082M13-DTP,7111,329,606,ENABLED
SL-TBI007M-DTP,4G-TBI007M13-DTP,7112,194,390,ENABLED
SL-HNG026M-DTP,4G-HNG026M13-DTP,7112,371,390,ENABLED
SL-CTH004M-DTP,4G-CTH004M13-DTP,7111,230,546,ENABLED
SL-TBI047M-DTP,4G-TBI047M13-DTP,7112,71,336,ENABLED
SL-THO047M-DTP,4G-THO047M13-DTP,7112,359,588,ENABLED
SL-HCL065M-DTP,4G-HCL065M13-DTP,7111,161,156,ENABLED
SL-HNG068M-DTP,4G-HNG068M13-DTP,7112,80,588,ENABLED
SL-HNG065M-DTP,4G-HNG065M13-DTP,7112,94,180,ENABLED
SL-CLA083M-DTP,4G-CLA083M13-DTP,7111,131,624,ENABLED
SL-TNO036M-DTP,4G-TNO036M13-DTP,7112,269,84,ENABLED
SL-TMU062M-DTP,4G-TMU062M13-DTP,7112,362,282,ENABLED
SL-LVO061M-DTP,4G-LVO061M13-DTP,7111,368,426,ENABLED
SL-TNO038M-DTP,4G-TNO038M13-DTP,7112,173,390,ENABLED
SL-HCL013M-DTP,4G-HCL013M13-DTP,7111,371,444,ENABLED
SL-HNG067M-DTP,4G-HNG067M13-DTP,7112,317,516,ENABLED
SL-LVO066M-DTP,4G-LVO066M13-DTP,7111,38,426,ENABLED
SL-TCH028M-AGG,4G-TCH028M13-AGG,6336,341,588,ENABLED
SL-CPH065M-AGG,4G-CPH065M13-AGG,6336,20,30,ENABLED
SL-CMO069M-AGG,4G-CMO069M13-AGG,6309,338,642,ENABLED
SL-TCH047M-AGG,4G-TCH047M13-AGG,6336,167,480,ENABLED
SL-CMO067M-AGG,4G-CMO067M13-AGG,6307,86,210,ENABLED
SL-LXU068M-AGG,4G-LXU068M13-AGG,6309,200,552,ENABLED
SL-CPH064M-AGG,4G-CPH064M13-AGG,6336,263,102,ENABLED
SL-LXU072M-AGG,4G-LXU072M13-AGG,6309,203,12,ENABLED
SL-CMO068M-AGG,4G-CMO068M13-AGG,6309,275,408,ENABLED
SL-CPH062M-AGG,4G-CPH062M13-AGG,6336,314,156,ENABLED
SL-CPH066M-AGG,4G-CPH066M13-AGG,6336,224,210,ENABLED
SL-CDO042M-AGG,4G-CDO042M13-AGG,6336,380,588,ENABLED
4G-NKI007M-CTO,4G-NKI007M13-CTO,6220,28,460,ENABLED
4G-NKI137M-CTO,4G-NKI137M13-CTO,6222,76,204,ENABLED
4G-BTH031M-CTO,4G-BTH031M13-CTO,6222,352,456,ENABLED
4G-BTH018M-CTO,4G-BTH018M13-CTO,6222,427,366,ENABLED
4G-NKI158M-CTO,4G-NKI158M13-CTO,6220,37,258,ENABLED
4G-CRA027M-CTO,4G-CRA027M13-CTO,6220,187,528,ENABLED
4G-OMO003M-CTO,4G-OMO003M13-CTO,6222,280,60,ENABLED
4G-NKI101M-CTO,4G-NKI101M13-CTO,6220,145,96,ENABLED
4G-CRA024M-CTO,4G-CRA024M13-CTO,6220,373,144,ENABLED
4G-CRA011M-CTO,4G-CRA011M13-CTO,6220,370,546,ENABLED
4G-BTH010M-CTO,4G-BTH010M13-CTO,6222,168,186,ENABLED
4G-OMO015M-CTO,4G-OMO015M13-CTO,6211,202,126,ENABLED
4G-OMO004M-CTO,4G-OMO004M13-CTO,6222,64,90,ENABLED
4G-CRA035M-CTO,4G-CRA035M13-CTO,6220,382,582,ENABLED
4G-TNO027M-CTO,4G-TNO027M13-CTO,6211,439,306,ENABLED
4G-NKI044M-CTO,4G-NKI044M13-CTO,6220,322,618,ENABLED
4G-BTH027M-CTO,4G-BTH027M13-CTO,6222,4,204,ENABLED
4G-BTH017M-CTO,4G-BTH017M13-CTO,6222,30,492,ENABLED
4G-BTH030M-CTO,4G-BTH030M13-CTO,6222,178,348,ENABLED
4G-NKI136M-CTO,4G-NKI136M13-CTO,6220,133,654,ENABLED
4G-TNO039M-CTO,4G-TNO039M13-CTO,6211,139,234,ENABLED
4G-TNO004M-CTO,4G-TNO004M13-CTO,6211,153,270,ENABLED
4G-CRA023M-CTO,4G-CRA023M13-CTO,6220,178,366,ENABLED
4G-TNO019M-CTO,4G-TNO019M13-CTO,6211,170,324,ENABLED
4G-BTH037M-CTO,4G-BTH037M13-CTO,6222,268,600,ENABLED
4G-TNO002M-CTO,4G-TNO002M13-CTO,6211,115,288,ENABLED
4G-CRA028M-CTO,4G-CRA028M13-CTO,6220,154,438,ENABLED
4G-CRA017M-CTO,4G-CRA017M13-CTO,6220,388,258,ENABLED
4G-BTH049M-CTO,4G-BTH049M13-CTO,6222,325,114,ENABLED
4G-CRA005M-CTO,4G-CRA005M13-CTO,6220,286,456,ENABLED
4G-BTH021M-CTO,4G-BTH021M13-CTO,6222,211,480,ENABLED
4G-NKI010M-CTO,4G-NKI010M13-CTO,6220,184,564,ENABLED
4G-TNO015M-CTO,4G-TNO015M13-CTO,6211,403,630,ENABLED
4G-NKI160M-CTO,4G-NKI160M13-CTO,6220,14,42,ENABLED
4G-CRA054M-CTO,4G-CRA054M13-CTO,6220,232,60,ENABLED
4G-TNO011M-CTO,4G-TNO011M13-CTO,6211,337,180,ENABLED
4G-OMO008M-CTO,4G-OMO008M13-CTO,6222,301,510,ENABLED
4G-NKI090M-CTO,4G-NKI090M13-CTO,6220,238,132,ENABLED
4G-CRA004M-CTO,4G-CRA004M13-CTO,6220,283,132,ENABLED
4G-BTH015M-CTO,4G-BTH015M13-CTO,6222,213,168,ENABLED
4G-PDI011M-CTO,4G-PDI011M13-CTO,6220,361,132,ENABLED
4G-OMO006M-CTO,4G-OMO006M13-CTO,6222,259,258,ENABLED
4G-TNO021M-CTO,4G-TNO021M13-CTO,6211,64,594,ENABLED
UL_BTH061M_CTO,4G-BTH061M13-CTO,6222,16,330,ENABLED
4G-CRA012M-CTO,4G-CRA012M13-CTO,6220,397,240,ENABLED
4G-NKI027M-CTO,4G-NKI027M13-CTO,6220,337,330,ENABLED
4G-CRA022M-CTO,4G-CRA022M13-CTO,6220,172,222,ENABLED
4G-NKI100M-CTO,4G-NKI100M13-CTO,6222,308,150,ENABLED
4G-BTH013M-CTO,4G-BTH013M13-CTO,6222,241,408,ENABLED
UL_BHO116M_DNI,4G-BHO116M13-DNI,7021,347,258,ENABLED
UL_BHO240M_DNI,4G-BHO240M13-DNI,7068,308,294,ENABLED
UL_BHO028M_DNI,4G-BHO028M13-DNI,7038,35,522,ENABLED
UL_TBO077M_DNI,4G-TBO077M13-DNI,7015,77,636,ENABLED
UL_BHO102M_DNI,4G-BHO102M13-DNI,7068,275,132,ENABLED
4G-LHO032M-VLG,4G-LHO032M13-VLG,8153,44,636,ENABLED
4G-LHO048M-VLG,4G-LHO048M13-VLG,8153,392,96,ENABLED
4G-LHO020M-VLG,4G-LHO020M13-VLG,8153,275,438,ENABLED
4G-MTH028M-VLG,4G-MTH028M13-VLG,8111,116,24,ENABLED
4G-BTA028M-VLG,4G-BTA028M13-VLG,8153,119,288,ENABLED
4G-BMI021M-VLG,4G-BMI021M13-VLG,8153,121,312,ENABLED
4G-LHO036M-VLG,4G-LHO036M13-VLG,8153,180,528,ENABLED
4G-LHO011M-VLG,4G-LHO011M13-VLG,8153,194,654,ENABLED
4G-LHO007M-VLG,4G-LHO007M13-VLG,8153,359,276,ENABLED
4G-TBI028M-VLG,4G-TBI028M13-VLG,8153,430,258,ENABLED
4G-TBI029M-VLG,4G-TBI029M13-VLG,8153,88,654,ENABLED
4G-BMI012M-VLG,4G-BMI012M13-VLG,8153,403,636,ENABLED
4G-MTH021M-VLG,4G-MTH021M13-VLG,8111,416,210,ENABLED
4G-VLO005M-VLG,4G-VLO005M13-VLG,8153,26,348,ENABLED
4G-LHO053M-VLG,4G-LHO053M13-VLG,8153,38,48,ENABLED
4G-LHO035M-VLG,4G-LHO035M13-VLG,8153,101,564,ENABLED
4G-LHO006M-VLG,4G-LHO006M13-VLG,8153,422,618,ENABLED
4G-MTH025M-VLG,4G-MTH025M13-VLG,8111,121,12,ENABLED
4G-TBI038M-VLG,4G-TBI038M13-VLG,8153,227,600,ENABLED
4G-MTH008M-VLG,4G-MTH008M13-VLG,8111,164,6,ENABLED
4G-LHO002M-VLG,4G-LHO002M13-VLG,8153,269,426,ENABLED
4G-LHO050M-VLG,4G-LHO050M13-VLG,8153,140,402,ENABLED
4G-TBI020M-VLG,4G-TBI020M13-VLG,8153,398,210,ENABLED
4G-LHO049M-VLG,4G-LHO049M13-VLG,8153,287,240,ENABLED
4G-TBI045M-VLG,4G-TBI045M13-VLG,8153,47,48,ENABLED
4G-LHO057M-VLG,4G-LHO057M13-VLG,8153,313,162,ENABLED
4G-BTA036M-VLG,4G-BTA036M13-VLG,8153,151,102,ENABLED
4G-LHO019M-VLG,4G-LHO019M13-VLG,8153,329,474,ENABLED
4G-VLO003M-VLG,4G-VLO003M13-VLG,8153,325,114,ENABLED
4G-LHO047M-VLG,4G-LHO047M13-VLG,8153,161,294,ENABLED
4G-LHO060M-VLG,4G-LHO060M13-VLG,8153,398,210,ENABLED
4G-LHO022M-VLG,4G-LHO022M13-VLG,8153,365,390,ENABLED
4G-MTH009M-VLG,4G-MTH009M13-VLG,8153,137,60,ENABLED
4G-MTH026M-VLG,4G-MTH026M13-VLG,8111,401,174,ENABLED
4G-BMI031M-VLG,4G-BMI031M13-VLG,8153,317,468,ENABLED
4G-TBI011M-VLG,4G-TBI011M13-VLG,8153,71,60,ENABLED
4G-LHO058M-VLG,4G-LHO058M13-VLG,8153,157,336,ENABLED
4G-LHO017M-VLG,4G-LHO017M13-VLG,8153,147,492,ENABLED
4G-LHO005M-VLG,4G-LHO005M13-VLG,8153,284,114,ENABLED
4G-TBI003M-VLG,4G-TBI003M13-VLG,8153,8,150,ENABLED
4G-MTH030M-VLG,4G-MTH030M13-VLG,8111,77,132,ENABLED
4G-LHO025M-VLG,4G-LHO025M13-VLG,8153,437,330,ENABLED
4G-MTH027M-VLG,4G-MTH027M13-VLG,8111,413,258,ENABLED
4G-LHO026M-VLG,4G-LHO026M13-VLG,8153,404,186,ENABLED
4G-MTH006M-VLG,4G-MTH006M13-VLG,8111,443,618,ENABLED
4G-BMI030M-VLG,4G-BMI030M13-VLG,8153,64,342,ENABLED
4G-LHO021M-VLG,4G-LHO021M13-VLG,8153,362,330,ENABLED
4G-TBI036M-VLG,4G-TBI036M13-VLG,8153,221,6,ENABLED
4G-LHO023M-VLG,4G-LHO023M13-VLG,8153,119,654,ENABLED
4G-MTH019M-VLG,4G-MTH019M13-VLG,8111,193,102,ENABLED
4G-LHO056M-VLG,4G-LHO056M13-VLG,8153,208,144,ENABLED
4G-VLO040M-VLG,4G-VLO040M13-VLG,8153,320,636,ENABLED
4G-TBI044M-VLG,4G-TBI044M13-VLG,8153,19,510,ENABLED
4G-LHO028M-VLG,4G-LHO028M13-VLG,8153,239,456,ENABLED
4G-CTH005M-TVH,4G-CTH005M13-TVH,8052,60,408,ENABLED
4G-CLO012M-TVH,4G-CLO012M13-TVH,8052,45,282,ENABLED
4G-TVI041M-TVH,4G-TVI041M13-TVH,8006,208,624,ENABLED
4G-CNG019M-TVH,4G-CNG019M13-TVH,8052,67,642,ENABLED
4G-CTH038M-TVH,4G-CTH038M13-TVH,8052,260,372,ENABLED
4G-CTH032M-TVH,4G-CTH032M13-TVH,8052,381,210,ENABLED
4G-CNG028M-TVH,4G-CNG028M13-TVH,8052,106,180,ENABLED
4G-CTH017M-TVH,4G-CTH017M13-TVH,8052,36,444,ENABLED
4G-CTH048M-TVH,4G-CTH048M13-TVH,8052,228,12,ENABLED
4G-CTH026M-TVH,4G-CTH026M13-TVH,8052,116,156,ENABLED
4G-CTH007M-TVH,4G-CTH007M13-TVH,8052,198,126,ENABLED
4G-CTH044M-TVH,4G-CTH044M13-TVH,8052,399,444,ENABLED
4G-CLO034M-TVH,4G-CLO034M13-TVH,8052,374,90,ENABLED
4G-CTH024M-TVH,4G-CTH024M13-TVH,8052,339,480,ENABLED
4G-CTH025M-TVH,4G-CTH025M13-TVH,8052,362,588,ENABLED
4G-CTH015M-TVH,4G-CTH015M13-TVH,8052,57,624,ENABLED
4G-CNG008M-TVH,4G-CNG008M13-TVH,8052,3,114,ENABLED
4G-CTH054M-TVH,4G-CTH054M13-TVH,8052,272,624,ENABLED
UL_CTH058M_TVH,4G-CTH058M13-TVH,8052,225,30,ENABLED
4G-CTH033M-TVH,4G-CTH033M13-TVH,8052,266,480,ENABLED
4G-CNG013M-TVH,4G-CNG013M13-TVH,8052,58,306,ENABLED
4G-CTH045M-TVH,4G-CTH045M13-TVH,8052,90,228,ENABLED
4G-CTH042M-TVH,4G-CTH042M13-TVH,8052,213,30,ENABLED
4G-CNG031M-TVH,4G-CNG031M13-TVH,8052,356,426,ENABLED
4G-CLO022M-TVH,4G-CLO022M13-TVH,8052,204,264,ENABLED
4G-CTH011M-TVH,4G-CTH011M13-TVH,8052,279,282,ENABLED
4G-CTH046M-TVH,4G-CTH046M13-TVH,8052,162,246,ENABLED
4G-CLO033M-TVH,4G-CLO033M13-TVH,8052,327,30,ENABLED
4G-CTH041M-TVH,4G-CTH041M13-TVH,8052,18,600,ENABLED
4G-CTH008M-TVH,4G-CTH008M13-TVH,8052,168,372,ENABLED
4G-CTH037M-TVH,4G-CTH037M13-TVH,8052,174,210,ENABLED
4G-CTH056M-TVH,4G-CTH056M13-TVH,8052,395,120,ENABLED
4G-CTH018M-TVH,4G-CTH018M13-TVH,8052,11,606,ENABLED
UL_TVI040M_TVH,4G-TVI040M13-TVH,8006,333,192,ENABLED
4G-CTH031M-TVH,4G-CTH031M13-TVH,8052,310,42,ENABLED
4G-VTA211M-VTU,4G-VTA211M13-VTU,8220,8,18,ENABLED
UL_VTA192M_VTU,4G-VTA192M13-VTU,8220,296,438,ENABLED
4G-CTH013M-BTE,4G-CTH013M13-BTE,6551,363,402,ENABLED
UL_BTR008M_BTE,4G-BTR008M13-BTE,6551,119,360,ENABLED
4G-CTH001M-BTE,4G-CTH001M13-BTE,6551,281,72,ENABLED
4G-CTH042M-BTE,4G-CTH042M13-BTE,6551,404,210,ENABLED
UL_CTH039M_BTE,4G-CTH039M13-BTE,6551,443,120,ENABLED
4G-MCB008M-BTE,4G-MCB008M13-BTE,6551,65,198,ENABLED
4G-MCB004M-BTE,4G-MCB004M13-BTE,6551,272,648,ENABLED
UL_MCB023M_BTE,4G-MCB023M13-BTE,6551,257,276,ENABLED
UL_CLA025M_BTE,4G-CLA025M13-BTE,6551,377,246,ENABLED
4G-CTH016M-BTE,4G-CTH016M13-BTE,6551,242,144,ENABLED
UL_BTR022M_BTE,4G-BTR022M13-BTE,6551,332,270,ENABLED
UL_BTR028M_BTE,4G-BTR028M13-BTE,6551,425,288,ENABLED
4G-MCB013M-BTE,4G-MCB013M13-BTE,6551,434,354,ENABLED
4G-BTR003M-BTE,4G-BTR003M13-BTE,6551,17,414,ENABLED
UL_BTR069M_BTE,4G-BTR069M13-BTE,6551,188,288,ENABLED
UL_BTR024M_BTE,4G-BTR024M13-BTE,6551,237,144,ENABLED
4G-CTH028M-BTE,4G-CTH028M13-BTE,6551,119,390,ENABLED
UL_MCB028M_BTE,4G-MCB028M13-BTE,6551,155,120,ENABLED
4G-CTH031M-BTE,4G-CTH031M13-BTE,6551,195,522,ENABLED
UL_BTR074M_BTE,4G-BTR074M13-BTE,6551,107,126,ENABLED
UL_CTH043M_BTE,4G-CTH043M13-BTE,6551,83,66,ENABLED
UL_MCB021M_BTE,4G-MCB021M13-BTE,6551,320,90,ENABLED
UL_BTR026M_BTE,4G-BTR026M13-BTE,6551,403,90,ENABLED
UL_CTH021M_BTE,4G-CTH021M13-BTE,6551,161,504,ENABLED
UL_BTR036M_BTE,4G-BTR036M13-BTE,6551,227,180,ENABLED
UL_MCB024M_BTE,4G-MCB024M13-BTE,6551,158,186,ENABLED
UL_MCB006M_BTE,4G-MCB006M13-BTE,6551,44,162,ENABLED
4G-CTH023M-BTE,4G-CTH023M13-BTE,6551,344,216,ENABLED
4G-MCN028M-BTE,4G-MCN028M13-BTE,6551,188,234,ENABLED
UL_BTR079M_BTE,4G-BTR079M13-BTE,6551,122,534,ENABLED
4G-CTH003M-BTE,4G-CTH003M13-BTE,6551,386,0,ENABLED
UL_MCB029M_BTE,4G-MCB029M13-BTE,6551,125,156,ENABLED
4G-CTH061M-BTE,4G-CTH061M13-BTE,6551,25,228,ENABLED
4G-MCB011M-BTE,4G-MCB011M13-BTE,6551,393,30,ENABLED
UL_MCB017M_BTE,4G-MCB017M13-BTE,6551,401,282,ENABLED
UL_MCB030M_BTE,4G-MCB030M13-BTE,6551,89,318,ENABLED
4G-CTH036M-BTE,4G-CTH036M13-BTE,6551,149,342,ENABLED
UL_CTH026M_BTE,4G-CTH026M13-BTE,6551,221,102,ENABLED
4G-BTR075M-BTE,4G-BTR075M13-BTE,6551,194,558,ENABLED
UL_MCB022M_BTE,4G-MCB022M13-BTE,6551,383,414,ENABLED
UL_MCB009M_BTE,4G-MCB009M13-BTE,6551,362,408,ENABLED
UL_CTH025M_BTE,4G-CTH025M13-BTE,6551,149,456,ENABLED
4G-BTR070M-BTE,4G-BTR070M13-BTE,6551,218,378,ENABLED
4G-CTH060M-BTE,4G-CTH060M13-BTE,6551,406,198,ENABLED
UL_CTH050M_BTE,4G-CTH050M13-BTE,6551,308,540,ENABLED
4G-MCB012M-BTE,4G-MCB012M13-BTE,6551,353,216,ENABLED
4G-CTH002M-BTE,4G-CTH002M13-BTE,6551,90,558,ENABLED
4G-MCN030M-BTE,4G-MCN030M13-BTE,6551,233,540,ENABLED
4G-MCB005M-BTE,4G-MCB005M13-BTE,6551,428,582,ENABLED
UL_MCB025M_BTE,4G-MCB025M13-BTE,6551,152,624,ENABLED
4G-BTR015M-BTE,4G-BTR015M13-BTE,6551,371,36,ENABLED
UL_MCB035M_BTE,4G-MCB035M13-BTE,6551,443,132,ENABLED
UL_BTR035M_BTE,4G-BTR035M13-BTE,6551,314,234,ENABLED
UL_BTR073M_BTE,4G-BTR073M13-BTE,6551,446,450,ENABLED
UL_CTH022M_BTE,4G-CTH022M13-BTE,6551,320,462,ENABLED
4G-MCB010M-BTE,4G-MCB010M13-BTE,6551,296,468,ENABLED
4G-GCO013M-TGG,4G-GCO013M13-TGG,7992,82,534,ENABLED
UL_TUY020M_BDG,4G-TUY020M13-BDG,6666,254,294,ENABLED
UL_TDM130M_BDG,4G-TDM130M13-BDG,6660,71,24,ENABLED
UL_BCA043M_BDG,4G-BCA043M13-BDG,6661,236,342,ENABLED
UL_TDM043M_BDG,4G-TDM043M13-BDG,6660,209,174,ENABLED
UL_BCA172M_BDG,4G-BCA172M13-BDG,6661,275,336,ENABLED
UL_BCA183M_BDG,4G-BCA183M13-BDG,6661,272,306,ENABLED
UL_TAN074M_BDG,4G-TAN074M13-BDG,6663,161,258,ENABLED
UL_TAN068M_BDG,4G-TAN068M13-BDG,6663,332,324,ENABLED
UL_BCA002M_BDG,4G-BCA002M13-BDG,6661,338,186,ENABLED
UL_BCA167M_BDG,4G-BCA167M13-BDG,6661,83,366,ENABLED
UL_TUY047M_BDG,4G-TUY047M13-BDG,6660,374,42,ENABLED
UL_TUY145M_BDG,4G-TUY145M13-BDG,6666,101,516,ENABLED
UL_BCA057M_BDG,4G-BCA057M13-BDG,6661,206,288,ENABLED
UL_TUY017M_BDG,4G-TUY017M13-BDG,6666,389,504,ENABLED
UL_TUY093M_BDG,4G-TUY093M13-BDG,6666,176,144,ENABLED
UL_BCA037M_BDG,4G-BCA037M13-BDG,6661,248,12,ENABLED
4G-THO021M-DTP,4G-THO021M13-DTP,7112,32,264,ENABLED
4G-CLA026M-DTP,4G-CLA026M13-DTP,7111,99,558,ENABLED
4G-HNG001M-DTP,4G-HNG001M13-DTP,7112,14,372,ENABLED
4G-LVU005M-DTP,4G-LVU005M13-DTP,7111,242,444,ENABLED
4G-TNO001M-DTP,4G-TNO001M13-DTP,7112,139,486,ENABLED
4G-HCL014M-DTP,4G-HCL014M13-DTP,7111,410,462,ENABLED
4G-THO025M-DTP,4G-THO025M13-DTP,7112,341,480,ENABLED
4G-HNG008M-DTP,4G-HNG008M13-DTP,7112,212,426,ENABLED
4G-TBI023M-DTP,4G-TBI023M13-DTP,7112,378,120,ENABLED
4G-HHN007M-DTP,4G-HHN007M13-DTP,7112,275,84,ENABLED
4G-THO013M-DTP,4G-THO013M13-DTP,7112,167,498,ENABLED
UL_CLA004M_DTP,4G-CLA004M13-DTP,7111,162,300,ENABLED
4G-HCL035M-DTP,4G-HCL035M13-DTP,7111,344,432,ENABLED
4G-TBI024M-DTP,4G-TBI024M13-DTP,7112,272,588,ENABLED
4G-LVO009M-DTP,4G-LVO009M13-DTP,7111,404,642,ENABLED
4G-HNG009M-DTP,4G-HNG009M13-DTP,7112,377,228,ENABLED
4G-CLA011M-DTP,4G-CLA011M13-DTP,7111,423,246,ENABLED
4G-HCL042M-DTP,4G-HCL042M13-DTP,7111,69,66,ENABLED
4G-THO005M-DTP,4G-THO005M13-DTP,7112,155,300,ENABLED
4G-LVO021M-DTP,4G-LVO021M13-DTP,7111,444,312,ENABLED
4G-THO022M-DTP,4G-THO022M13-DTP,7112,104,246,ENABLED
4G-TBI009M-DTP,4G-TBI009M13-DTP,7112,363,84,ENABLED
4G-THO009M-DTP,4G-THO009M13-DTP,7112,15,120,ENABLED
4G-TBI022M-DTP,4G-TBI022M13-DTP,7112,263,624,ENABLED
4G-CLA018M-DTP,4G-CLA018M13-DTP,7111,21,636,ENABLED
4G-THO010M-DTP,4G-THO010M13-DTP,7112,261,282,ENABLED
4G-TBI002M-DTP,4G-TBI002M13-DTP,7112,344,246,ENABLED
4G-CLA031M-DTP,4G-CLA031M13-DTP,7111,156,228,ENABLED
4G-CLA036M-DTP,4G-CLA036M13-DTP,7111,409,588,ENABLED
4G-SDE001M-DTP,4G-SDE001M13-DTP,7111,398,372,ENABLED
4G-THO017M-DTP,4G-THO017M13-DTP,7112,77,546,ENABLED
4G-SDE009M-DTP,4G-SDE009M13-DTP,7111,20,336,ENABLED
4G-LVU024M-DTP,4G-LVU024M13-DTP,7111,328,162,ENABLED
4G-SDE010M-DTP,4G-SDE010M13-DTP,7111,119,120,ENABLED
4G-TBI029M-DTP,4G-TBI029M13-DTP,7112,332,534,ENABLED
4G-LVU012M-DTP,4G-LVU012M13-DTP,7111,76,210,ENABLED
4G-TBI025M-DTP,4G-TBI025M13-DTP,7112,209,174,ENABLED
4G-CLA057M-DTP,4G-CLA057M13-DTP,7111,171,12,ENABLED
4G-THO006M-DTP,4G-THO006M13-DTP,7112,200,372,ENABLED
UL_TNO013M_DTP,4G-TNO013M13-DTP,7112,368,408,ENABLED
4G-HHN010M-DTP,4G-HHN010M13-DTP,7112,194,624,ENABLED
4G-SDE005M-DTP,4G-SDE005M13-DTP,7111,320,498,ENABLED
4G-HCL015M-DTP,4G-HCL015M13-DTP,7111,80,228,ENABLED
4G-LVO019M-DTP,4G-LVO019M13-DTP,7111,323,228,ENABLED
4G-THO023M-DTP,4G-THO023M13-DTP,7112,338,642,ENABLED
4G-TNO003M-DTP,4G-TNO003M13-DTP,7112,98,516,ENABLED
4G-HHN004M-DTP,4G-HHN004M13-DTP,7112,107,552,ENABLED
4G-HCL025M-DTP,4G-HCL025M13-DTP,7111,426,210,ENABLED
4G-CTH008M-DTP,4G-CTH008M13-DTP,7111,376,150,ENABLED
4G-HHN002M-DTP,4G-HHN002M13-DTP,7112,2,48,ENABLED
4G-TBI026M-DTP,4G-TBI026M13-DTP,7112,48,498,ENABLED
4G-LVO002M-DTP,4G-LVO002M13-DTP,7111,192,276,ENABLED
4G-HHN006M-DTP,4G-HHN006M13-DTP,7112,438,246,ENABLED
4G-CLA029M-DTP,4G-CLA029M13-DTP,7111,87,336,ENABLED
4G-THO003M-DTP,4G-THO003M13-DTP,7112,162,192,ENABLED
4G-HNG010M-DTP,4G-HNG010M13-DTP,7112,272,516,ENABLED
UL_CLA022M_DTP,4G-CLA022M13-DTP,7111,146,138,ENABLED
4G-TBI021M-DTP,4G-TBI021M13-DTP,7112,299,150,ENABLED
4G-SDE020M-DTP,4G-SDE020M13-DTP,7111,239,552,ENABLED
4G-SDE002M-DTP,4G-SDE002M13-DTP,7111,35,480,ENABLED
4G-CLA047M-DTP,4G-CLA047M13-DTP,7111,361,546,ENABLED
4G-LVO010M-DTP,4G-LVO010M13-DTP,7111,137,552,ENABLED
4G-THO011M-DTP,4G-THO011M13-DTP,7112,350,318,ENABLED
4G-LVO025M-DTP,4G-LVO025M13-DTP,7111,332,12,ENABLED
4G-HHN014M-DTP,4G-HHN014M13-DTP,7112,209,390,ENABLED
UL_DHO078M_LAN,4G-DHO078M13-LAN,7549,297,228,ENABLED
UL_DHO086M_LAN,4G-DHO086M13-LAN,7549,114,372,ENABLED
UL_BLU070M_LAN,4G-BLU070M13-LAN,7510,80,102,ENABLED
SR_DHO028M_LAN,4G-DHO028M13-LAN,7549,349,552,ENABLED
UL_DHU002M_LAN,4G-DHU002M13-LAN,7549,349,378,ENABLED
SR_BLU009M_LAN,4G-BLU009M13-LAN,7510,165,498,ENABLED
UL_DHO006M_LAN,4G-DHO006M13-LAN,7549,361,354,ENABLED
UL_BLU081M_LAN,4G-BLU081M13-LAN,7549,197,372,ENABLED
UL_BLU011M_LAN,4G-BLU011M13-LAN,7549,346,54,ENABLED
SL-TBO109M-DNI,4G-TBO109M13-DNI,7015,80,450,ENABLED
LN-TBO027M-DNI,4G-TBO027M13-DNI,7015,156,186,ENABLED
LN-NTR026M-DNI,4G-NTR026M13-DNI,7058,17,396,ENABLED
LN-SDE016M-DTP,4G-SDE016M13-DTP,7111,335,246,ENABLED
LN-SDE013M-DTP,4G-SDE013M13-DTP,7111,293,570,ENABLED
LN-CLA050M-DTP,4G-CLA050M13-DTP,7111,318,30,ENABLED
LN-CLA041M-DTP,4G-CLA041M13-DTP,7111,165,48,ENABLED
4G-BTH018M-CTO,4G-BTH202M15-CTO,6222,23,66,ENABLED
4G-BTH018M-CTO,4G-BTH202M14-CTO,6222,21,54,ENABLED
4G-TNO002M-CTO,4G-TNO204M12-CTO,6211,78,248,ENABLED
4G-TNO002M-CTO,4G-TNO204M11-CTO,6211,80,342,ENABLED
4G-OMO010M-CTO,4G-OMO207M12-CTO,6222,4,480,ENABLED
4G-OMO010M-CTO,4G-OMO207M11-CTO,6222,3,468,ENABLED
4G-OMO010M-CTO,4G-OMO206M12-CTO,6222,29,408,ENABLED
4G-OMO010M-CTO,4G-OMO206M11-CTO,6222,28,396,ENABLED
4G-CRA012M-CTO,4G-CRA207M12-CTO,6220,7,60,ENABLED
4G-CRA012M-CTO,4G-CRA207M11-CTO,6220,6,54,ENABLED
UL_VCH045M_STG,4G-VCH045M14-STG,7715,53,138,ENABLED
UL_CLD006M_STG,4G-CLD006M14-STG,7715,319,120,ENABLED
UL_VCH035M_STG,4G-VCH035M14-STG,7715,83,378,ENABLED
4G-LHO058M-VLG,4G-LHO058M14-VLG,8153,146,606,ENABLED
UL_TVI006M_TVH,4G-TVI705M15-TVH,8006,25,126,ENABLED
UL_TVI006M_TVH,4G-TVI705M14-TVH,8006,24,138,ENABLED
4G-MCB004M-BTE,4G-MCB717M12-BTE,6551,370,528,ENABLED
4G-MCB004M-BTE,4G-MCB717M11-BTE,6551,371,564,ENABLED
4G-CTH028M-BTE,4G-CTH712M12-BTE,6551,310,132,ENABLED
4G-CTH028M-BTE,4G-CTH712M11-BTE,6551,309,126,ENABLED
4G-CTH031M-BTE,4G-CTH713M12-BTE,6551,388,474,ENABLED
4G-CTH031M-BTE,4G-CTH713M11-BTE,6551,387,468,ENABLED
4G-BTR020M-BTE,4G-BTR711M12-BTE,6551,196,516,DISABLED
4G-BTR020M-BTE,4G-BTR711M11-BTE,6551,195,510,ENABLED
4G-HCL042M-DTP,4G-HCL713M15-DTP,7111,226,78,ENABLED
4G-HCL042M-DTP,4G-HCL713M14-DTP,7111,225,72,ENABLED
SL-KSA008M-STG,4G-KSA008M14-STG,7715,92,438,ENABLED
LN-KSA038M-STG,4G-KSA038M13-STG,7715,80,630,ENABLED
LN-KSA038M-STG,4G-KSA038M12-STG,7715,79,492,ENABLED
LN-KSA038M-STG,4G-KSA038M11-STG,7715,78,510,ENABLED
4G-Q06033M-HCM,4G-Q06033M13-HCM,6137,147,510,ENABLED
4G-Q06033M-HCM,4G-Q06033M12-HCM,6137,148,504,ENABLED
4G-Q06033M-HCM,4G-Q06033M11-HCM,6137,149,516,ENABLED
UL_VTH029M_CTO,4G-VTH029M13-CTO,6211,19,378,ENABLED
UL_VTH029M_CTO,4G-VTH029M11-CTO,6211,20,390,ENABLED
UL_VTH029M_CTO,4G-VTH029M12-CTO,6211,18,384,ENABLED
4G-CDO058M-CTO,4G-CDO058M13-CTO,6211,46,246,ENABLED
4G-CDO058M-CTO,4G-CDO058M11-CTO,6211,47,234,ENABLED
4G-CDO058M-CTO,4G-CDO058M12-CTO,6211,45,240,ENABLED
UL_VCH016M_STG,4G-VCH016M11-STG,7715,342,66,ENABLED
UL_VCH016M_STG,4G-VCH016M12-STG,7715,343,24,ENABLED
UL_VCH016M_STG,4G-VCH016M13-STG,7715,344,312,ENABLED
UL_KSA019M_STG,4G-KSA019M13-STG,7715,197,384,ENABLED
UL_KSA019M_STG,4G-KSA019M11-STG,7715,195,420,ENABLED
UL_KSA019M_STG,4G-KSA019M12-STG,7715,196,342,ENABLED
4G-XLO040M-DNI,4G-XLO040M12-DNI,7033,148,90,ENABLED
4G-XLO040M-DNI,4G-XLO040M13-DNI,7033,149,132,ENABLED
4G-XLO040M-DNI,4G-XLO040M11-DNI,7033,147,72,ENABLED
4G-VCU049M-DNI,4G-VCU049M13-DNI,7078,389,234,ENABLED
4G-VCU049M-DNI,4G-VCU049M12-DNI,7078,388,534,ENABLED
4G-VCU049M-DNI,4G-VCU049M11-DNI,7078,387,228,DISABLED
4G-XLO014M-DNI,4G-XLO014M12-DNI,7033,274,216,ENABLED
4G-XLO014M-DNI,4G-XLO014M13-DNI,7033,275,498,ENABLED
4G-XLO014M-DNI,4G-XLO014M11-DNI,7033,273,288,ENABLED
4G-LTH155M-DNI,4G-LTH155M11-DNI,7048,447,48,ENABLED
4G-LTH155M-DNI,4G-LTH155M12-DNI,7048,448,72,ENABLED
4G-LTH155M-DNI,4G-LTH155M13-DNI,7048,449,84,ENABLED
4G-CMY012M-DNI,4G-CMY012M11-DNI,7033,159,180,ENABLED
4G-CMY012M-DNI,4G-CMY012M12-DNI,7033,160,552,ENABLED
4G-CMY012M-DNI,4G-CMY012M13-DNI,7033,161,630,ENABLED
4G-VCU038M-DNI,4G-VCU038M11-DNI,7078,120,300,ENABLED
4G-VCU038M-DNI,4G-VCU038M12-DNI,7078,121,12,ENABLED
4G-VCU038M-DNI,4G-VCU038M13-DNI,7078,122,462,ENABLED
4G-VCU006M-DNI,4G-VCU006M13-DNI,7078,302,582,ENABLED
4G-VCU006M-DNI,4G-VCU006M12-DNI,7078,301,168,ENABLED
4G-VCU006M-DNI,4G-VCU006M11-DNI,7078,300,96,ENABLED
4G-TBO014M-DNI,4G-TBO014M13-DNI,7014,188,642,ENABLED
4G-TBO014M-DNI,4G-TBO014M12-DNI,7014,187,114,ENABLED
4G-TBO014M-DNI,4G-TBO014M11-DNI,7014,186,294,ENABLED
4G-XLO005M-DNI,4G-XLO005M13-DNI,7033,362,438,ENABLED
4G-XLO005M-DNI,4G-XLO005M12-DNI,7033,361,246,ENABLED
4G-XLO005M-DNI,4G-XLO005M11-DNI,7033,360,186,ENABLED
4G-LTH068M-DNI,4G-LTH068M12-DNI,7014,82,48,ENABLED
4G-LTH068M-DNI,4G-LTH068M11-DNI,7014,81,30,ENABLED
4G-LTH068M-DNI,4G-LTH068M13-DNI,7014,83,42,ENABLED
4G-DQU026M-DNI,4G-DQU026M12-DNI,7098,127,240,ENABLED
4G-DQU026M-DNI,4G-DQU026M13-DNI,7098,128,270,ENABLED
4G-DQU026M-DNI,4G-DQU026M11-DNI,7098,126,282,ENABLED
4G-DQU056M-DNI,4G-DQU056M11-DNI,7098,108,552,ENABLED
4G-DQU056M-DNI,4G-DQU056M12-DNI,7098,109,642,ENABLED
4G-DQU056M-DNI,4G-DQU056M13-DNI,7098,110,96,ENABLED
4G-DQU060M-DNI,4G-DQU060M12-DNI,7098,280,462,ENABLED
4G-DQU060M-DNI,4G-DQU060M13-DNI,7098,281,534,ENABLED
4G-DQU060M-DNI,4G-DQU060M11-DNI,7098,279,240,ENABLED
4G-XLO019M-DNI,4G-XLO019M11-DNI,7033,303,378,ENABLED
4G-XLO019M-DNI,4G-XLO019M13-DNI,7033,305,24,ENABLED
4G-XLO019M-DNI,4G-XLO019M12-DNI,7033,304,372,ENABLED
4G-XLO003M-DNI,4G-XLO003M13-DNI,7033,137,414,ENABLED
4G-XLO003M-DNI,4G-XLO003M11-DNI,7033,135,408,ENABLED
4G-XLO003M-DNI,4G-XLO003M12-DNI,7033,136,228,ENABLED
4G-TBO024M-DNI,4G-TBO024M13-DNI,7078,8,90,ENABLED
4G-TBO024M-DNI,4G-TBO024M11-DNI,7078,6,444,ENABLED
4G-TBO024M-DNI,4G-TBO024M12-DNI,7078,7,216,ENABLED
4G-VCU044M-DNI,4G-VCU044M12-DNI,7068,145,390,ENABLED
4G-VCU044M-DNI,4G-VCU044M13-DNI,7068,146,384,ENABLED
4G-VCU044M-DNI,4G-VCU044M11-DNI,7068,144,102,ENABLED
4G-CMY073M-DNI,4G-CMY073M13-DNI,7014,26,66,ENABLED
4G-CMY073M-DNI,4G-CMY073M12-DNI,7014,25,48,ENABLED
4G-CMY073M-DNI,4G-CMY073M11-DNI,7014,24,30,ENABLED
4G-XLO059M-DNI,4G-XLO059M13-DNI,7033,302,546,ENABLED
4G-XLO059M-DNI,4G-XLO059M12-DNI,7033,301,186,ENABLED
4G-XLO059M-DNI,4G-XLO059M11-DNI,7033,300,384,ENABLED
4G-VCU008M-DNI,4G-VCU008M12-DNI,7068,277,72,ENABLED
4G-VCU008M-DNI,4G-VCU008M13-DNI,7068,278,222,ENABLED
4G-VCU008M-DNI,4G-VCU008M11-DNI,7068,276,282,ENABLED
4G-DQU017M-DNI,4G-DQU017M13-DNI,7098,20,588,ENABLED
4G-DQU017M-DNI,4G-DQU017M11-DNI,7098,18,306,ENABLED
4G-DQU017M-DNI,4G-DQU017M12-DNI,7098,19,372,ENABLED
4G-LHO015M-VLG,4G-LHO015M13-VLG,8153,335,114,ENABLED
4G-LHO015M-VLG,4G-LHO015M11-VLG,8153,334,120,ENABLED
4G-LHO015M-VLG,4G-LHO015M12-VLG,8153,333,108,ENABLED
4G-BMI004M-VLG,4G-BMI004M13-VLG,8153,343,168,ENABLED
4G-BMI004M-VLG,4G-BMI004M11-VLG,8153,342,162,ENABLED
4G-BMI004M-VLG,4G-BMI004M12-VLG,8153,344,174,ENABLED
4G-VLI042M-VLG,4G-VLI042M11-VLG,8111,138,198,ENABLED
4G-VLI042M-VLG,4G-VLI042M13-VLG,8111,140,210,ENABLED
4G-VLI042M-VLG,4G-VLI042M12-VLG,8111,139,204,ENABLED
4G-TON030M-VLG,4G-TON030M11-VLG,8111,246,504,ENABLED
4G-TON030M-VLG,4G-TON030M13-VLG,8111,248,516,ENABLED
4G-TON030M-VLG,4G-TON030M12-VLG,8111,247,510,ENABLED
4G-TON008M-VLG,4G-TON703M12-VLG,8111,305,156,ENABLED
4G-TON008M-VLG,4G-TON703M11-VLG,8111,304,144,ENABLED
4G-TON008M-VLG,4G-TON008M11-VLG,8111,102,612,ENABLED
4G-TON008M-VLG,4G-TON008M13-VLG,8111,104,624,ENABLED
4G-TON008M-VLG,4G-TON008M12-VLG,8111,103,618,ENABLED
4G-LHO039M-VLG,4G-LHO039M12-VLG,8153,126,468,ENABLED
4G-LHO039M-VLG,4G-LHO039M13-VLG,8153,128,474,ENABLED
4G-LHO039M-VLG,4G-LHO039M11-VLG,8153,127,480,ENABLED
4G-MTH036M-VLG,4G-MTH036M13-VLG,8111,209,66,ENABLED
4G-MTH036M-VLG,4G-MTH036M12-VLG,8111,208,60,ENABLED
4G-MTH036M-VLG,4G-MTH036M11-VLG,8111,207,54,ENABLED
4G-TON045M-VLG,4G-TON045M11-VLG,8153,399,288,ENABLED
4G-TON045M-VLG,4G-TON045M13-VLG,8153,401,300,ENABLED
4G-TON045M-VLG,4G-TON045M12-VLG,8153,400,294,ENABLED
4G-TBI005M-VLG,4G-TBI005M13-VLG,8153,317,462,ENABLED
4G-TBI005M-VLG,4G-TBI005M12-VLG,8153,316,456,ENABLED
4G-TBI005M-VLG,4G-TBI005M11-VLG,8153,315,450,ENABLED
4G-TON012M-VLG,4G-TON012M11-VLG,8111,113,84,ENABLED
4G-TON012M-VLG,4G-TON012M12-VLG,8111,111,72,ENABLED
4G-TON012M-VLG,4G-TON012M13-VLG,8111,112,78,ENABLED
4G-TON024M-VLG,4G-TON024M11-VLG,8111,153,180,ENABLED
4G-TON024M-VLG,4G-TON024M12-VLG,8111,154,186,ENABLED
4G-TON024M-VLG,4G-TON024M13-VLG,8111,155,192,ENABLED
4G-VLO051M-VLG,4G-VLO051M12-VLG,8153,302,312,ENABLED
4G-VLO051M-VLG,4G-VLO051M11-VLG,8153,301,306,ENABLED
4G-VLO051M-VLG,4G-VLO051M13-VLG,8153,300,318,ENABLED
4G-TON019M-VLG,4G-TON019M13-VLG,8111,433,492,ENABLED
4G-TON019M-VLG,4G-TON019M11-VLG,8111,434,498,ENABLED
4G-TON019M-VLG,4G-TON019M12-VLG,8111,432,486,ENABLED
4G-VLI040M-VLG,4G-VLI040M12-VLG,8111,387,612,ENABLED
4G-VLI040M-VLG,4G-VLI040M11-VLG,8111,389,624,ENABLED
4G-VLI040M-VLG,4G-VLI040M13-VLG,8111,388,618,ENABLED
4G-TON032M-VLG,4G-TON032M11-VLG,8111,156,246,ENABLED
4G-TON032M-VLG,4G-TON032M12-VLG,8111,158,234,ENABLED
4G-TON032M-VLG,4G-TON032M13-VLG,8111,157,240,ENABLED
4G-LHO001M-VLG,4G-LHO001M12-VLG,8153,261,252,ENABLED
4G-LHO001M-VLG,4G-LHO001M13-VLG,8153,263,258,ENABLED
4G-LHO001M-VLG,4G-LHO001M11-VLG,8153,262,264,ENABLED
4G-TBI031M-VLG,4G-TBI031M13-VLG,8153,257,138,ENABLED
4G-TBI031M-VLG,4G-TBI031M12-VLG,8153,256,132,ENABLED
4G-TBI031M-VLG,4G-TBI031M11-VLG,8153,255,126,ENABLED
4G-TBI032M-VLG,4G-TBI032M11-VLG,8153,78,630,ENABLED
4G-TBI032M-VLG,4G-TBI032M12-VLG,8153,79,636,ENABLED
4G-TBI032M-VLG,4G-TBI032M13-VLG,8153,80,642,ENABLED
4G-VLI010M-VLG,4G-VLI010M12-VLG,8111,344,42,ENABLED
4G-VLI010M-VLG,4G-VLI010M13-VLG,8111,342,48,ENABLED
4G-VLI010M-VLG,4G-VLI010M11-VLG,8111,343,36,ENABLED
4G-LHO016M-VLG,4G-LHO016M11-VLG,8153,49,12,ENABLED
4G-LHO016M-VLG,4G-LHO016M12-VLG,8153,48,0,ENABLED
4G-LHO016M-VLG,4G-LHO016M13-VLG,8153,50,6,ENABLED
4G-TON023M-VLG,4G-TON023M12-VLG,8111,97,582,ENABLED
4G-TON023M-VLG,4G-TON023M11-VLG,8111,96,576,ENABLED
4G-TON023M-VLG,4G-TON023M13-VLG,8111,98,588,ENABLED
4G-TON038M-VLG,4G-TON038M12-VLG,8111,347,24,ENABLED
4G-TON038M-VLG,4G-TON038M11-VLG,8111,345,0,ENABLED
4G-TON038M-VLG,4G-TON038M13-VLG,8111,346,6,ENABLED
4G-TON041M-VLG,4G-TON041M13-VLG,8111,269,390,ENABLED
4G-TON041M-VLG,4G-TON041M11-VLG,8111,267,378,ENABLED
4G-TON041M-VLG,4G-TON041M12-VLG,8111,268,384,ENABLED
4G-TBI034M-VLG,4G-TBI034M11-VLG,8153,395,480,ENABLED
4G-TBI034M-VLG,4G-TBI034M13-VLG,8153,394,474,ENABLED
4G-TBI034M-VLG,4G-TBI034M12-VLG,8153,393,468,ENABLED
4G-TON013M-VLG,4G-TON013M11-VLG,8111,320,282,ENABLED
4G-TON013M-VLG,4G-TON013M13-VLG,8111,319,276,ENABLED
4G-TON013M-VLG,4G-TON013M12-VLG,8111,318,270,ENABLED
4G-TCA009M-TVH,4G-TCA009M11-TVH,8054,92,270,ENABLED
4G-TCA009M-TVH,4G-TCA009M13-TVH,8054,91,282,ENABLED
4G-TCA009M-TVH,4G-TCA009M12-TVH,8054,90,276,ENABLED
4G-CKE010M-TVH,4G-CKE010M13-TVH,8054,365,390,ENABLED
4G-CKE010M-TVH,4G-CKE010M11-TVH,8054,363,378,ENABLED
4G-CKE010M-TVH,4G-CKE010M12-TVH,8054,364,384,ENABLED
4G-TCA018M-TVH,4G-TCA018M11-TVH,8054,110,72,ENABLED
4G-TCA018M-TVH,4G-TCA018M12-TVH,8054,109,84,ENABLED
4G-TCA018M-TVH,4G-TCA018M13-TVH,8054,108,78,ENABLED
4G-CNG015M-TVH,4G-CNG015M13-TVH,8052,374,486,ENABLED
4G-CNG015M-TVH,4G-CNG015M11-TVH,8052,372,498,ENABLED
4G-CNG015M-TVH,4G-CNG015M12-TVH,8052,373,492,ENABLED
4G-HDH010M-TVH,4G-HDH010M13-TVH,8052,429,372,ENABLED
4G-HDH010M-TVH,4G-HDH010M11-TVH,8052,431,360,ENABLED
4G-HDH010M-TVH,4G-HDH010M12-TVH,8052,430,366,ENABLED
4G-HDH006M-TVH,4G-HDH006M12-TVH,8052,230,6,ENABLED
4G-HDH006M-TVH,4G-HDH006M11-TVH,8052,229,0,ENABLED
4G-HDH006M-TVH,4G-HDH006M13-TVH,8052,228,12,ENABLED
4G-HDH018M-TVH,4G-HDH018M11-TVH,8052,358,504,ENABLED
4G-HDH018M-TVH,4G-HDH018M13-TVH,8052,359,516,ENABLED
4G-HDH018M-TVH,4G-HDH018M12-TVH,8052,357,510,ENABLED
4G-DHA001M-TVH,4G-DHA001M13-TVH,8052,9,390,ENABLED
4G-DHA001M-TVH,4G-DHA001M11-TVH,8052,11,378,ENABLED
4G-DHA001M-TVH,4G-DHA001M12-TVH,8052,10,384,ENABLED
4G-TCA023M-TVH,4G-TCA023M13-TVH,8054,414,528,ENABLED
4G-TCA023M-TVH,4G-TCA023M11-TVH,8054,416,522,ENABLED
4G-TCA023M-TVH,4G-TCA023M12-TVH,8054,415,534,ENABLED
4G-HDH011M-TVH,4G-HDH011M11-TVH,8052,405,0,ENABLED
4G-HDH011M-TVH,4G-HDH011M13-TVH,8052,407,12,ENABLED
4G-HDH011M-TVH,4G-HDH011M12-TVH,8052,406,6,ENABLED
4G-TCA035M-TVH,4G-TCA035M11-TVH,8054,63,396,ENABLED
4G-TCA035M-TVH,4G-TCA035M12-TVH,8054,64,402,ENABLED
4G-TCA035M-TVH,4G-TCA035M13-TVH,8054,65,408,ENABLED
4G-CLO019M-TVH,4G-CLO019M13-TVH,8052,78,192,ENABLED
4G-CLO019M-TVH,4G-CLO019M12-TVH,8052,80,186,ENABLED
4G-CLO019M-TVH,4G-CLO019M11-TVH,8052,79,180,ENABLED
4G-CKE032M-TVH,4G-CKE032M11-TVH,8054,75,126,ENABLED
4G-CKE032M-TVH,4G-CKE032M12-TVH,8054,76,132,ENABLED
4G-CKE032M-TVH,4G-CKE032M13-TVH,8054,77,138,ENABLED
4G-CNG001M-TVH,4G-CNG001M13-TVH,8052,218,300,ENABLED
4G-CNG001M-TVH,4G-CNG001M12-TVH,8052,217,294,ENABLED
4G-CNG001M-TVH,4G-CNG001M11-TVH,8052,216,288,ENABLED
4G-TCA004M-TVH,4G-TCA004M12-TVH,8054,376,30,ENABLED
4G-TCA004M-TVH,4G-TCA004M11-TVH,8054,377,18,ENABLED
4G-TCA004M-TVH,4G-TCA004M13-TVH,8054,375,24,ENABLED
4G-HDH012M-TVH,4G-HDH012M13-TVH,8052,134,156,ENABLED
4G-HDH012M-TVH,4G-HDH012M12-TVH,8052,133,150,ENABLED
4G-HDH012M-TVH,4G-HDH012M11-TVH,8052,132,144,ENABLED
4G-CNG018M-TVH,4G-CNG018M12-TVH,8052,185,198,ENABLED
4G-CNG018M-TVH,4G-CNG018M13-TVH,8052,184,204,ENABLED
4G-CNG018M-TVH,4G-CNG018M11-TVH,8052,183,210,ENABLED
4G-CLO042M-TVH,4G-CLO042M11-TVH,8052,120,198,ENABLED
4G-CLO042M-TVH,4G-CLO042M12-TVH,8052,121,204,ENABLED
4G-CLO042M-TVH,4G-CLO042M13-TVH,8052,122,210,ENABLED
4G-DHA003M-TVH,4G-DHA003M12-TVH,8052,139,270,ENABLED
4G-DHA003M-TVH,4G-DHA003M13-TVH,8052,138,282,ENABLED
4G-DHA003M-TVH,4G-DHA003M11-TVH,8052,140,276,ENABLED
4G-TCA005M-TVH,4G-TCA005M12-TVH,8054,325,150,ENABLED
4G-TCA005M-TVH,4G-TCA005M13-TVH,8054,326,156,ENABLED
4G-TCA005M-TVH,4G-TCA005M11-TVH,8054,324,144,ENABLED
4G-DDO003M-VTU,4G-DDO003M13-VTU,8224,317,444,ENABLED
4G-DDO003M-VTU,4G-DDO003M12-VTU,8224,316,114,ENABLED
4G-DDO003M-VTU,4G-DDO003M11-VTU,8224,315,534,ENABLED
4G-XMO020M-VTU,4G-XMO020M13-VTU,8224,443,216,ENABLED
4G-XMO020M-VTU,4G-XMO020M12-VTU,8224,442,150,ENABLED
4G-XMO020M-VTU,4G-XMO020M11-VTU,8224,441,510,ENABLED
4G-CDU119M-VTU,4G-CDU119M12-VTU,8222,85,414,ENABLED
4G-CDU119M-VTU,4G-CDU119M11-VTU,8222,84,540,ENABLED
4G-CDU119M-VTU,4G-CDU119M13-VTU,8222,86,114,ENABLED
4G-BRI085M-VTU,4G-BRI085M13-VTU,8222,407,540,ENABLED
4G-BRI085M-VTU,4G-BRI085M12-VTU,8222,406,600,ENABLED
4G-BRI085M-VTU,4G-BRI085M11-VTU,8222,405,78,ENABLED
4G-BRI086M-VTU,4G-BRI086M13-VTU,8222,152,576,ENABLED
4G-BRI086M-VTU,4G-BRI086M12-VTU,8222,151,378,ENABLED
4G-BRI086M-VTU,4G-BRI086M11-VTU,8222,150,138,ENABLED
4G-XMO013M-VTU,4G-XMO013M11-VTU,8224,351,60,ENABLED
4G-XMO013M-VTU,4G-XMO013M13-VTU,8224,353,534,ENABLED
4G-XMO013M-VTU,4G-XMO013M12-VTU,8224,352,474,ENABLED
4G-DDO022M-VTU,4G-DDO022M11-VTU,8220,174,120,ENABLED
4G-DDO022M-VTU,4G-DDO022M13-VTU,8220,176,396,ENABLED
4G-DDO022M-VTU,4G-DDO022M12-VTU,8220,175,12,ENABLED
4G-DDO059M-VTU,4G-DDO059M12-VTU,8224,133,174,ENABLED
4G-DDO059M-VTU,4G-DDO059M11-VTU,8224,132,504,ENABLED
4G-DDO059M-VTU,4G-DDO059M13-VTU,8224,134,216,ENABLED
4G-VTA268M-VTU,4G-VTA268M12-VTU,8220,337,546,ENABLED
4G-VTA268M-VTU,4G-VTA268M13-VTU,8220,338,54,ENABLED
4G-VTA268M-VTU,4G-VTA268M11-VTU,8220,336,246,ENABLED
4G-VTA264M-VTU,4G-VTA264M12-VTU,8220,133,498,ENABLED
4G-VTA264M-VTU,4G-VTA264M11-VTU,8220,132,606,ENABLED
4G-VTA264M-VTU,4G-VTA264M13-VTU,8220,134,96,ENABLED
4G-XMO052M-VTU,4G-XMO052M11-VTU,8224,48,474,ENABLED
4G-XMO052M-VTU,4G-XMO052M12-VTU,8224,49,372,ENABLED
4G-XMO052M-VTU,4G-XMO052M13-VTU,8224,50,534,ENABLED
4G-DDO007M-VTU,4G-DDO007M13-VTU,8220,158,270,ENABLED
4G-DDO007M-VTU,4G-DDO007M11-VTU,8220,156,6,ENABLED
4G-DDO007M-VTU,4G-DDO007M12-VTU,8220,157,576,ENABLED
4G-XMO041M-VTU,4G-XMO041M12-VTU,8224,253,216,ENABLED
4G-XMO041M-VTU,4G-XMO041M13-VTU,8224,254,96,ENABLED
4G-XMO041M-VTU,4G-XMO041M11-VTU,8224,252,282,ENABLED
4G-CDU033M-VTU,4G-CDU033M12-VTU,8222,196,432,ENABLED
4G-CDU033M-VTU,4G-CDU033M11-VTU,8222,195,288,ENABLED
4G-CDU033M-VTU,4G-CDU033M13-VTU,8222,197,18,ENABLED
4G-DDO058M-VTU,4G-DDO058M12-VTU,8224,250,96,ENABLED
4G-DDO058M-VTU,4G-DDO058M11-VTU,8224,249,552,ENABLED
4G-DDO058M-VTU,4G-DDO058M13-VTU,8224,251,312,ENABLED
4G-BRI084M-VTU,4G-BRI084M13-VTU,8222,68,522,ENABLED
4G-BRI084M-VTU,4G-BRI084M11-VTU,8222,66,24,ENABLED
4G-BRI084M-VTU,4G-BRI084M12-VTU,8222,67,642,ENABLED
4G-DDO021M-VTU,4G-DDO021M11-VTU,8224,372,420,ENABLED
4G-DDO021M-VTU,4G-DDO021M13-VTU,8224,374,462,ENABLED
4G-DDO021M-VTU,4G-DDO021M12-VTU,8224,373,468,ENABLED
4G-CPH015M-AGG,4G-CPH015M12-AGG,6336,154,198,ENABLED
4G-CPH015M-AGG,4G-CPH015M11-AGG,6336,153,210,ENABLED
4G-CPH015M-AGG,4G-CPH015M13-AGG,6336,155,204,ENABLED
4G-TCH030M-AGG,4G-TCH030M11-AGG,6336,402,0,ENABLED
4G-TCH030M-AGG,4G-TCH030M13-AGG,6336,404,12,ENABLED
4G-TCH030M-AGG,4G-TCH030M12-AGG,6336,403,6,ENABLED
UL_APH034M_AGG,4G-APH034M13-AGG,6336,3,54,ENABLED
UL_APH034M_AGG,4G-APH034M12-AGG,6336,5,60,ENABLED
UL_APH034M_AGG,4G-APH034M11-AGG,6336,4,66,ENABLED
4G-TBI032M-AGG,4G-TBI032M11-AGG,6335,217,618,ENABLED
4G-TBI032M-AGG,4G-TBI032M12-AGG,6335,216,612,ENABLED
4G-TBI032M-AGG,4G-TBI032M13-AGG,6335,218,624,ENABLED
4G-CPH051M-AGG,4G-CPH051M12-AGG,6336,382,348,ENABLED
4G-CPH051M-AGG,4G-CPH051M13-AGG,6336,383,354,ENABLED
4G-CPH051M-AGG,4G-CPH051M11-AGG,6336,381,342,ENABLED
4G-TTO027M-AGG,4G-TTO027M11-AGG,6335,312,312,ENABLED
4G-TTO027M-AGG,4G-TTO027M12-AGG,6335,313,318,ENABLED
4G-TTO027M-AGG,4G-TTO027M13-AGG,6335,314,306,ENABLED
4G-CDO039M-AGG,4G-CDO039M12-AGG,6336,332,492,ENABLED
4G-CDO039M-AGG,4G-CDO039M13-AGG,6336,330,486,ENABLED
4G-CDO039M-AGG,4G-CDO039M11-AGG,6336,331,498,ENABLED
4G-LXU083M-AGG,4G-LXU083M13-AGG,6309,89,336,ENABLED
4G-LXU083M-AGG,4G-LXU083M11-AGG,6309,87,324,ENABLED
4G-LXU083M-AGG,4G-LXU083M12-AGG,6309,88,330,ENABLED
4G-CMO061M-AGG,4G-CMO061M12-AGG,6307,355,54,ENABLED
4G-CMO061M-AGG,4G-CMO061M11-AGG,6307,354,66,ENABLED
4G-CMO061M-AGG,4G-CMO061M13-AGG,6307,356,60,ENABLED
UL_PTA046M_AGG,4G-PTA046M11-AGG,6336,36,180,ENABLED
UL_PTA046M_AGG,4G-PTA046M12-AGG,6336,37,186,ENABLED
UL_PTA046M_AGG,4G-PTA046M13-AGG,6336,38,192,ENABLED
4G-PTA015M-AGG,4G-PTA015M13-AGG,6336,188,66,ENABLED
4G-PTA015M-AGG,4G-PTA015M11-AGG,6336,186,54,ENABLED
4G-PTA015M-AGG,4G-PTA015M12-AGG,6336,187,60,ENABLED
4G-CPH047M-AGG,4G-CPH047M12-AGG,6336,209,564,ENABLED
4G-CPH047M-AGG,4G-CPH047M13-AGG,6336,207,570,ENABLED
4G-CPH047M-AGG,4G-CPH047M11-AGG,6336,208,558,ENABLED
4G-CMO056M-AGG,4G-CMO012M14-AGG,6309,300,450,ENABLED
4G-CMO056M-AGG,4G-CMO056M12-AGG,6309,301,456,ENABLED
4G-CMO056M-AGG,4G-CMO056M13-AGG,6309,302,462,ENABLED
4G-TCH029M-AGG,4G-TCH029M11-AGG,6336,360,396,ENABLED
4G-TCH029M-AGG,4G-TCH029M13-AGG,6336,362,408,ENABLED
4G-TCH029M-AGG,4G-TCH029M12-AGG,6336,361,402,ENABLED
4G-TTO018M-AGG,4G-TTO018M11-AGG,6335,330,546,ENABLED
4G-TTO018M-AGG,4G-TTO018M12-AGG,6335,332,540,ENABLED
4G-TTO018M-AGG,4G-TTO018M13-AGG,6335,331,552,ENABLED
4G-BTI009M-BTE,4G-BTI009M11-BTE,6556,99,42,ENABLED
4G-BTI009M-BTE,4G-BTI009M12-BTE,6556,101,36,ENABLED
4G-BTI009M-BTE,4G-BTI009M13-BTE,6556,100,48,ENABLED
4G-CTH030M-BTE,4G-CTH030M13-BTE,6551,408,576,ENABLED
4G-CTH030M-BTE,4G-CTH030M11-BTE,6551,409,588,ENABLED
4G-CTH030M-BTE,4G-CTH030M12-BTE,6551,410,582,ENABLED
4G-BTR064M-BTE,4G-BTR064M13-BTE,6551,431,180,ENABLED
4G-BTR064M-BTE,4G-BTR064M12-BTE,6551,430,192,ENABLED
4G-BTR064M-BTE,4G-BTR064M11-BTE,6551,429,186,ENABLED
4G-GTR019M-BTE,4G-GTR019M12-BTE,6551,214,192,ENABLED
4G-GTR019M-BTE,4G-GTR019M11-BTE,6551,213,186,ENABLED
4G-GTR019M-BTE,4G-GTR019M13-BTE,6551,215,180,ENABLED
4G-BTI038M-BTE,4G-BTI038M11-BTE,6556,369,504,ENABLED
4G-BTI038M-BTE,4G-BTI038M12-BTE,6556,370,510,ENABLED
4G-BTI038M-BTE,4G-BTI038M13-BTE,6556,371,516,ENABLED
4G-BTI047M-BTE,4G-BTI047M11-BTE,6556,299,324,ENABLED
4G-BTI047M-BTE,4G-BTI047M12-BTE,6556,297,330,ENABLED
4G-BTI047M-BTE,4G-BTI047M13-BTE,6556,298,336,ENABLED
4G-BDA047M-BTE,4G-BDA047M12-BTE,6556,256,276,ENABLED
4G-BDA047M-BTE,4G-BDA047M13-BTE,6556,257,282,ENABLED
4G-BDA047M-BTE,4G-BDA047M11-BTE,6556,255,270,ENABLED
UL_CLA030M_BTE,4G-CLA030M12-BTE,6551,124,78,ENABLED
UL_CLA030M_BTE,4G-CLA030M11-BTE,6551,123,72,ENABLED
UL_CLA030M_BTE,4G-CLA030M13-BTE,6551,125,84,ENABLED
4G-MCN006M-BTE,4G-MCN006M11-BTE,6551,189,30,ENABLED
4G-MCN006M-BTE,4G-MCN006M13-BTE,6551,191,24,ENABLED
4G-MCN006M-BTE,4G-MCN006M12-BTE,6551,190,18,ENABLED
UL_CTH035M_BTE,4G-CTH035M12-BTE,6551,84,420,ENABLED
UL_CTH035M_BTE,4G-CTH035M13-BTE,6551,86,414,ENABLED
UL_CTH035M_BTE,4G-CTH035M11-BTE,6551,85,426,ENABLED
4G-TPH005M-BTE,4G-TPH005M12-BTE,6556,202,204,ENABLED
4G-TPH005M-BTE,4G-TPH005M11-BTE,6556,201,198,ENABLED
4G-TPH005M-BTE,4G-TPH005M13-BTE,6556,203,210,ENABLED
4G-TPH014M-BTE,4G-TPH014M13-BTE,6556,171,234,ENABLED
4G-TPH014M-BTE,4G-TPH014M12-BTE,6556,172,246,ENABLED
4G-TPH014M-BTE,4G-TPH014M11-BTE,6556,173,240,ENABLED
4G-BTI046M-BTE,4G-BTI046M13-BTE,6556,229,354,ENABLED
4G-BTI046M-BTE,4G-BTI046M12-BTE,6556,230,348,ENABLED
4G-BTI046M-BTE,4G-BTI046M11-BTE,6556,228,342,ENABLED
4G-GTR030M-BTE,4G-GTR030M12-BTE,6551,286,222,ENABLED
4G-GTR030M-BTE,4G-GTR030M11-BTE,6551,285,216,ENABLED
4G-GTR030M-BTE,4G-GTR030M13-BTE,6551,287,228,ENABLED
4G-BTI003M-BTE,4G-BTI003M12-BTE,6556,187,96,ENABLED
4G-BTI003M-BTE,4G-BTI003M13-BTE,6556,188,102,ENABLED
4G-BTI003M-BTE,4G-BTI003M11-BTE,6556,186,90,ENABLED
4G-TPH041M-BTE,4G-TPH041M12-BTE,6556,370,240,ENABLED
4G-TPH041M-BTE,4G-TPH041M11-BTE,6556,369,234,ENABLED
4G-TPH041M-BTE,4G-TPH041M13-BTE,6556,371,246,ENABLED
4G-BTR016M-BTE,4G-BTR016M11-BTE,6551,183,330,ENABLED
4G-BTR016M-BTE,4G-BTR016M13-BTE,6551,185,324,ENABLED
4G-BTR016M-BTE,4G-BTR016M12-BTE,6551,184,336,ENABLED
4G-GTR053M-BTE,4G-GTR053M13-BTE,6551,50,12,ENABLED
4G-GTR053M-BTE,4G-GTR053M12-BTE,6551,49,6,ENABLED
4G-GTR053M-BTE,4G-GTR053M11-BTE,6551,48,0,ENABLED
4G-TPH020M-BTE,4G-TPH020M12-BTE,6556,191,210,ENABLED
4G-TPH020M-BTE,4G-TPH020M13-BTE,6556,189,198,ENABLED
4G-TPH020M-BTE,4G-TPH020M11-BTE,6556,190,204,ENABLED
4G-BDA037M-BTE,4G-BDA037M12-BTE,6556,208,384,ENABLED
4G-BDA037M-BTE,4G-BDA037M13-BTE,6556,209,390,ENABLED
4G-BDA037M-BTE,4G-BDA037M11-BTE,6556,207,378,ENABLED
4G-CLA017M-BTE,4G-CLA017M13-BTE,6551,176,348,ENABLED
4G-CLA017M-BTE,4G-CLA017M12-BTE,6551,174,342,ENABLED
4G-CLA017M-BTE,4G-CLA017M11-BTE,6551,175,354,ENABLED
4G-GTR014M-BTE,4G-GTR014M11-BTE,6551,303,24,ENABLED
4G-GTR014M-BTE,4G-GTR014M12-BTE,6551,304,30,ENABLED
4G-GTR014M-BTE,4G-GTR014M13-BTE,6551,305,18,ENABLED
4G-BTI041M-BTE,4G-BTI041M11-BTE,6556,3,468,ENABLED
4G-BTI041M-BTE,4G-BTI041M12-BTE,6556,4,474,ENABLED
4G-BTI041M-BTE,4G-BTI041M13-BTE,6556,5,480,ENABLED
UL_BTR077M_BTE,4G-BTR077M11-BTE,6551,414,168,ENABLED
UL_BTR077M_BTE,4G-BTR077M13-BTE,6551,416,162,ENABLED
UL_BTR077M_BTE,4G-BTR077M12-BTE,6551,415,174,ENABLED
UL_BTR076M_BTE,4G-BTR076M11-BTE,6551,348,312,ENABLED
UL_BTR076M_BTE,4G-BTR076M13-BTE,6551,350,306,ENABLED
UL_BTR076M_BTE,4G-BTR703M12-BTE,6551,349,318,ENABLED
4G-BDA042M-BTE,4G-BDA042M13-BTE,6556,428,12,ENABLED
4G-BDA042M-BTE,4G-BDA042M12-BTE,6556,427,6,ENABLED
4G-BDA042M-BTE,4G-BDA042M11-BTE,6556,426,0,ENABLED
4G-GTR018M-BTE,4G-GTR713M12-BTE,6551,0,570,ENABLED
4G-GTR018M-BTE,4G-GTR713M11-BTE,6551,1,462,ENABLED
4G-GTR018M-BTE,4G-GTR018M13-BTE,6551,111,528,ENABLED
4G-GTR018M-BTE,4G-GTR018M11-BTE,6551,112,534,ENABLED
4G-GTR018M-BTE,4G-GTR018M12-BTE,6551,113,522,ENABLED
UL_CLA016M_BTE,4G-CLA016M12-BTE,6551,4,240,ENABLED
UL_CLA016M_BTE,4G-CLA016M11-BTE,6551,3,234,ENABLED
UL_CLA016M_BTE,4G-CLA016M13-BTE,6551,5,246,ENABLED
4G-CLA021M-BTE,4G-CLA021M13-BTE,6551,440,564,ENABLED
4G-CLA021M-BTE,4G-CLA021M12-BTE,6551,439,558,ENABLED
4G-CLA021M-BTE,4G-CLA021M11-BTE,6551,438,570,ENABLED
4G-GTR042M-BTE,4G-GTR042M13-BTE,6551,251,606,ENABLED
4G-GTR042M-BTE,4G-GTR042M11-BTE,6551,249,594,ENABLED
4G-GTR042M-BTE,4G-GTR042M12-BTE,6551,250,600,ENABLED
4G-BTI044M-BTE,4G-BTI044M11-BTE,6556,294,162,ENABLED
4G-BTI044M-BTE,4G-BTI044M13-BTE,6556,295,174,ENABLED
4G-BTI044M-BTE,4G-BTI044M12-BTE,6556,296,168,ENABLED
4G-GTR016M-BTE,4G-GTR016M11-BTE,6551,441,474,ENABLED
4G-GTR016M-BTE,4G-GTR016M13-BTE,6551,443,468,ENABLED
4G-GTR016M-BTE,4G-GTR016M12-BTE,6551,442,480,ENABLED
4G-BTI019M-BTE,4G-BTI019M11-BTE,6556,225,294,ENABLED
4G-BTI019M-BTE,4G-BTI019M12-BTE,6556,227,288,ENABLED
4G-BTI019M-BTE,4G-BTI019M13-BTE,6556,226,300,ENABLED
UL_CLA028M_BTE,4G-CLA028M13-BTE,6551,425,60,ENABLED
UL_CLA028M_BTE,4G-CLA028M12-BTE,6551,424,54,ENABLED
UL_CLA028M_BTE,4G-CLA028M11-BTE,6551,423,66,ENABLED
4G-BTR063M-BTE,4G-BTR063M11-BTE,6551,126,60,ENABLED
4G-BTR063M-BTE,4G-BTR063M12-BTE,6551,127,66,ENABLED
4G-BTR063M-BTE,4G-BTR063M13-BTE,6551,128,54,ENABLED
4G-CLA013M-BTE,4G-CLA013M12-BTE,6551,312,162,ENABLED
4G-CLA013M-BTE,4G-CLA013M11-BTE,6551,313,174,ENABLED
4G-CLA013M-BTE,4G-CLA013M13-BTE,6551,314,168,ENABLED
4G-MCB007M-BTE,4G-MCB716M12-BTE,6551,81,582,ENABLED
4G-MCB007M-BTE,4G-MCB716M11-BTE,6551,83,576,DISABLED
4G-MCB007M-BTE,4G-MCB007M11-BTE,6551,144,492,ENABLED
4G-MCB007M-BTE,4G-MCB007M13-BTE,6551,146,486,ENABLED
4G-MCB007M-BTE,4G-MCB007M12-BTE,6551,145,498,ENABLED
UL_CLA023M_BTE,4G-CLA023M11-BTE,6551,276,612,ENABLED
UL_CLA023M_BTE,4G-CLA023M13-BTE,6551,278,624,ENABLED
UL_CLA023M_BTE,4G-CLA023M12-BTE,6551,277,618,ENABLED
4G-GTR034M-BTE,4G-GTR034M11-BTE,6551,402,294,ENABLED
4G-GTR034M-BTE,4G-GTR034M12-BTE,6551,403,300,ENABLED
4G-GTR034M-BTE,4G-GTR034M13-BTE,6551,404,288,ENABLED
4G-BTI039M-BTE,4G-BTI039M11-BTE,6556,9,288,ENABLED
4G-BTI039M-BTE,4G-BTI039M13-BTE,6556,11,300,ENABLED
4G-BTI039M-BTE,4G-BTI039M12-BTE,6556,10,294,ENABLED
UL_Q09334M_HCM,4G-Q09334M11-HCM,6166,9,90,ENABLED
UL_Q09334M_HCM,4G-Q09334M12-HCM,6166,10,96,ENABLED
UL_Q09334M_HCM,4G-Q09334M13-HCM,6166,11,102,ENABLED
UL_HMO163M_HCM,4G-HMO163M13-HCM,6110,146,462,ENABLED
UL_HMO163M_HCM,4G-HMO163M12-HCM,6110,145,456,ENABLED
UL_HMO163M_HCM,4G-HMO163M11-HCM,6110,144,450,ENABLED
4G-BTH276M-HCM,4G-BTH276M13-HCM,6114,296,462,ENABLED
4G-BTH276M-HCM,4G-BTH276M12-HCM,6114,295,456,ENABLED
4G-BTH276M-HCM,4G-BTH276M11-HCM,6114,294,450,ENABLED
UL_Q01274M_HCM,4G-Q01274M11-HCM,6148,339,186,ENABLED
UL_Q01274M_HCM,4G-Q01274M12-HCM,6148,340,192,ENABLED
4G-TDU373M-HCM,4G-TDU373M12-HCM,6167,94,384,ENABLED
4G-TDU373M-HCM,4G-TDU373M13-HCM,6167,95,390,ENABLED
4G-TDU373M-HCM,4G-TDU373M11-HCM,6167,93,378,ENABLED
4G-TDU302M-HCM,4G-TDU302M12-HCM,6133,382,636,ENABLED
4G-TDU302M-HCM,4G-TDU302M11-HCM,6133,381,630,ENABLED
4G-TDU302M-HCM,4G-TDU302M13-HCM,6133,383,642,ENABLED
UL_HMO041M_HCM,4G-HMO041M13-HCM,6110,142,36,ENABLED
UL_HMO041M_HCM,4G-HMO041M11-HCM,6110,141,42,ENABLED
UL_HMO041M_HCM,4G-HMO041M12-HCM,6110,143,48,ENABLED
4G-TPH065M-TGG,4G-TPH065M11-TGG,7993,168,252,ENABLED
4G-TPH065M-TGG,4G-TPH065M13-TGG,7993,170,264,ENABLED
4G-TPH065M-TGG,4G-TPH065M12-TGG,7993,169,258,ENABLED
4G-GCT062M-TGG,4G-GCT062M12-TGG,7992,37,6,ENABLED
4G-GCT062M-TGG,4G-GCT062M13-TGG,7992,38,12,ENABLED
4G-GCT062M-TGG,4G-GCT062M11-TGG,7992,36,0,ENABLED
4G-CGA086M-TGG,4G-CGA086M11-TGG,7992,390,594,ENABLED
4G-CGA086M-TGG,4G-CGA086M13-TGG,7992,392,606,ENABLED
4G-CGA086M-TGG,4G-CGA086M12-TGG,7992,391,600,ENABLED
4G-GCD002M-TGG,4G-GCD002M11-TGG,7992,74,270,ENABLED
4G-GCD002M-TGG,4G-GCD002M12-TGG,7992,72,276,ENABLED
4G-GCD002M-TGG,4G-GCD002M13-TGG,7992,73,282,ENABLED
4G-TPH006M-TGG,4G-TPH006M11-TGG,7993,201,492,ENABLED
4G-TPH006M-TGG,4G-TPH006M13-TGG,7993,202,498,ENABLED
4G-TPH006M-TGG,4G-TPH006M12-TGG,7993,203,486,ENABLED
4G-CBE016M-TGG,4G-CBE016M13-TGG,7993,257,156,ENABLED
4G-CBE016M-TGG,4G-CBE016M12-TGG,7993,256,150,ENABLED
4G-CBE016M-TGG,4G-CBE016M11-TGG,7993,255,144,ENABLED
4G-CBE110M-TGG,4G-CBE110M11-TGG,7993,342,72,ENABLED
4G-CBE110M-TGG,4G-CBE110M13-TGG,7993,344,84,ENABLED
4G-CBE110M-TGG,4G-CBE110M12-TGG,7993,343,78,ENABLED
4G-CGA085M-TGG,4G-CGA085M12-TGG,7992,184,240,ENABLED
4G-CGA085M-TGG,4G-CGA085M11-TGG,7992,183,234,ENABLED
4G-CGA085M-TGG,4G-CGA085M13-TGG,7992,185,246,ENABLED
4G-CTH030M-TGG,4G-CTH030M11-TGG,7993,288,606,ENABLED
4G-CTH030M-TGG,4G-CTH030M12-TGG,7993,289,600,ENABLED
4G-CTH030M-TGG,4G-CTH030M13-TGG,7993,290,594,ENABLED
4G-GCD039M-TGG,4G-GCD039M12-TGG,7992,445,402,ENABLED
4G-GCD039M-TGG,4G-GCD039M13-TGG,7992,446,408,ENABLED
4G-GCD039M-TGG,4G-GCD039M11-TGG,7992,444,396,ENABLED
4G-CBE111M-TGG,4G-CBE111M12-TGG,7993,346,510,ENABLED
4G-CBE111M-TGG,4G-CBE111M13-TGG,7993,347,516,ENABLED
4G-CBE111M-TGG,4G-CBE111M11-TGG,7993,345,504,ENABLED
4G-CGA031M-TGG,4G-CGA031M13-TGG,7991,241,486,ENABLED
4G-CGA031M-TGG,4G-CGA031M11-TGG,7991,240,492,ENABLED
4G-CGA031M-TGG,4G-CGA031M12-TGG,7991,242,498,ENABLED
4G-GCD033M-TGG,4G-GCD033M11-TGG,7992,348,612,ENABLED
4G-GCD033M-TGG,4G-GCD033M13-TGG,7992,350,624,ENABLED
4G-GCD033M-TGG,4G-GCD033M12-TGG,7992,349,618,ENABLED
4G-TUY298M-BDG,4G-TUY298M13-BDG,6666,224,642,ENABLED
4G-TUY298M-BDG,4G-TUY298M12-BDG,6666,223,0,ENABLED
4G-TUY298M-BDG,4G-TUY298M11-BDG,6666,222,570,ENABLED
4G-TAN225M-BDG,4G-TAN225M13-BDG,6663,302,510,ENABLED
4G-TAN225M-BDG,4G-TAN225M12-BDG,6663,301,216,ENABLED
4G-TAN225M-BDG,4G-TAN225M11-BDG,6663,300,66,ENABLED
4G-BCA335M-BDG,4G-BCA335M12-BDG,6661,85,636,ENABLED
4G-BCA335M-BDG,4G-BCA335M11-BDG,6661,84,54,ENABLED
4G-BCA335M-BDG,4G-BCA335M13-BDG,6661,86,168,ENABLED
4G-TDM254M-BDG,4G-TDM254M11-BDG,6660,108,234,ENABLED
4G-TDM254M-BDG,4G-TDM254M13-BDG,6660,110,402,ENABLED
4G-TDM254M-BDG,4G-TDM254M12-BDG,6660,109,150,ENABLED
4G-BCA359M-BDG,4G-BCA359M12-BDG,6661,193,450,ENABLED
4G-BCA359M-BDG,4G-BCA359M13-BDG,6661,194,408,ENABLED
4G-BCA359M-BDG,4G-BCA359M11-BDG,6661,192,204,ENABLED
4G-TUY304M-BDG,4G-TUY304M12-BDG,6666,355,480,ENABLED
4G-TUY304M-BDG,4G-TUY304M13-BDG,6666,356,156,ENABLED
4G-TUY304M-BDG,4G-TUY304M11-BDG,6666,354,12,ENABLED
4G-BCA360M-BDG,4G-BCA360M11-BDG,6661,33,138,ENABLED
4G-BCA360M-BDG,4G-BCA360M12-BDG,6661,34,234,ENABLED
4G-BCA360M-BDG,4G-BCA360M13-BDG,6661,35,528,ENABLED
4G-BCA343M-BDG,4G-BCA343M12-BDG,6661,235,258,ENABLED
4G-BCA343M-BDG,4G-BCA343M13-BDG,6661,236,438,ENABLED
4G-BCA343M-BDG,4G-BCA343M11-BDG,6661,234,198,ENABLED
4G-BBA127M-BDG,4G-BBA127M13-BDG,6665,41,156,ENABLED
4G-BBA127M-BDG,4G-BBA127M11-BDG,6665,39,120,ENABLED
4G-BBA127M-BDG,4G-BBA127M12-BDG,6665,40,246,ENABLED
4G-TDM279M-BDG,4G-TDM279M11-BDG,6663,54,102,ENABLED
4G-TDM279M-BDG,4G-TDM279M13-BDG,6663,56,432,ENABLED
4G-TDM279M-BDG,4G-TDM279M12-BDG,6663,55,252,ENABLED
4G-TDM263M-BDG,4G-TDM263M13-BDG,6660,89,246,ENABLED
4G-TDM263M-BDG,4G-TDM263M12-BDG,6660,88,156,ENABLED
4G-TDM263M-BDG,4G-TDM263M11-BDG,6660,87,294,ENABLED
4G-TUY305M-BDG,4G-TUY305M11-BDG,6666,99,336,ENABLED
4G-TUY305M-BDG,4G-TUY305M13-BDG,6666,101,312,ENABLED
4G-TUY305M-BDG,4G-TUY305M12-BDG,6666,100,486,ENABLED
4G-BCA353M-BDG,4G-BCA353M11-BDG,6661,144,132,ENABLED
4G-BCA353M-BDG,4G-BCA353M13-BDG,6661,146,204,ENABLED
4G-BCA353M-BDG,4G-BCA353M12-BDG,6661,145,552,ENABLED
4G-BTY103M-BDG,4G-BTY103M11-BDG,6666,237,6,ENABLED
4G-BTY103M-BDG,4G-BTY103M13-BDG,6666,239,390,ENABLED
4G-BTY103M-BDG,4G-BTY103M12-BDG,6666,238,12,ENABLED
4G-BCA354M-BDG,4G-BCA354M13-BDG,6660,155,558,ENABLED
4G-BCA354M-BDG,4G-BCA354M11-BDG,6660,153,54,ENABLED
4G-BCA354M-BDG,4G-BCA354M12-BDG,6660,154,102,ENABLED
4G-DAN217M-BDG,4G-DAN217M12-BDG,6604,109,624,ENABLED
4G-DAN217M-BDG,4G-DAN217M11-BDG,6604,108,342,ENABLED
4G-DAN217M-BDG,4G-DAN217M13-BDG,6604,110,162,ENABLED
4G-BCA337M-BDG,4G-BCA337M13-BDG,6661,140,468,ENABLED
4G-BCA337M-BDG,4G-BCA337M11-BDG,6661,138,108,ENABLED
4G-BCA337M-BDG,4G-BCA337M12-BDG,6661,139,222,ENABLED
4G-TUY314M-BDG,4G-TUY314M11-BDG,6666,117,216,ENABLED
4G-TUY314M-BDG,4G-TUY314M12-BDG,6666,118,150,ENABLED
4G-TUY314M-BDG,4G-TUY314M13-BDG,6666,119,162,ENABLED
4G-DAN213M-BDG,4G-DAN213M12-BDG,6604,265,480,ENABLED
4G-DAN213M-BDG,4G-DAN213M11-BDG,6604,264,162,ENABLED
4G-DAN213M-BDG,4G-DAN213M13-BDG,6604,266,48,ENABLED
4G-BTY016M-BDG,4G-BTY016M11-BDG,6666,372,594,ENABLED
4G-BTY016M-BDG,4G-BTY016M13-BDG,6666,374,348,ENABLED
4G-BTY016M-BDG,4G-BTY016M12-BDG,6666,373,414,ENABLED
4G-BCA348M-BDG,4G-BCA348M12-BDG,6660,190,588,ENABLED
4G-BCA348M-BDG,4G-BCA348M13-BDG,6660,191,354,ENABLED
4G-BCA348M-BDG,4G-BCA348M11-BDG,6660,189,372,ENABLED
4G-TDM267M-BDG,4G-TDM267M11-BDG,6660,174,330,ENABLED
4G-TDM267M-BDG,4G-TDM267M12-BDG,6660,175,120,ENABLED
4G-TDM267M-BDG,4G-TDM267M13-BDG,6660,176,60,ENABLED
4G-BCA341M-BDG,4G-BCA341M13-BDG,6661,287,102,ENABLED
4G-BCA341M-BDG,4G-BCA341M11-BDG,6661,285,54,ENABLED
4G-BCA341M-BDG,4G-BCA341M12-BDG,6661,286,96,ENABLED
4G-TUY307M-BDG,4G-TUY307M13-BDG,6661,428,150,ENABLED
4G-TUY307M-BDG,4G-TUY307M12-BDG,6661,427,132,ENABLED
4G-TUY307M-BDG,4G-TUY307M11-BDG,6661,426,618,ENABLED
4G-BCA344M-BDG,4G-BCA344M11-BDG,6660,381,132,ENABLED
4G-BCA344M-BDG,4G-BCA344M12-BDG,6660,382,96,ENABLED
4G-BCA344M-BDG,4G-BCA344M13-BDG,6660,383,114,ENABLED
4G-TAN226M-BDG,4G-TAN226M12-BDG,6604,181,474,ENABLED
4G-TAN226M-BDG,4G-TAN226M11-BDG,6604,180,420,ENABLED
4G-TAN226M-BDG,4G-TAN226M13-BDG,6604,182,78,ENABLED
4G-DAN220M-BDG,4G-DAN220M12-BDG,6604,16,588,ENABLED
4G-DAN220M-BDG,4G-DAN220M13-BDG,6604,17,264,ENABLED
4G-DAN220M-BDG,4G-DAN220M11-BDG,6604,15,72,ENABLED
4G-BTY104M-BDG,4G-BTY104M12-BDG,6666,373,432,ENABLED
4G-BTY104M-BDG,4G-BTY104M13-BDG,6666,374,438,ENABLED
4G-BTY104M-BDG,4G-BTY104M11-BDG,6666,372,126,ENABLED
4G-DAN210M-BDG,4G-DAN210M12-BDG,6604,91,438,ENABLED
4G-DAN210M-BDG,4G-DAN210M13-BDG,6604,92,630,ENABLED
4G-DAN210M-BDG,4G-DAN210M11-BDG,6604,90,636,ENABLED
4G-DAN215M-BDG,4G-DAN215M12-BDG,6604,193,84,ENABLED
4G-DAN215M-BDG,4G-DAN215M13-BDG,6604,194,444,ENABLED
4G-DAN215M-BDG,4G-DAN215M11-BDG,6604,192,564,ENABLED
4G-TUY308M-BDG,4G-TUY308M11-BDG,6666,348,222,ENABLED
4G-TUY308M-BDG,4G-TUY308M13-BDG,6666,350,198,ENABLED
4G-TUY308M-BDG,4G-TUY308M12-BDG,6666,349,84,ENABLED
4G-BCA338M-BDG,4G-BCA338M11-BDG,6661,171,618,ENABLED
4G-BCA338M-BDG,4G-BCA338M12-BDG,6661,172,150,ENABLED
4G-BCA338M-BDG,4G-BCA338M13-BDG,6661,173,324,ENABLED
4G-TAN228M-BDG,4G-TAN228M12-BDG,6663,178,270,ENABLED
4G-TAN228M-BDG,4G-TAN228M13-BDG,6663,179,174,ENABLED
4G-TAN228M-BDG,4G-TAN228M11-BDG,6663,177,600,ENABLED
4G-TAN221M-BDG,4G-TAN221M13-BDG,6663,164,630,ENABLED
4G-TAN221M-BDG,4G-TAN221M12-BDG,6663,163,30,ENABLED
4G-TAN221M-BDG,4G-TAN221M11-BDG,6663,162,354,ENABLED
4G-DAN214M-BDG,4G-DAN214M12-BDG,6604,421,492,ENABLED
4G-DAN214M-BDG,4G-DAN214M11-BDG,6604,420,294,ENABLED
4G-DAN214M-BDG,4G-DAN214M13-BDG,6604,422,468,ENABLED
4G-BCA332M-BDG,4G-BCA332M12-BDG,6661,106,618,ENABLED
4G-BCA332M-BDG,4G-BCA332M11-BDG,6661,105,306,ENABLED
4G-BCA332M-BDG,4G-BCA332M13-BDG,6661,107,66,ENABLED
4G-BBA125M-BDG,4G-BBA125M13-BDG,6665,278,360,ENABLED
4G-BBA125M-BDG,4G-BBA125M11-BDG,6665,276,642,ENABLED
4G-BBA125M-BDG,4G-BBA125M12-BDG,6665,277,60,ENABLED
4G-TDM256M-BDG,4G-TDM256M11-BDG,6660,42,54,ENABLED
4G-TDM256M-BDG,4G-TDM256M12-BDG,6660,43,438,ENABLED
4G-TDM256M-BDG,4G-TDM256M13-BDG,6660,44,78,ENABLED
4G-TDM266M-BDG,4G-TDM266M11-BDG,6663,21,72,ENABLED
4G-TDM266M-BDG,4G-TDM266M12-BDG,6663,22,234,ENABLED
4G-TDM266M-BDG,4G-TDM266M13-BDG,6663,23,216,ENABLED
4G-DAN216M-BDG,4G-DAN216M13-BDG,6604,41,96,ENABLED
4G-DAN216M-BDG,4G-DAN216M12-BDG,6604,40,318,ENABLED
4G-DAN216M-BDG,4G-DAN216M11-BDG,6604,39,156,ENABLED
4G-BCA355M-BDG,4G-BCA355M12-BDG,6661,262,12,ENABLED
4G-BCA355M-BDG,4G-BCA355M13-BDG,6661,263,186,ENABLED
4G-BCA355M-BDG,4G-BCA355M11-BDG,6661,261,504,ENABLED
4G-TDM268M-BDG,4G-TDM268M13-BDG,6663,239,492,ENABLED
4G-TDM268M-BDG,4G-TDM268M12-BDG,6663,238,420,ENABLED
4G-TDM268M-BDG,4G-TDM268M11-BDG,6663,237,378,ENABLED
4G-TAN218M-BDG,4G-TAN218M11-BDG,6604,306,534,ENABLED
4G-TAN218M-BDG,4G-TAN218M12-BDG,6604,307,360,ENABLED
4G-TAN218M-BDG,4G-TAN218M13-BDG,6604,308,366,ENABLED
4G-BCA333M-BDG,4G-BCA333M11-BDG,6661,165,240,ENABLED
4G-BCA333M-BDG,4G-BCA333M13-BDG,6661,167,624,ENABLED
4G-BCA333M-BDG,4G-BCA333M12-BDG,6661,166,612,ENABLED
4G-TAN231M-BDG,4G-TAN231M13-BDG,6663,215,534,ENABLED
4G-TAN231M-BDG,4G-TAN231M12-BDG,6663,214,642,ENABLED
4G-TAN231M-BDG,4G-TAN231M11-BDG,6663,213,606,ENABLED
4G-DAN212M-BDG,4G-DAN212M13-BDG,6604,185,546,ENABLED
4G-DAN212M-BDG,4G-DAN212M11-BDG,6604,183,0,ENABLED
4G-DAN212M-BDG,4G-DAN212M12-BDG,6604,184,12,ENABLED
4G-DTI141M-BDG,4G-DTI141M13-BDG,6665,383,408,ENABLED
4G-DTI141M-BDG,4G-DTI141M12-BDG,6665,382,486,ENABLED
4G-DTI141M-BDG,4G-DTI141M11-BDG,6665,381,282,DISABLED
4G-TUY309M-BDG,4G-TUY309M13-BDG,6666,431,420,ENABLED
4G-TUY309M-BDG,4G-TUY309M12-BDG,6666,430,342,ENABLED
4G-TUY309M-BDG,4G-TUY309M11-BDG,6666,429,162,ENABLED
4G-HCL010M-DTP,4G-HCL010M12-DTP,7112,64,114,ENABLED
4G-HCL010M-DTP,4G-HCL010M11-DTP,7112,63,108,ENABLED
4G-HCL010M-DTP,4G-HCL010M13-DTP,7112,65,120,ENABLED
4G-CTH057M-DTP,4G-CTH057M12-DTP,7111,373,456,ENABLED
4G-CTH057M-DTP,4G-CTH057M13-DTP,7111,374,462,ENABLED
4G-CTH057M-DTP,4G-CTH057M11-DTP,7111,372,450,ENABLED
4G-TMU029M-DTP,4G-TMU029M13-DTP,7112,449,336,ENABLED
4G-TMU029M-DTP,4G-TMU029M11-DTP,7112,447,324,ENABLED
4G-TMU029M-DTP,4G-TMU029M12-DTP,7112,448,330,ENABLED
4G-TMU001M-DTP,4G-TMU001M12-DTP,7112,259,546,ENABLED
4G-TMU001M-DTP,4G-TMU001M13-DTP,7112,260,552,ENABLED
4G-TMU001M-DTP,4G-TMU001M11-DTP,7112,258,540,ENABLED
4G-TMU066M-DTP,4G-TMU066M12-DTP,7112,439,438,ENABLED
4G-TMU066M-DTP,4G-TMU066M13-DTP,7112,440,444,ENABLED
4G-TMU066M-DTP,4G-TMU066M11-DTP,7112,438,432,ENABLED
4G-HCL017M-DTP,4G-HCL017M13-DTP,7111,155,300,ENABLED
4G-HCL017M-DTP,4G-HCL017M11-DTP,7111,153,288,ENABLED
4G-HCL017M-DTP,4G-HCL017M12-DTP,7111,154,294,ENABLED
4G-LVO008M-DTP,4G-LVO008M12-DTP,7111,304,474,ENABLED
4G-LVO008M-DTP,4G-LVO008M13-DTP,7111,305,480,ENABLED
4G-LVO008M-DTP,4G-LVO008M11-DTP,7111,303,468,ENABLED
4G-HCL006M-DTP,4G-HCL006M11-DTP,7112,399,558,ENABLED
4G-HCL006M-DTP,4G-HCL006M12-DTP,7112,400,564,ENABLED
4G-HCL006M-DTP,4G-HCL006M13-DTP,7112,401,570,ENABLED
4G-TNO022M-DTP,4G-TNO022M11-DTP,7112,432,504,ENABLED
4G-TNO022M-DTP,4G-TNO022M13-DTP,7112,434,516,ENABLED
4G-TNO022M-DTP,4G-TNO022M12-DTP,7112,433,510,ENABLED
4G-TBI014M-DTP,4G-TBI014M12-DTP,7112,277,366,ENABLED
4G-TBI014M-DTP,4G-TBI014M11-DTP,7112,276,360,ENABLED
4G-TBI014M-DTP,4G-TBI014M13-DTP,7112,278,372,ENABLED
4G-TNO009M-DTP,4G-TNO009M11-DTP,7112,291,144,ENABLED
4G-TNO009M-DTP,4G-TNO009M12-DTP,7112,292,150,ENABLED
4G-TNO009M-DTP,4G-TNO009M13-DTP,7112,293,156,ENABLED
4G-TMU014M-DTP,4G-TMU014M12-DTP,7112,169,474,ENABLED
4G-TMU014M-DTP,4G-TMU014M11-DTP,7112,168,468,ENABLED
4G-TMU014M-DTP,4G-TMU014M13-DTP,7112,170,480,ENABLED
4G-HNG004M-DTP,4G-HNG004M12-DTP,7112,409,582,ENABLED
4G-HNG004M-DTP,4G-HNG004M13-DTP,7112,410,588,ENABLED
4G-HNG004M-DTP,4G-HNG004M11-DTP,7112,408,576,ENABLED
4G-HCL032M-DTP,4G-HCL032M13-DTP,7112,305,390,ENABLED
4G-HCL032M-DTP,4G-HCL032M11-DTP,7112,303,378,ENABLED
4G-HCL032M-DTP,4G-HCL032M12-DTP,7112,304,384,ENABLED
4G-TNO015M-DTP,4G-TNO015M13-DTP,7112,236,228,ENABLED
4G-TNO015M-DTP,4G-TNO015M12-DTP,7112,235,222,ENABLED
4G-TNO015M-DTP,4G-TNO015M11-DTP,7112,234,216,ENABLED
4G-SDE046M-DTP,4G-SDE046M11-DTP,7111,0,198,ENABLED
4G-SDE046M-DTP,4G-SDE046M12-DTP,7111,1,204,ENABLED
4G-SDE046M-DTP,4G-SDE046M13-DTP,7111,2,210,ENABLED
4G-HCL022M-DTP,4G-HCL022M12-DTP,7112,214,312,ENABLED
4G-HCL022M-DTP,4G-HCL022M13-DTP,7112,215,318,ENABLED
4G-HCL022M-DTP,4G-HCL022M11-DTP,7112,213,306,ENABLED
4G-HCL070M-DTP,4G-HCL070M11-DTP,7111,195,306,ENABLED
4G-HCL070M-DTP,4G-HCL070M13-DTP,7111,197,318,ENABLED
4G-HCL070M-DTP,4G-HCL070M12-DTP,7111,196,312,ENABLED
4G-LVO032M-DTP,4G-LVO032M12-DTP,7111,148,54,ENABLED
4G-LVO032M-DTP,4G-LVO032M11-DTP,7111,149,66,ENABLED
4G-LVO032M-DTP,4G-LVO032M13-DTP,7111,147,60,ENABLED
4G-HCL041M-DTP,4G-HCL041M13-DTP,7112,299,138,ENABLED
4G-HCL041M-DTP,4G-HCL041M11-DTP,7112,297,126,ENABLED
4G-HCL041M-DTP,4G-HCL041M12-DTP,7112,298,132,ENABLED
4G-HCL007M-DTP,4G-HCL007M13-DTP,7112,329,318,ENABLED
4G-HCL007M-DTP,4G-HCL007M11-DTP,7112,327,306,ENABLED
4G-HCL007M-DTP,4G-HCL007M12-DTP,7112,328,312,ENABLED
4G-TNO007M-DTP,4G-TNO007M13-DTP,7112,407,444,ENABLED
4G-TNO007M-DTP,4G-TNO007M11-DTP,7112,405,432,ENABLED
4G-TNO007M-DTP,4G-TNO007M12-DTP,7112,406,438,ENABLED
4G-THO031M-DTP,4G-THO031M12-DTP,7112,265,204,ENABLED
4G-THO031M-DTP,4G-THO031M13-DTP,7112,266,210,ENABLED
4G-THO031M-DTP,4G-THO031M11-DTP,7112,264,198,ENABLED
4G-TBI051M-DTP,4G-TBI051M11-DTP,7112,132,414,ENABLED
4G-TBI051M-DTP,4G-TBI051M13-DTP,7112,134,426,ENABLED
4G-TBI051M-DTP,4G-TBI051M12-DTP,7112,133,420,ENABLED
4G-CTH014M-DTP,4G-CTH014M11-DTP,7111,54,540,ENABLED
4G-CTH014M-DTP,4G-CTH014M12-DTP,7111,55,546,ENABLED
4G-CTH014M-DTP,4G-CTH014M13-DTP,7111,56,552,ENABLED
4G-HNG047M-DTP,4G-HNG047M12-DTP,7112,334,186,ENABLED
4G-HNG047M-DTP,4G-HNG047M13-DTP,7112,335,192,ENABLED
4G-HNG047M-DTP,4G-HNG047M11-DTP,7112,333,180,ENABLED
4G-HCL023M-DTP,4G-HCL023M12-DTP,7112,136,402,ENABLED
4G-HCL023M-DTP,4G-HCL023M13-DTP,7112,137,408,ENABLED
4G-HCL023M-DTP,4G-HCL023M11-DTP,7112,135,396,ENABLED
4G-CTH056M-DTP,4G-CTH056M11-DTP,7111,153,198,ENABLED
4G-CTH056M-DTP,4G-CTH056M12-DTP,7111,154,204,ENABLED
4G-CTH056M-DTP,4G-CTH056M13-DTP,7111,155,210,ENABLED
4G-TMU033M-DTP,4G-TMU033M12-DTP,7112,445,618,ENABLED
4G-TMU033M-DTP,4G-TMU033M11-DTP,7112,444,612,ENABLED
4G-TMU033M-DTP,4G-TMU033M13-DTP,7112,446,624,ENABLED
4G-SDE100M-DTP,4G-SDE100M13-DTP,7111,111,120,ENABLED
4G-SDE100M-DTP,4G-SDE100M11-DTP,7111,112,108,ENABLED
4G-SDE100M-DTP,4G-SDE100M12-DTP,7111,113,114,ENABLED
4G-SDE015M-DTP,4G-SDE015M13-DTP,7111,260,408,ENABLED
4G-SDE015M-DTP,4G-SDE015M12-DTP,7111,259,402,ENABLED
4G-SDE015M-DTP,4G-SDE015M11-DTP,7111,258,396,ENABLED
4G-LVU030M-DTP,4G-LVU030M12-DTP,7111,298,258,ENABLED
4G-LVU030M-DTP,4G-LVU030M13-DTP,7111,299,252,ENABLED
4G-LVU030M-DTP,4G-LVU030M11-DTP,7111,297,264,ENABLED
4G-THO008M-DTP,4G-THO008M13-DTP,7112,89,246,ENABLED
4G-THO008M-DTP,4G-THO008M11-DTP,7112,87,234,ENABLED
4G-THO008M-DTP,4G-THO008M12-DTP,7112,88,240,ENABLED
4G-TBI008M-DTP,4G-TBI008M12-DTP,7112,290,672,ENABLED
4G-TBI008M-DTP,4G-TBI008M11-DTP,7112,288,666,ENABLED
4G-TBI008M-DTP,4G-TBI008M13-DTP,7112,289,678,ENABLED
4G-TMU015M-DTP,4G-TMU015M13-DTP,7112,383,516,ENABLED
4G-TMU015M-DTP,4G-TMU015M12-DTP,7112,382,510,ENABLED
4G-TMU015M-DTP,4G-TMU015M11-DTP,7112,381,504,ENABLED
UL_DHO102M_LAN,4G-DHO102M11-LAN,7549,75,144,ENABLED
UL_DHO102M_LAN,4G-DHO102M12-LAN,7549,76,150,ENABLED
UL_BLU102M_LAN,4G-BLU102M11-LAN,7510,15,306,ENABLED
UL_BLU102M_LAN,4G-BLU102M13-LAN,7510,17,318,ENABLED
UL_BLU102M_LAN,4G-BLU102M12-LAN,7510,16,312,ENABLED
UL_DHO005M_LAN,4G-DHO005M11-LAN,7549,209,432,ENABLED
UL_DHO005M_LAN,4G-DHO005M13-LAN,7549,207,444,ENABLED
UL_DHO005M_LAN,4G-DHO005M12-LAN,7549,208,438,ENABLED
UL_KTU024M_LAN,4G-KTU024M13-LAN,7550,86,48,ENABLED
UL_KTU024M_LAN,4G-KTU024M12-LAN,7550,85,42,ENABLED
UL_KTU024M_LAN,4G-KTU024M11-LAN,7550,84,36,ENABLED
4G-TTR014M-LAN,4G-TTR014M11-LAN,7511,210,600,DISABLED
4G-TTR014M-LAN,4G-TTR014M12-LAN,7511,212,594,DISABLED
4G-TTH018M-LAN,4G-TTH018M13-LAN,7550,224,174,ENABLED
4G-TTH018M-LAN,4G-TTH018M11-LAN,7550,222,162,ENABLED
4G-TTH018M-LAN,4G-TTH018M12-LAN,7550,223,168,ENABLED
SR_TAN041M_LAN,4G-TAN041M11-LAN,7510,330,222,ENABLED
SR_TAN041M_LAN,4G-TAN041M12-LAN,7510,332,216,ENABLED
SR_TAN041M_LAN,4G-TAN041M13-LAN,7510,331,228,ENABLED
UL_TTH016M_LAN,4G-TTH016M13-LAN,7550,159,648,ENABLED
UL_TTH016M_LAN,4G-TTH016M12-LAN,7550,161,654,ENABLED
UL_TTH016M_LAN,4G-TTH016M11-LAN,7550,160,66,ENABLED
UL_TAN072M_LAN,4G-TAN072M11-LAN,7510,90,78,ENABLED
UL_TAN072M_LAN,4G-TAN072M13-LAN,7510,91,84,ENABLED
UL_TAN072M_LAN,4G-TAN072M12-LAN,7510,92,72,ENABLED
UL_DHO136M_LAN,4G-DHO136M11-LAN,7549,3,108,ENABLED
UL_DHO136M_LAN,4G-DHO136M13-LAN,7549,5,120,ENABLED
UL_DHO136M_LAN,4G-DHO136M12-LAN,7549,4,114,ENABLED
UL_VHU024M_LAN,4G-VHU024M13-LAN,7550,365,120,ENABLED
UL_VHU024M_LAN,4G-VHU024M12-LAN,7550,364,114,ENABLED
UL_DHO144M_LAN,4G-DHO144M13-LAN,7549,62,408,ENABLED
UL_DHO144M_LAN,4G-DHO144M12-LAN,7549,61,402,ENABLED
UL_DHO128M_LAN,4G-DHO128M11-LAN,7549,228,306,ENABLED
UL_DHO128M_LAN,4G-DHO128M12-LAN,7549,229,312,ENABLED
UL_DHO128M_LAN,4G-DHO128M13-LAN,7549,230,318,ENABLED
4G-DHO176M-LAN,4G-DHO176M13-LAN,7549,317,102,ENABLED
4G-DHO176M-LAN,4G-DHO176M11-LAN,7549,315,90,ENABLED
UL_BLU101M_LAN,4G-BLU101M11-LAN,7510,108,522,ENABLED
UL_BLU101M_LAN,4G-BLU101M12-LAN,7510,109,528,ENABLED
UL_BLU101M_LAN,4G-BLU101M13-LAN,7510,110,534,ENABLED
4G-TAN051M-LAN,4G-TAN051M13-LAN,7510,302,606,ENABLED
4G-TAN051M-LAN,4G-TAN051M11-LAN,7510,301,600,ENABLED
4G-TAN051M-LAN,4G-TAN051M12-LAN,7510,300,594,ENABLED
UL_CGI054M_LAN,4G-CGI054M11-LAN,7511,54,432,ENABLED
UL_CGI054M_LAN,4G-CGI054M13-LAN,7511,56,444,ENABLED
UL_BLU099M_LAN,4G-BLU099M13-LAN,7510,194,30,ENABLED
UL_BLU099M_LAN,4G-BLU099M12-LAN,7510,193,24,ENABLED
4G-CTH021M-LAN,4G-CTH021M13-LAN,7511,23,156,ENABLED
4G-CTH021M-LAN,4G-CTH021M11-LAN,7511,21,144,ENABLED
4G-CTH021M-LAN,4G-CTH021M12-LAN,7511,22,150,ENABLED
UL_TAN086M_LAN,4G-TAN086M13-LAN,7510,206,174,ENABLED
UL_TAN086M_LAN,4G-TAN086M11-LAN,7510,204,162,ENABLED
UL_TAN086M_LAN,4G-TAN086M12-LAN,7510,205,168,ENABLED
4G-THO018M-LAN,4G-THO018M11-LAN,7550,42,180,ENABLED
4G-THO018M-LAN,4G-THO018M12-LAN,7550,43,186,ENABLED
4G-THO018M-LAN,4G-THO018M13-LAN,7550,44,192,ENABLED
4G-TTH017M-LAN,4G-TTH017M13-LAN,7550,158,228,ENABLED
4G-TTH017M-LAN,4G-TTH017M11-LAN,7550,156,216,ENABLED
4G-TTH017M-LAN,4G-TTH017M12-LAN,7550,157,222,ENABLED
UL_TAN043M_LAN,4G-TAN043M11-LAN,7510,0,54,ENABLED
UL_TAN043M_LAN,4G-TAN043M12-LAN,7510,1,60,ENABLED
UL_TAN043M_LAN,4G-TAN043M13-LAN,7510,2,66,ENABLED
4G-DHO174M-LAN,4G-DHO174M12-LAN,7549,304,258,ENABLED
4G-DHO174M-LAN,4G-DHO174M11-LAN,7549,303,252,ENABLED
4G-DHO174M-LAN,4G-DHO174M13-LAN,7549,305,264,ENABLED
UL_DHO017M_LAN,4G-DHO017M11-LAN,7549,206,504,ENABLED
UL_DHO017M_LAN,4G-DHO017M12-LAN,7549,205,510,ENABLED
UL_DHO017M_LAN,4G-DHO017M13-LAN,7549,204,516,ENABLED
4G-CTH019M-LAN,4G-CTH019M12-LAN,7511,446,414,ENABLED
4G-CTH019M-LAN,4G-CTH019M11-LAN,7511,444,420,ENABLED
4G-CTH019M-LAN,4G-CTH019M13-LAN,7511,445,426,ENABLED
4G-TTR003M-LAN,4G-TTR003M12-LAN,7511,284,540,ENABLED
4G-TTR003M-LAN,4G-TTR003M13-LAN,7511,283,552,ENABLED
4G-TTR003M-LAN,4G-TTR003M11-LAN,7511,282,546,ENABLED
UL_BLU025M_LAN,4G-BLU025M13-LAN,7510,363,444,ENABLED
UL_BLU025M_LAN,4G-BLU025M12-LAN,7510,364,432,ENABLED
UL_BLU025M_LAN,4G-BLU025M11-LAN,7510,365,438,ENABLED
4G-TAN094M-LAN,4G-TAN094M12-LAN,7510,145,564,ENABLED
4G-TAN094M-LAN,4G-TAN094M11-LAN,7510,144,558,ENABLED
4G-TAN094M-LAN,4G-TAN094M13-LAN,7510,146,570,ENABLED
UL_TTU035M_LAN,4G-TTU035M11-LAN,7510,99,456,ENABLED
UL_TTU035M_LAN,4G-TTU035M13-LAN,7510,100,462,ENABLED
UL_TAN077M_LAN,4G-TAN077M11-LAN,7510,120,576,ENABLED
UL_TAN077M_LAN,4G-TAN077M12-LAN,7510,121,582,ENABLED
UL_TAN077M_LAN,4G-TAN077M13-LAN,7510,122,588,ENABLED
UL_DHO026M_LAN,4G-DHO026M13-LAN,7549,375,12,ENABLED
UL_DHO026M_LAN,4G-DHO026M11-LAN,7549,377,648,ENABLED
4G-BLU115M-LAN,4G-BLU115M11-LAN,7510,357,360,ENABLED
4G-BLU115M-LAN,4G-BLU115M13-LAN,7510,359,372,ENABLED
4G-BLU115M-LAN,4G-BLU115M12-LAN,7510,358,366,ENABLED
UL_TAN070M_LAN,4G-TAN070M12-LAN,7510,47,216,ENABLED
UL_TAN070M_LAN,4G-TAN070M13-LAN,7510,46,228,ENABLED
UL_TAN070M_LAN,4G-TAN070M11-LAN,7510,45,222,ENABLED
UL_CGI023M_LAN,4G-CGI023M11-LAN,7511,66,162,ENABLED
UL_CGI023M_LAN,4G-CGI023M13-LAN,7511,68,174,ENABLED
UL_CGI023M_LAN,4G-CGI023M12-LAN,7511,67,168,ENABLED
UL_BLU100M_LAN,4G-BLU100M13-LAN,7510,176,588,ENABLED
UL_BLU100M_LAN,4G-BLU100M11-LAN,7510,174,576,ENABLED
UL_BLU100M_LAN,4G-BLU100M12-LAN,7510,175,582,ENABLED
4G-BLU114M-LAN,4G-BLU114M12-LAN,7549,283,582,ENABLED
4G-BLU114M-LAN,4G-BLU114M11-LAN,7549,282,576,ENABLED
4G-BLU114M-LAN,4G-BLU114M13-LAN,7549,284,588,ENABLED
SR_DHO036M_LAN,4G-DHO036M11-LAN,7549,287,252,ENABLED
SR_DHO036M_LAN,4G-DHO036M12-LAN,7549,286,258,ENABLED
SR_DHO036M_LAN,4G-DHO036M13-LAN,7549,285,264,ENABLED
4G-CTH010M-LAN,4G-CTH010M11-LAN,7511,267,150,DISABLED
4G-CTH010M-LAN,4G-CTH010M13-LAN,7511,268,144,DISABLED
4G-CTH010M-LAN,4G-CTH010M12-LAN,7511,269,156,DISABLED
4G-TTU030M-LAN,4G-TTU030M13-LAN,7549,389,30,ENABLED
4G-TTU030M-LAN,4G-TTU030M11-LAN,7549,387,18,ENABLED
4G-TTU030M-LAN,4G-TTU030M12-LAN,7549,388,24,ENABLED
UL_BLU098M_LAN,4G-BLU098M13-LAN,7510,212,588,ENABLED
UL_BLU098M_LAN,4G-BLU098M12-LAN,7510,211,582,ENABLED
UL_BLU098M_LAN,4G-BLU098M11-LAN,7510,210,576,ENABLED
UL_DHO082M_LAN,4G-DHO082M12-LAN,7549,421,60,ENABLED
UL_DHO082M_LAN,4G-DHO082M11-LAN,7549,422,54,ENABLED
UL_DHO082M_LAN,4G-DHO082M13-LAN,7549,420,66,ENABLED
UL_BLU097M_LAN,4G-BLU097M13-LAN,7510,440,606,ENABLED
UL_BLU097M_LAN,4G-BLU097M11-LAN,7510,438,594,ENABLED
4G-DHO175M-LAN,4G-DHO175M12-LAN,7549,352,618,ENABLED
4G-DHO175M-LAN,4G-DHO175M13-LAN,7549,353,624,ENABLED
4G-DHO175M-LAN,4G-DHO175M11-LAN,7549,351,612,ENABLED
UL_BLU018M_LAN,4G-BLU018M13-LAN,7549,274,444,ENABLED
UL_BLU018M_LAN,4G-BLU018M11-LAN,7549,273,432,ENABLED
4G-TTH002M-LAN,4G-TTH002M13-LAN,7550,114,606,ENABLED
4G-TTH002M-LAN,4G-TTH002M12-LAN,7550,116,600,ENABLED
4G-TTH002M-LAN,4G-TTH002M11-LAN,7550,115,594,ENABLED
SL-CTH069M-BTE,4G-CTH069M11-BTE,6551,150,342,ENABLED
SL-CTH069M-BTE,4G-CTH069M13-BTE,6551,152,354,ENABLED
SL-CTH069M-BTE,4G-CTH069M12-BTE,6551,151,348,ENABLED
UL_GVA173M_HCM,4G-GVA173M11-HCM,6133,375,558,ENABLED
UL_GVA173M_HCM,4G-GVA173M13-HCM,6133,377,570,ENABLED
UL_GVA173M_HCM,4G-GVA173M12-HCM,6133,376,564,ENABLED
UL_TUY165M_BDG,4G-TUY165M13-BDG,6661,95,114,ENABLED
UL_TUY165M_BDG,4G-TUY165M11-BDG,6661,93,462,ENABLED
UL_TUY165M_BDG,4G-TUY165M12-BDG,6661,94,300,ENABLED
UL_TUY129M_BDG,4G-TUY129M13-BDG,6666,107,582,ENABLED
UL_TUY129M_BDG,4G-TUY129M11-BDG,6666,105,252,ENABLED
UL_TUY129M_BDG,4G-TUY129M12-BDG,6666,106,306,ENABLED
UL_TUY111M_BDG,4G-TUY111M12-BDG,6666,28,102,ENABLED
UL_TUY111M_BDG,4G-TUY111M11-BDG,6666,27,552,ENABLED
UL_TUY111M_BDG,4G-TUY111M13-BDG,6666,29,366,ENABLED
UL_TUY168M_BDG,4G-TUY168M12-BDG,6666,424,66,ENABLED
UL_TUY168M_BDG,4G-TUY168M13-BDG,6666,425,126,ENABLED
UL_TUY168M_BDG,4G-TUY168M11-BDG,6666,423,198,ENABLED
UL_TUY138M_BDG,4G-TUY138M13-BDG,6666,47,48,ENABLED
UL_TUY138M_BDG,4G-TUY138M11-BDG,6666,45,36,ENABLED
UL_TUY138M_BDG,4G-TUY138M12-BDG,6666,46,42,ENABLED
UL_Q03072M_HCM,4G-Q03072M13-HCM,6148,283,174,ENABLED
UL_Q03072M_HCM,4G-Q03072M11-HCM,6148,282,162,ENABLED
UL_Q03072M_HCM,4G-Q03072M12-HCM,6148,284,168,ENABLED
UL_Q03021M_HCM,4G-Q03021M13-HCM,6148,160,150,ENABLED
UL_Q03021M_HCM,4G-Q03021M11-HCM,6148,159,144,ENABLED
UL_Q03021M_HCM,4G-Q03021M12-HCM,6148,161,156,ENABLED
UL_Q03138M_HCM,4G-Q03138M13-HCM,6148,437,516,ENABLED
UL_Q03138M_HCM,4G-Q03138M12-HCM,6148,436,510,ENABLED
UL_Q03138M_HCM,4G-Q03138M11-HCM,6148,435,504,ENABLED
UL_NTR044M_DNI,4G-NTR044M13-DNI,7058,191,354,ENABLED
UL_NTR044M_DNI,4G-NTR044M11-DNI,7058,189,102,ENABLED
UL_NTR044M_DNI,4G-NTR044M12-DNI,7058,190,270,ENABLED
UL_LTH101M_DNI,4G-LTH101M13-DNI,7048,38,438,ENABLED
UL_LTH101M_DNI,4G-LTH101M12-DNI,7048,37,426,ENABLED
UL_NTR045M_DNI,4G-NTR045M11-DNI,7058,108,12,ENABLED
UL_NTR045M_DNI,4G-NTR045M12-DNI,7058,109,54,ENABLED
UL_TBO128M_DNI,4G-TBO128M13-DNI,7015,17,114,ENABLED
UL_TBO128M_DNI,4G-TBO128M12-DNI,7015,16,6,ENABLED
4G-TBO180M-DNI,4G-TBO180M12-DNI,7015,146,534,ENABLED
4G-LTH201M-DNI,4G-LTH201M13-DNI,7048,8,24,ENABLED
4G-LTH201M-DNI,4G-LTH201M11-DNI,7048,6,6,ENABLED
UL_CMY038M_DNI,4G-CMY038M12-DNI,7033,55,0,ENABLED
UL_CMY038M_DNI,4G-CMY038M13-DNI,7033,56,366,ENABLED
UL_CMY038M_DNI,4G-CMY038M11-DNI,7033,54,570,ENABLED
4G-NTR101M-DNI,4G-NTR101M12-DNI,7058,237,18,ENABLED
4G-NTR101M-DNI,4G-NTR101M13-DNI,7058,238,30,ENABLED
UL_NTR043M_DNI,4G-NTR043M13-DNI,7058,407,384,ENABLED
UL_NTR043M_DNI,4G-NTR043M11-DNI,7058,405,288,ENABLED
UL_NTR043M_DNI,4G-NTR043M12-DNI,7058,406,312,ENABLED
4G-LKH020M-DNI,4G-LKH020M13-DNI,7009,50,420,ENABLED
4G-LKH020M-DNI,4G-LKH020M11-DNI,7009,48,372,ENABLED
4G-LKH020M-DNI,4G-LKH020M12-DNI,7009,49,666,ENABLED
UL_NTR096M_DNI,4G-NTR096M13-DNI,7058,176,588,ENABLED
UL_NTR096M_DNI,4G-NTR096M12-DNI,7058,175,240,ENABLED
UL_NTR096M_DNI,4G-NTR096M11-DNI,7058,174,336,ENABLED
4G-TBO174M-DNI,4G-TBO174M13-DNI,7015,276,630,ENABLED
4G-TBO174M-DNI,4G-TBO174M12-DNI,7015,277,72,ENABLED
4G-LKH078M-DNI,4G-LKH078M13-DNI,7009,173,546,ENABLED
4G-LKH078M-DNI,4G-LKH078M11-DNI,7009,171,258,ENABLED
UL_LTH029M_DNI,4G-LTH029M13-DNI,7048,137,474,ENABLED
UL_LTH029M_DNI,4G-LTH029M12-DNI,7048,136,252,ENABLED
UL_LTH029M_DNI,4G-LTH029M11-DNI,7048,135,522,ENABLED
UL_NTR006M_DNI,4G-NTR006M13-DNI,7058,155,168,ENABLED
UL_NTR006M_DNI,4G-NTR006M11-DNI,7058,153,630,ENABLED
UL_NTR006M_DNI,4G-NTR006M12-DNI,7058,154,486,ENABLED
4G-BHO178M-DNI,4G-BHO178M12-DNI,7068,322,588,ENABLED
UL_XLO069M_DNI,4G-XLO069M11-DNI,7033,60,504,ENABLED
UL_NTR062M_DNI,4G-NTR062M12-DNI,7058,280,162,ENABLED
4G-LTH195M-DNI,4G-LTH195M13-DNI,7048,112,618,ENABLED
4G-LTH195M-DNI,4G-LTH195M12-DNI,7048,113,612,ENABLED
4G-LTH195M-DNI,4G-LTH195M11-DNI,7048,111,606,ENABLED
4G-CMY076M-DNI,4G-CMY076M12-DNI,7034,16,72,ENABLED
4G-CMY076M-DNI,4G-CMY076M13-DNI,7034,17,84,ENABLED
4G-CMY076M-DNI,4G-CMY076M11-DNI,7034,15,66,ENABLED
4G-LTH058M-DNI,4G-LTH058M12-DNI,7014,367,450,ENABLED
4G-LTH058M-DNI,4G-LTH058M13-DNI,7014,368,438,ENABLED
4G-LTH058M-DNI,4G-LTH058M11-DNI,7014,366,138,ENABLED
4G-TPH023M-DNI,4G-TPH023M13-DNI,7098,404,468,ENABLED
4G-TPH023M-DNI,4G-TPH023M12-DNI,7098,403,600,ENABLED
4G-LTH003M-DNI,4G-LTH003M13-DNI,7014,140,408,ENABLED
4G-LTH003M-DNI,4G-LTH003M12-DNI,7014,139,360,ENABLED
4G-LTH003M-DNI,4G-LTH003M11-DNI,7014,138,546,ENABLED
UL_DQU079M_DNI,4G-DQU079M12-DNI,7098,67,12,ENABLED
UL_DQU079M_DNI,4G-DQU079M11-DNI,7098,66,468,ENABLED
UL_DQU079M_DNI,4G-DQU079M13-DNI,7098,68,6,ENABLED
UL_LTH081M_DNI,4G-LTH081M12-DNI,7014,61,186,ENABLED
UL_LTH081M_DNI,4G-LTH081M11-DNI,7014,60,180,ENABLED
4G-NTR124M-DNI,4G-NTR124M12-DNI,7058,115,672,ENABLED
4G-NTR124M-DNI,4G-NTR124M13-DNI,7058,116,282,ENABLED
UL_LKH061M_DNI,4G-LKH061M12-DNI,7009,166,168,ENABLED
UL_LKH061M_DNI,4G-LKH061M13-DNI,7009,167,66,ENABLED
UL_LKH061M_DNI,4G-LKH061M11-DNI,7009,165,414,ENABLED
4G-DQU090M-DNI,4G-DQU090M13-DNI,7078,17,630,ENABLED
UL_LTH084M_DNI,4G-LTH084M13-DNI,7048,35,132,ENABLED
UL_LTH084M_DNI,4G-LTH084M11-DNI,7048,33,120,ENABLED
UL_LTH084M_DNI,4G-LTH084M12-DNI,7048,34,126,ENABLED
4G-NTR117M-DNI,4G-NTR117M12-DNI,7058,64,54,ENABLED
4G-NTR117M-DNI,4G-NTR117M13-DNI,7058,65,90,ENABLED
4G-NTR117M-DNI,4G-NTR117M11-DNI,7058,63,588,ENABLED
4G-HDH007M-TVH,4G-HDH007M13-TVH,8052,408,174,ENABLED
4G-HDH007M-TVH,4G-HDH007M11-TVH,8052,410,648,ENABLED
UL_VTA198M_VTU,4G-VTA198M11-VTU,8220,336,588,ENABLED
UL_VTA198M_VTU,4G-VTA198M13-VTU,8220,338,636,ENABLED
UL_VTA198M_VTU,4G-VTA198M12-VTU,8220,337,126,ENABLED
UL_PMY127M_VTU,4G-PMY127M13-VTU,8222,428,144,ENABLED
UL_PMY127M_VTU,4G-PMY127M12-VTU,8222,427,174,ENABLED
UL_PMY127M_VTU,4G-PMY127M11-VTU,8222,426,366,ENABLED
UL_CDA024M_VTU,4G-CDA024M12-VTU,8220,28,474,ENABLED
UL_CDA024M_VTU,4G-CDA024M13-VTU,8220,29,336,ENABLED
UL_CDA024M_VTU,4G-CDA024M11-VTU,8220,27,516,ENABLED
UL_PMY139M_VTU,4G-PMY139M13-VTU,8222,401,570,ENABLED
UL_PMY139M_VTU,4G-PMY139M12-VTU,8222,400,432,ENABLED
UL_PMY139M_VTU,4G-PMY139M11-VTU,8222,399,18,ENABLED
UL_PTA036M_AGG,4G-PTA036M11-AGG,6336,33,126,ENABLED
UL_PTA036M_AGG,4G-PTA036M13-AGG,6336,35,138,ENABLED
UL_PTA036M_AGG,4G-PTA036M12-AGG,6336,34,132,ENABLED
4G-TPH024M-BTE,4G-TPH024M13-BTE,6556,102,336,ENABLED
4G-TPH024M-BTE,4G-TPH024M12-BTE,6556,103,330,ENABLED
4G-TPH024M-BTE,4G-TPH024M11-BTE,6556,104,324,ENABLED
4G-BTH248M-HCM,4G-BTH248M13-HCM,6156,260,492,ENABLED
4G-BTH248M-HCM,4G-BTH248M11-HCM,6156,258,486,ENABLED
4G-BTH248M-HCM,4G-BTH248M12-HCM,6156,259,498,ENABLED
UL_NBE088M_HCM,4G-NBE088M13-HCM,6149,172,336,ENABLED
UL_NBE088M_HCM,4G-NBE088M12-HCM,6149,173,330,ENABLED
UL_NBE088M_HCM,4G-NBE088M11-HCM,6149,171,324,ENABLED
SR_PNH042M_HCM,4G-PNH042M11-HCM,6118,180,198,ENABLED
SR_PNH042M_HCM,4G-PNH042M13-HCM,6118,181,204,ENABLED
SR_PNH042M_HCM,4G-PNH042M12-HCM,6118,182,210,ENABLED
4G-BCH003M-HCM,4G-BCH381M13-HCM,6110,38,42,ENABLED
4G-BCH003M-HCM,4G-BCH381M11-HCM,6110,36,36,ENABLED
UL_NBE098M_HCM,4G-NBE098M13-HCM,6149,404,12,ENABLED
UL_NBE098M_HCM,4G-NBE098M12-HCM,6149,403,6,ENABLED
UL_NBE098M_HCM,4G-NBE098M11-HCM,6149,402,0,ENABLED
UL_CGI037M_HCM,4G-CGI037M12-HCM,6149,277,240,ENABLED
UL_CGI037M_HCM,4G-CGI037M11-HCM,6149,276,234,ENABLED
UL_CGI037M_HCM,4G-CGI055M11-HCM,6158,15,54,ENABLED
UL_TDU237M_HCM,4G-TDU237M13-HCM,6133,188,66,ENABLED
UL_TDU237M_HCM,4G-TDU237M12-HCM,6133,187,60,ENABLED
4G-Q01901M-HCM,4G-Q01901M11-HCM,6148,62,24,ENABLED
4G-CCH084M-HCM,4G-CCH084M13-HCM,6122,210,276,ENABLED
4G-CCH084M-HCM,4G-CCH084M11-HCM,6122,212,282,ENABLED
4G-CCH084M-HCM,4G-CCH084M12-HCM,6122,211,270,ENABLED
UL_CCH123M_HCM,4G-CCH123M12-HCM,6122,22,480,ENABLED
UL_CCH123M_HCM,4G-CCH123M13-HCM,6122,21,468,ENABLED
UL_CCH123M_HCM,4G-CCH123M11-HCM,6122,23,474,ENABLED
4G-NBE008M-HCM,4G-NBE008M12-HCM,6149,5,510,ENABLED
4G-NBE008M-HCM,4G-NBE008M11-HCM,6149,3,504,ENABLED
4G-NBE008M-HCM,4G-NBE008M13-HCM,6149,4,516,ENABLED
UL_CCH116M_HCM,4G-CCH116M13-HCM,6122,204,48,ENABLED
UL_CCH116M_HCM,4G-CCH116M12-HCM,6122,205,42,ENABLED
UL_CCH116M_HCM,4G-CCH116M11-HCM,6122,206,36,ENABLED
4G-CGI021M-HCM,4G-CGI021M11-HCM,6149,197,270,ENABLED
4G-CGI021M-HCM,4G-CGI021M12-HCM,6149,196,276,ENABLED
UL_Q10137M_HCM,4G-Q10137M12-HCM,6160,184,120,ENABLED
UL_Q10137M_HCM,4G-Q10137M11-HCM,6160,183,108,ENABLED
UL_Q10137M_HCM,4G-Q10137M13-HCM,6160,185,114,ENABLED
UL_BCH285M_HCM,4G-BCH285M13-HCM,6110,272,552,ENABLED
UL_BCH285M_HCM,4G-BCH285M12-HCM,6110,271,546,ENABLED
UL_BCH285M_HCM,4G-BCH285M11-HCM,6110,270,540,ENABLED
4G-BCH192M-HCM,4G-BCH192M13-HCM,6110,23,192,ENABLED
4G-BCH192M-HCM,4G-BCH192M11-HCM,6110,21,180,ENABLED
4G-BCH192M-HCM,4G-BCH192M12-HCM,6110,22,186,ENABLED
UL_BTA161M_HCM,4G-BTA161M11-HCM,6137,266,540,ENABLED
UL_BTA161M_HCM,4G-BTA161M12-HCM,6137,265,546,ENABLED
UL_BTA161M_HCM,4G-BTA161M13-HCM,6137,264,552,ENABLED
UL_CCH205M_HCM,4G-CCH205M13-HCM,6122,50,264,ENABLED
UL_CCH205M_HCM,4G-CCH205M12-HCM,6122,49,258,ENABLED
UL_CCH205M_HCM,4G-CCH205M11-HCM,6122,48,252,ENABLED
UL_NBE097M_HCM,4G-NBE097M11-HCM,6149,120,396,ENABLED
UL_NBE097M_HCM,4G-NBE097M12-HCM,6149,121,402,ENABLED
UL_NBE097M_HCM,4G-NBE097M13-HCM,6149,122,408,ENABLED
UL_DTI102M_BDG,4G-DTI102M11-BDG,6665,330,594,ENABLED
UL_DTI102M_BDG,4G-DTI102M13-BDG,6665,332,522,ENABLED
UL_DTI102M_BDG,4G-DTI102M12-BDG,6665,331,534,ENABLED
4G-BBA096M-BDG,4G-BBA096M11-BDG,6665,382,390,ENABLED
4G-BBA096M-BDG,4G-BBA096M12-BDG,6665,383,522,ENABLED
4G-BBA096M-BDG,4G-BBA096M13-BDG,6665,381,252,ENABLED
UL_TUY237M_BDG,4G-TUY237M13-BDG,6666,416,612,ENABLED
UL_TUY237M_BDG,4G-TUY237M11-BDG,6666,414,534,ENABLED
UL_TUY237M_BDG,4G-TUY237M12-BDG,6666,415,282,ENABLED
UL_BBA084M_BDG,4G-BBA084M13-BDG,6665,194,48,ENABLED
UL_BBA084M_BDG,4G-BBA084M11-BDG,6665,192,354,ENABLED
UL_BBA084M_BDG,4G-BBA084M12-BDG,6665,193,396,ENABLED
UL_BCA261M_BDG,4G-BCA261M13-BDG,6661,386,432,ENABLED
UL_BCA261M_BDG,4G-BCA261M12-BDG,6661,385,540,ENABLED
UL_BCA261M_BDG,4G-BCA261M11-BDG,6661,384,642,ENABLED
UL_TUY234M_BDG,4G-TUY234M11-BDG,6666,327,84,ENABLED
UL_TUY234M_BDG,4G-TUY234M12-BDG,6666,328,504,ENABLED
UL_TUY234M_BDG,4G-TUY234M13-BDG,6666,329,192,ENABLED
UL_BTY044M_BDG,4G-BTY044M12-BDG,6666,199,96,ENABLED
UL_BTY044M_BDG,4G-BTY044M13-BDG,6666,200,102,ENABLED
UL_BTY044M_BDG,4G-BTY044M11-BDG,6666,198,90,ENABLED
UL_DTI106M_BDG,4G-DTI106M12-BDG,6665,333,222,ENABLED
UL_DTI106M_BDG,4G-DTI106M11-BDG,6665,334,336,ENABLED
UL_DTI106M_BDG,4G-DTI106M13-BDG,6665,335,228,ENABLED
UL_BTY058M_BDG,4G-BTY058M13-BDG,6666,29,324,ENABLED
UL_BTY058M_BDG,4G-BTY058M12-BDG,6666,28,438,ENABLED
UL_BTY058M_BDG,4G-BTY058M11-BDG,6666,27,546,ENABLED
UL_BCA283M_BDG,4G-BCA283M12-BDG,6661,262,576,ENABLED
UL_BCA283M_BDG,4G-BCA283M11-BDG,6661,261,450,ENABLED
UL_BCA283M_BDG,4G-BCA283M13-BDG,6661,263,18,ENABLED
4G-BTY084M-BDG,4G-BTY084M11-BDG,6661,375,654,ENABLED
4G-BTY084M-BDG,4G-BTY084M12-BDG,6661,376,660,ENABLED
4G-BTY084M-BDG,4G-BTY084M13-BDG,6661,377,678,ENABLED
UL_TAN187M_BDG,4G-TAN187M12-BDG,6604,50,516,ENABLED
UL_TAN187M_BDG,4G-TAN187M11-BDG,6604,48,228,ENABLED
UL_TAN187M_BDG,4G-TAN187M13-BDG,6604,49,678,ENABLED
UL_BCA286M_BDG,4G-BCA286M13-BDG,6660,404,444,ENABLED
UL_BCA286M_BDG,4G-BCA286M11-BDG,6660,402,246,ENABLED
UL_BCA286M_BDG,4G-BCA286M12-BDG,6660,403,396,ENABLED
UL_THU019M_LAN,4G-THU019M13-LAN,7550,296,426,ENABLED
UL_THU019M_LAN,4G-THU019M12-LAN,7550,295,420,ENABLED
UL_THU019M_LAN,4G-THU019M11-LAN,7550,294,414,ENABLED
UL_MHO009M_LAN,4G-MHO009M13-LAN,7550,435,432,ENABLED
UL_MHO009M_LAN,4G-MHO009M11-LAN,7550,436,444,ENABLED
UL_MHO009M_LAN,4G-MHO009M12-LAN,7550,437,438,DISABLED
UL_MHO008M_LAN,4G-MHO008M12-LAN,7550,68,552,ENABLED
UL_MHO008M_LAN,4G-MHO008M13-LAN,7550,66,540,ENABLED
UL_MHO008M_LAN,4G-MHO008M11-LAN,7550,67,546,ENABLED
UL_THO002M_LAN,4G-THO002M11-LAN,7550,345,306,ENABLED
UL_THO002M_LAN,4G-THO002M12-LAN,7550,346,312,ENABLED
UL_THO002M_LAN,4G-THO002M13-LAN,7550,347,318,ENABLED
UL_CDU055M_LAN,4G-CDU055M12-LAN,7511,46,474,ENABLED
UL_CDU055M_LAN,4G-CDU055M11-LAN,7511,45,468,ENABLED
UL_THO017M_LAN,4G-THO017M13-LAN,7550,449,12,ENABLED
UL_THO017M_LAN,4G-THO017M12-LAN,7550,448,6,ENABLED
UL_THO017M_LAN,4G-THO017M11-LAN,7550,447,0,ENABLED
UL_CDU047M_LAN,4G-CDU047M13-LAN,7511,44,102,ENABLED
UL_CDU047M_LAN,4G-CDU047M11-LAN,7511,42,90,ENABLED
UL_CDU061M_LAN,4G-CDU061M12-LAN,7511,412,636,ENABLED
UL_CDU061M_LAN,4G-CDU061M11-LAN,7511,411,630,ENABLED
UL_CDU061M_LAN,4G-CDU061M13-LAN,7511,413,642,ENABLED
4G-THO007M-LAN,4G-THO007M13-LAN,7550,442,570,ENABLED
4G-THO007M-LAN,4G-THO007M12-LAN,7550,443,558,ENABLED
4G-THO007M-LAN,4G-THO007M11-LAN,7550,441,564,ENABLED
UL_THO030M_LAN,4G-THO030M11-LAN,7550,40,588,ENABLED
UL_THO030M_LAN,4G-THO030M13-LAN,7550,39,576,ENABLED
UL_THO030M_LAN,4G-THO030M12-LAN,7550,41,582,ENABLED
UL_TTU049M_LAN,4G-TTU049M12-LAN,7549,130,168,ENABLED
UL_TTU049M_LAN,4G-TTU049M13-LAN,7549,131,174,ENABLED
UL_TTU049M_LAN,4G-TTU049M11-LAN,7549,129,162,ENABLED
UL_THU013M_LAN,4G-THU013M12-LAN,7550,82,132,ENABLED
UL_THU013M_LAN,4G-THU013M11-LAN,7550,81,138,ENABLED
UL_THU013M_LAN,4G-THU013M13-LAN,7550,83,126,ENABLED
UL_NKI157M_CTO,4G-NKI157M13-CTO,6220,59,588,ENABLED
UL_NKI157M_CTO,4G-NKI157M12-CTO,6220,58,582,ENABLED
UL_NKI157M_CTO,4G-NKI157M11-CTO,6220,57,576,ENABLED
4G-TNO070M-CTO,4G-TNO070M11-CTO,6211,8,426,ENABLED
4G-TNO070M-CTO,4G-TNO070M13-CTO,6211,6,420,ENABLED
4G-TNO070M-CTO,4G-TNO070M12-CTO,6211,7,414,ENABLED
UL_TBO032M_DNI,4G-TBO032M12-DNI,7015,220,282,ENABLED
UL_TBO032M_DNI,4G-TBO032M11-DNI,7015,219,246,ENABLED
UL_TBO032M_DNI,4G-TBO032M13-DNI,7015,221,630,ENABLED
UL_NTR070M_DNI,4G-NTR070M13-DNI,7058,398,636,ENABLED
UL_BHO018M_DNI,4G-BHO018M12-DNI,7068,79,570,ENABLED
UL_BHO060M_DNI,4G-BHO060M11-DNI,7038,378,354,ENABLED
UL_BHO060M_DNI,4G-BHO060M13-DNI,7038,380,270,ENABLED
UL_BHO059M_DNI,4G-BHO059M11-DNI,7015,72,516,ENABLED
UL_BHO059M_DNI,4G-BHO059M12-DNI,7015,73,108,ENABLED
UL_BHO140M_DNI,4G-BHO140M11-DNI,7048,159,42,ENABLED
UL_BHO140M_DNI,4G-BHO140M12-DNI,7048,160,282,ENABLED
UL_BHO140M_DNI,4G-BHO140M13-DNI,7048,161,552,ENABLED
UL_TBO042M_DNI,4G-TBO042M11-DNI,7015,333,534,ENABLED
UL_TBO042M_DNI,4G-TBO042M12-DNI,7015,334,84,ENABLED
UL_TBO042M_DNI,4G-TBO042M13-DNI,7015,335,414,ENABLED
UL_LTH147M_DNI,4G-LTH147M11-DNI,7048,285,552,ENABLED
UL_TBO041M_DNI,4G-TBO041M13-DNI,7015,209,204,ENABLED
UL_TBO041M_DNI,4G-TBO041M12-DNI,7015,208,282,ENABLED
UL_TBO041M_DNI,4G-TBO041M11-DNI,7015,207,342,ENABLED
UL_TBO169M_DNI,4G-TBO169M12-DNI,7015,223,192,ENABLED
UL_TBO169M_DNI,4G-TBO169M13-DNI,7015,224,36,ENABLED
UL_TBO169M_DNI,4G-TBO169M11-DNI,7015,222,366,ENABLED
UL_TBO149M_DNI,4G-TBO149M11-DNI,7068,405,174,ENABLED
UL_TBO149M_DNI,4G-TBO149M13-DNI,7068,407,318,ENABLED
UL_TBO149M_DNI,4G-TBO149M12-DNI,7068,406,288,ENABLED
UL_TBO141M_DNI,4G-TBO141M11-DNI,7015,57,444,ENABLED
UL_TBO141M_DNI,4G-TBO141M13-DNI,7015,59,348,ENABLED
UL_TBO141M_DNI,4G-TBO141M12-DNI,7015,58,270,ENABLED
UL_LTH007M_DNI,4G-LTH007M12-DNI,7048,217,30,ENABLED
UL_LTH007M_DNI,4G-LTH007M11-DNI,7048,216,84,ENABLED
UL_LTH007M_DNI,4G-LTH007M13-DNI,7048,218,462,ENABLED
UL_VCU100M_DNI,4G-VCU100M12-DNI,7068,229,204,ENABLED
UL_VCU100M_DNI,4G-VCU100M11-DNI,7068,228,402,ENABLED
UL_NTR113M_DNI,4G-NTR113M13-DNI,7058,32,678,ENABLED
UL_NTR113M_DNI,4G-NTR113M12-DNI,7058,31,318,ENABLED
UL_NTR128M_DNI,4G-NTR128M11-DNI,7058,270,168,ENABLED
UL_NTR128M_DNI,4G-NTR128M12-DNI,7058,271,630,ENABLED
UL_NTR128M_DNI,4G-NTR128M13-DNI,7058,272,516,ENABLED
UL_LTH018M_DNI,4G-LTH018M13-DNI,7048,59,342,ENABLED
UL_LTH018M_DNI,4G-LTH018M12-DNI,7048,58,540,ENABLED
UL_LTH018M_DNI,4G-LTH018M11-DNI,7048,57,162,ENABLED
UL_VCU099M_DNI,4G-VCU099M11-DNI,7068,165,354,ENABLED
UL_BHO422M_DNI,4G-BHO422M13-DNI,7038,134,240,ENABLED
UL_BHO422M_DNI,4G-BHO422M12-DNI,7038,133,378,ENABLED
UL_TBO154M_DNI,4G-TBO154M13-DNI,7015,269,408,ENABLED
UL_TBO154M_DNI,4G-TBO154M12-DNI,7015,268,132,ENABLED
UL_TBO154M_DNI,4G-TBO154M11-DNI,7015,267,324,ENABLED
UL_VLO036M_VLG,4G-VLO036M11-VLG,8118,427,390,ENABLED
UL_VLO036M_VLG,4G-VLO036M12-VLG,8118,426,378,ENABLED
UL_VLO036M_VLG,4G-VLO036M13-VLG,8118,428,384,ENABLED
UL_VLO044M_VLG,4G-VLO044M12-VLG,8118,108,360,ENABLED
UL_VLO044M_VLG,4G-VLO044M11-VLG,8118,109,372,ENABLED
UL_VLO044M_VLG,4G-VLO044M13-VLG,8118,110,366,ENABLED
UL_VLO017M_VLG,4G-VLO017M13-VLG,8118,167,240,ENABLED
UL_VLO017M_VLG,4G-VLO017M11-VLG,8118,166,246,ENABLED
UL_VLO017M_VLG,4G-VLO017M12-VLG,8118,165,234,ENABLED
UL_VLO030M_VLG,4G-VLO030M13-VLG,8118,293,528,ENABLED
UL_VLO030M_VLG,4G-VLO030M11-VLG,8118,292,534,ENABLED
UL_VLO030M_VLG,4G-VLO030M12-VLG,8118,291,522,ENABLED
UL_VLO013M_VLG,4G-VLO013M12-VLG,8118,382,204,ENABLED
UL_VLO013M_VLG,4G-VLO013M13-VLG,8118,383,210,ENABLED
UL_VLO029M_VLG,4G-VLO029M13-VLG,8118,449,132,ENABLED
UL_VLO029M_VLG,4G-VLO029M12-VLG,8118,447,126,ENABLED
UL_VLO029M_VLG,4G-VLO029M11-VLG,8118,448,138,ENABLED
UL_VLO049M_VLG,4G-VLO049M12-VLG,8118,23,510,ENABLED
UL_VLO049M_VLG,4G-VLO049M13-VLG,8118,21,504,ENABLED
UL_VLO049M_VLG,4G-VLO049M11-VLG,8118,22,516,ENABLED
UL_VLO057M_VLG,4G-VLO057M11-VLG,8118,257,108,ENABLED
UL_VLO057M_VLG,4G-VLO057M12-VLG,8118,255,120,ENABLED
UL_VLO057M_VLG,4G-VLO057M13-VLG,8118,256,114,ENABLED
UL_VLO037M_VLG,4G-VLO037M11-VLG,8118,178,552,ENABLED
UL_VLO037M_VLG,4G-VLO037M13-VLG,8118,179,546,ENABLED
UL_VLO037M_VLG,4G-VLO037M12-VLG,8118,177,540,ENABLED
UL_TVI010M_TVH,4G-TVI010M13-TVH,8006,255,354,ENABLED
UL_TVI010M_TVH,4G-TVI010M12-TVH,8006,257,348,ENABLED
UL_TVI010M_TVH,4G-TVI010M11-TVH,8006,256,342,ENABLED
UL_TVI003M_TVH,4G-TVI003M13-TVH,8006,420,642,ENABLED
UL_TVI003M_TVH,4G-TVI003M12-TVH,8006,422,636,ENABLED
UL_TVI003M_TVH,4G-TVI003M11-TVH,8006,421,630,ENABLED
UL_TVI018M_TVH,4G-TVI018M12-TVH,8006,269,60,ENABLED
UL_TVI018M_TVH,4G-TVI018M11-TVH,8006,268,54,ENABLED
UL_TVI018M_TVH,4G-TVI018M13-TVH,8006,267,66,ENABLED
4G-VTA053M-VTU,4G-VTA053M12-VTU,8220,166,564,ENABLED
4G-VTA053M-VTU,4G-VTA053M13-VTU,8220,167,204,ENABLED
UL_VTA227M_VTU,4G-VTA227M11-VTU,8220,276,564,ENABLED
UL_VTA227M_VTU,4G-VTA227M12-VTU,8220,277,294,ENABLED
UL_VTA227M_VTU,4G-VTA227M13-VTU,8220,278,480,ENABLED
UL_PMY063M_VTU,4G-PMY063M11-VTU,8222,303,156,ENABLED
UL_PMY063M_VTU,4G-PMY063M12-VTU,8222,304,606,ENABLED
UL_CDA006M_VTU,4G-CDA006M12-VTU,8220,445,528,DISABLED
UL_CDA006M_VTU,4G-CDA006M13-VTU,8220,446,288,ENABLED
UL_CDA006M_VTU,4G-CDA006M11-VTU,8220,444,396,ENABLED
4G-PMY135M-VTU,4G-PMY135M12-VTU,8222,70,444,ENABLED
4G-PMY135M-VTU,4G-PMY135M13-VTU,8222,71,66,ENABLED
4G-PMY135M-VTU,4G-PMY135M11-VTU,8222,69,378,ENABLED
UL_PMY141M_VTU,4G-PMY141M13-VTU,8222,443,324,ENABLED
UL_PMY141M_VTU,4G-PMY141M12-VTU,8222,442,342,ENABLED
UL_PMY141M_VTU,4G-PMY141M11-VTU,8222,441,618,ENABLED
UL_BRI071M_VTU,4G-BRI071M12-VTU,8222,304,612,ENABLED
UL_BRI071M_VTU,4G-BRI071M11-VTU,8222,303,474,ENABLED
UL_VTA031M_VTU,4G-VTA031M12-VTU,8220,346,168,ENABLED
UL_VTA031M_VTU,4G-VTA031M13-VTU,8220,347,438,ENABLED
UL_VTA233M_VTU,4G-VTA233M11-VTU,8220,438,72,ENABLED
UL_VTA233M_VTU,4G-VTA233M13-VTU,8220,440,432,ENABLED
UL_VTA233M_VTU,4G-VTA233M12-VTU,8220,439,66,ENABLED
UL_PMY129M_VTU,4G-PMY129M12-VTU,8222,247,114,ENABLED
UL_PMY129M_VTU,4G-PMY129M13-VTU,8222,248,354,ENABLED
UL_PMY129M_VTU,4G-PMY129M11-VTU,8222,246,150,ENABLED
UL_LXU025M_AGG,4G-LXU025M12-AGG,6309,397,630,ENABLED
UL_LXU075M_AGG,4G-LXU075M13-AGG,6309,314,192,ENABLED
UL_LXU075M_AGG,4G-LXU075M12-AGG,6309,313,186,ENABLED
4G-APH001M-AGG,4G-APH001M11-AGG,6336,1,444,ENABLED
4G-APH001M-AGG,4G-APH001M12-AGG,6336,2,438,ENABLED
4G-LXU027M-AGG,4G-LXU027M11-AGG,6309,104,390,ENABLED
4G-LXU027M-AGG,4G-LXU027M13-AGG,6309,102,384,ENABLED
UL_APH069M_AGG,4G-APH069M13-AGG,6336,125,462,ENABLED
UL_APH069M_AGG,4G-APH069M12-AGG,6336,124,456,ENABLED
UL_APH069M_AGG,4G-APH069M11-AGG,6336,123,450,ENABLED
UL_TDU087M_HCM,4G-TDU087M13-HCM,6133,220,330,ENABLED
UL_TDU087M_HCM,4G-TDU087M11-HCM,6133,219,324,ENABLED
UL_TDU087M_HCM,4G-TDU087M12-HCM,6133,221,336,ENABLED
UL_NBE059M_HCM,4G-NBE059M11-HCM,6111,327,486,ENABLED
UL_NBE059M_HCM,4G-NBE059M12-HCM,6111,328,492,ENABLED
UL_NBE059M_HCM,4G-NBE059M13-HCM,6111,329,498,ENABLED
SR_PNH006M_HCM,4G-PNH006M11-HCM,6118,87,90,ENABLED
SR_PNH006M_HCM,4G-PNH006M13-HCM,6118,88,102,ENABLED
SR_PNH006M_HCM,4G-PNH006M12-HCM,6118,89,96,ENABLED
UL_TDU317M_HCM,4G-TDU317M12-HCM,6167,49,276,ENABLED
UL_TDU317M_HCM,4G-TDU317M11-HCM,6167,48,270,ENABLED
UL_TDU317M_HCM,4G-TDU317M13-HCM,6167,50,282,ENABLED
4G-Q01903M-HCM,4G-Q01903M11-HCM,6148,77,270,ENABLED
4G-Q01903M-HCM,4G-Q01903M13-HCM,6148,76,282,ENABLED
4G-Q01903M-HCM,4G-Q01903M12-HCM,6148,75,276,ENABLED
UL_BTA059M_HCM,4G-BTA059M11-HCM,6137,359,348,ENABLED
UL_BTA059M_HCM,4G-BTA059M13-HCM,6137,357,342,ENABLED
SR_TDU123M_HCM,4G-TDU123M13-HCM,6133,109,234,ENABLED
SR_TDU123M_HCM,4G-TDU123M12-HCM,6133,110,246,ENABLED
SR_TDU123M_HCM,4G-TDU123M11-HCM,6133,108,240,ENABLED
UL_Q02176M_HCM,4G-Q02176M11-HCM,6114,117,18,ENABLED
UL_Q02176M_HCM,4G-Q02176M12-HCM,6114,118,24,ENABLED
UL_Q02176M_HCM,4G-Q02176M13-HCM,6114,119,30,ENABLED
UL_Q07119M_HCM,4G-Q07119M11-HCM,6150,66,306,ENABLED
UL_Q07119M_HCM,4G-Q07119M12-HCM,6150,68,318,ENABLED
UL_Q07119M_HCM,4G-Q07119M13-HCM,6150,67,312,ENABLED
SR_Q04016M_HCM,4G-Q04016M13-HCM,6165,286,18,ENABLED
SR_Q04016M_HCM,4G-Q04016M11-HCM,6165,285,24,ENABLED
SR_Q04016M_HCM,4G-Q04016M12-HCM,6165,287,30,ENABLED
UL_TDU319M_HCM,4G-TDU319M13-HCM,6133,104,264,ENABLED
UL_TDU319M_HCM,4G-TDU319M12-HCM,6133,103,258,ENABLED
UL_Q12250M_HCM,4G-Q12250M11-HCM,6112,222,486,ENABLED
UL_Q12250M_HCM,4G-Q12250M13-HCM,6112,224,498,ENABLED
UL_Q12250M_HCM,4G-Q12250M12-HCM,6112,223,492,ENABLED
UL_Q07089M_HCM,4G-Q07089M11-HCM,6150,354,216,ENABLED
UL_Q07089M_HCM,4G-Q07089M12-HCM,6150,356,222,ENABLED
UL_Q07089M_HCM,4G-Q07089M13-HCM,6150,355,228,ENABLED
SR_Q04019M_HCM,4G-Q04019M13-HCM,6165,313,474,ENABLED
SR_Q04019M_HCM,4G-Q04019M12-HCM,6165,314,480,ENABLED
SR_Q04019M_HCM,4G-Q04019M11-HCM,6165,312,468,ENABLED
UL_Q12251M_HCM,4G-Q12251M12-HCM,6133,109,474,ENABLED
UL_Q12251M_HCM,4G-Q12251M13-HCM,6133,110,480,ENABLED
UL_Q12251M_HCM,4G-Q12251M11-HCM,6133,108,468,ENABLED
4G-Q11038M-HCM,4G-Q11038M13-HCM,6164,156,138,ENABLED
4G-Q11038M-HCM,4G-Q11038M11-HCM,6164,157,126,ENABLED
4G-Q11038M-HCM,4G-Q11038M12-HCM,6164,158,132,ENABLED
UL_Q07333M_HCM,4G-Q07333M11-HCM,6111,372,306,ENABLED
UL_Q07333M_HCM,4G-Q07333M13-HCM,6111,374,318,ENABLED
UL_Q07333M_HCM,4G-Q07333M12-HCM,6111,373,312,ENABLED
UL_MTH137M_TGG,4G-MTH137M13-TGG,7991,68,264,ENABLED
UL_MTH137M_TGG,4G-MTH137M11-TGG,7991,66,252,ENABLED
UL_MTH137M_TGG,4G-MTH137M12-TGG,7991,67,258,ENABLED
4G-MTH019M-TGG,4G-MTH019M13-TGG,7991,323,66,ENABLED
4G-MTH019M-TGG,4G-MTH019M12-TGG,7991,322,54,ENABLED
4G-MTH039M-TGG,4G-MTH039M13-TGG,7991,260,480,ENABLED
UL_MTH139M_TGG,4G-MTH139M13-TGG,7991,122,138,ENABLED
UL_MTH139M_TGG,4G-MTH139M12-TGG,7991,121,132,ENABLED
UL_MTH139M_TGG,4G-MTH139M11-TGG,7991,120,126,ENABLED
4G-MTH024M-TGG,4G-MTH024M13-TGG,7991,326,516,ENABLED
4G-MTH040M-TGG,4G-MTH040M11-TGG,7991,315,348,ENABLED
4G-MTH040M-TGG,4G-MTH040M12-TGG,7991,316,342,ENABLED
UL_BCA253M_BDG,4G-BCA253M11-BDG,6661,249,432,ENABLED
UL_BCA253M_BDG,4G-BCA253M13-BDG,6661,251,12,ENABLED
UL_BCA253M_BDG,4G-BCA253M12-BDG,6661,250,42,ENABLED
UL_BCA156M_BDG,4G-BCA156M12-BDG,6661,409,138,ENABLED
UL_BCA156M_BDG,4G-BCA156M13-BDG,6661,410,84,ENABLED
UL_BCA147M_BDG,4G-BCA147M13-BDG,6661,269,78,ENABLED
UL_BCA147M_BDG,4G-BCA147M12-BDG,6661,268,642,ENABLED
UL_BCA147M_BDG,4G-BCA147M11-BDG,6661,267,504,ENABLED
UL_TUY223M_BDG,4G-TUY223M13-BDG,6666,260,126,ENABLED
UL_TUY223M_BDG,4G-TUY223M12-BDG,6666,259,342,ENABLED
UL_TUY223M_BDG,4G-TUY223M11-BDG,6666,258,636,ENABLED
UL_BCA252M_BDG,4G-BCA252M11-BDG,6661,174,84,ENABLED
UL_BCA252M_BDG,4G-BCA252M13-BDG,6661,176,468,ENABLED
UL_BCA252M_BDG,4G-BCA252M12-BDG,6661,175,120,ENABLED
UL_BCA262M_BDG,4G-BCA262M11-BDG,6660,273,534,ENABLED
UL_BCA262M_BDG,4G-BCA262M13-BDG,6660,275,612,ENABLED
UL_BCA262M_BDG,4G-BCA262M12-BDG,6660,274,42,ENABLED
UL_TAN019M_BDG,4G-TAN019M13-BDG,6663,203,300,ENABLED
UL_TAN019M_BDG,4G-TAN019M12-BDG,6663,202,420,ENABLED
UL_TAN019M_BDG,4G-TAN019M11-BDG,6663,201,240,ENABLED
UL_BCA260M_BDG,4G-BCA260M11-BDG,6661,282,96,ENABLED
UL_BCA260M_BDG,4G-BCA260M12-BDG,6661,283,444,ENABLED
UL_BCA260M_BDG,4G-BCA260M13-BDG,6661,284,312,ENABLED
UL_TUY183M_BDG,4G-TUY183M11-BDG,6666,261,486,ENABLED
UL_TUY183M_BDG,4G-TUY183M13-BDG,6666,263,282,ENABLED
UL_TUY183M_BDG,4G-TUY183M12-BDG,6666,262,492,ENABLED
UL_TDM218M_BDG,4G-TDM218M12-BDG,6663,1,390,ENABLED
UL_TDM218M_BDG,4G-TDM218M13-BDG,6663,2,366,ENABLED
UL_TDM218M_BDG,4G-TDM218M11-BDG,6663,0,270,ENABLED
UL_TUY055M_BDG,4G-TUY055M13-BDG,6666,146,126,ENABLED
UL_TUY055M_BDG,4G-TUY055M11-BDG,6666,144,522,ENABLED
UL_TUY055M_BDG,4G-TUY055M12-BDG,6666,145,276,ENABLED
UL_DAN164M_BDG,4G-DAN164M12-BDG,6604,256,414,ENABLED
UL_DAN164M_BDG,4G-DAN164M11-BDG,6604,255,564,ENABLED
UL_DAN164M_BDG,4G-DAN164M13-BDG,6604,257,300,ENABLED
UL_BCA255M_BDG,4G-BCA255M12-BDG,6660,241,498,ENABLED
UL_BCA255M_BDG,4G-BCA255M11-BDG,6660,240,36,ENABLED
UL_BCA255M_BDG,4G-BCA255M13-BDG,6660,242,390,ENABLED
UL_TUY228M_BDG,4G-TUY228M13-BDG,6666,287,588,ENABLED
UL_TUY228M_BDG,4G-TUY228M12-BDG,6666,286,330,ENABLED
UL_TUY228M_BDG,4G-TUY228M11-BDG,6666,285,138,ENABLED
UL_TUY220M_BDG,4G-TUY220M13-BDG,6666,392,528,ENABLED
UL_TUY220M_BDG,4G-TUY220M12-BDG,6666,391,18,ENABLED
UL_TUY220M_BDG,4G-TUY220M11-BDG,6666,390,240,ENABLED
UL_DAN144M_BDG,4G-DAN144M12-BDG,6604,325,84,ENABLED
UL_DAN144M_BDG,4G-DAN144M11-BDG,6604,324,276,ENABLED
UL_DAN144M_BDG,4G-DAN144M13-BDG,6604,326,420,ENABLED
UL_BCA264M_BDG,4G-BCA264M13-BDG,6661,248,528,ENABLED
UL_BCA264M_BDG,4G-BCA264M12-BDG,6661,247,108,ENABLED
UL_BCA264M_BDG,4G-BCA264M11-BDG,6661,246,72,ENABLED
UL_TDM205M_BDG,4G-TDM205M13-BDG,6660,440,342,ENABLED
UL_TDM205M_BDG,4G-TDM205M12-BDG,6660,439,30,ENABLED
UL_TDM205M_BDG,4G-TDM205M11-BDG,6660,438,162,ENABLED
UL_BCA254M_BDG,4G-BCA254M13-BDG,6661,131,222,ENABLED
UL_BCA254M_BDG,4G-BCA254M12-BDG,6661,130,114,ENABLED
UL_BCA254M_BDG,4G-BCA254M11-BDG,6661,129,180,ENABLED
UL_DAN046M_BDG,4G-DAN046M13-BDG,6604,356,84,ENABLED
UL_DAN046M_BDG,4G-DAN046M12-BDG,6604,355,582,ENABLED
UL_DAN046M_BDG,4G-DAN046M11-BDG,6604,354,534,ENABLED
UL_DAN163M_BDG,4G-DAN163M13-BDG,6604,275,540,ENABLED
UL_DAN163M_BDG,4G-DAN163M11-BDG,6604,273,504,ENABLED
UL_DAN163M_BDG,4G-DAN163M12-BDG,6604,274,204,ENABLED
UL_TDM219M_BDG,4G-TDM219M13-BDG,6661,125,618,ENABLED
UL_TDM219M_BDG,4G-TDM219M12-BDG,6661,124,204,ENABLED
UL_TDM219M_BDG,4G-TDM219M11-BDG,6661,123,54,ENABLED
UL_BCA095M_BDG,4G-BCA095M12-BDG,6661,424,654,ENABLED
UL_DAN167M_BDG,4G-DAN167M13-BDG,6604,161,498,ENABLED
UL_DAN167M_BDG,4G-DAN167M11-BDG,6604,159,636,ENABLED
UL_DAN167M_BDG,4G-DAN167M12-BDG,6604,160,282,ENABLED
UL_BCA100M_BDG,4G-BCA100M11-BDG,6661,315,6,ENABLED
UL_BCA100M_BDG,4G-BCA100M13-BDG,6661,317,198,ENABLED
UL_BTY011M_BDG,4G-BTY011M13-BDG,6666,149,558,ENABLED
UL_BTY011M_BDG,4G-BTY011M12-BDG,6666,148,138,ENABLED
UL_BTY011M_BDG,4G-BTY011M11-BDG,6666,147,636,ENABLED
UL_BCA258M_BDG,4G-BCA258M12-BDG,6661,364,336,ENABLED
UL_BCA258M_BDG,4G-BCA258M13-BDG,6661,365,108,ENABLED
UL_BCA258M_BDG,4G-BCA258M11-BDG,6661,363,18,ENABLED
UL_TUY224M_BDG,4G-TUY224M12-BDG,6666,31,252,ENABLED
UL_TUY224M_BDG,4G-TUY224M13-BDG,6666,32,114,ENABLED
UL_TUY224M_BDG,4G-TUY224M11-BDG,6666,30,108,ENABLED
UL_TUY226M_BDG,4G-TUY226M11-BDG,6666,228,54,ENABLED
UL_TUY226M_BDG,4G-TUY226M13-BDG,6666,230,24,ENABLED
UL_TUY226M_BDG,4G-TUY226M12-BDG,6666,229,156,ENABLED
UL_PGI042M_BDG,4G-PGI042M13-BDG,6665,47,396,ENABLED
UL_PGI042M_BDG,4G-PGI042M12-BDG,6665,46,432,ENABLED
UL_PGI042M_BDG,4G-PGI042M11-BDG,6665,45,546,ENABLED
UL_BCA265M_BDG,4G-BCA265M12-BDG,6661,295,126,ENABLED
UL_BCA265M_BDG,4G-BCA265M11-BDG,6661,294,120,ENABLED
UL_BCA265M_BDG,4G-BCA265M13-BDG,6661,296,294,ENABLED
UL_TUY217M_BDG,4G-TUY217M12-BDG,6660,370,396,ENABLED
UL_TUY217M_BDG,4G-TUY217M13-BDG,6660,371,330,ENABLED
UL_TUY217M_BDG,4G-TUY217M11-BDG,6660,369,420,ENABLED
UL_TUY218M_BDG,4G-TUY218M11-BDG,6666,24,186,ENABLED
UL_TUY218M_BDG,4G-TUY218M12-BDG,6666,25,318,ENABLED
UL_TUY218M_BDG,4G-TUY218M13-BDG,6666,26,72,ENABLED
UL_BCA087M_BDG,4G-BCA087M12-BDG,6661,370,492,ENABLED
UL_BCA087M_BDG,4G-BCA087M13-BDG,6661,371,0,ENABLED
UL_TDM029M_BDG,4G-TDM029M13-BDG,6660,251,312,ENABLED
UL_TDM029M_BDG,4G-TDM029M12-BDG,6660,250,486,ENABLED
UL_TDM029M_BDG,4G-TDM029M11-BDG,6660,249,384,ENABLED
UL_TDM215M_BDG,4G-TDM215M11-BDG,6660,321,570,ENABLED
UL_TDM215M_BDG,4G-TDM215M13-BDG,6660,323,468,ENABLED
UL_TDM215M_BDG,4G-TDM215M12-BDG,6660,322,258,ENABLED
UL_TUY225M_BDG,4G-TUY225M12-BDG,6666,148,150,ENABLED
UL_TUY225M_BDG,4G-TUY225M11-BDG,6666,147,90,ENABLED
UL_TUY225M_BDG,4G-TUY225M13-BDG,6666,149,360,ENABLED
UL_TDM063M_BDG,4G-TDM063M13-BDG,6660,263,192,ENABLED
UL_TDM063M_BDG,4G-TDM063M12-BDG,6660,262,138,ENABLED
UL_TDM063M_BDG,4G-TDM063M11-BDG,6660,261,18,ENABLED
UL_DAN166M_BDG,4G-DAN166M13-BDG,6604,119,240,ENABLED
UL_DAN166M_BDG,4G-DAN166M11-BDG,6604,117,396,ENABLED
UL_DAN166M_BDG,4G-DAN166M12-BDG,6604,118,6,ENABLED
UL_BCA144M_BDG,4G-BCA144M11-BDG,6661,396,438,ENABLED
UL_BCA144M_BDG,4G-BCA144M12-BDG,6661,397,450,ENABLED
UL_TUY144M_BDG,4G-TUY144M13-BDG,6666,119,612,ENABLED
UL_TUY144M_BDG,4G-TUY144M11-BDG,6666,117,396,ENABLED
UL_TUY144M_BDG,4G-TUY144M12-BDG,6666,118,594,ENABLED
UL_TUY219M_BDG,4G-TUY219M12-BDG,6666,406,276,ENABLED
UL_TUY219M_BDG,4G-TUY219M13-BDG,6666,407,90,ENABLED
UL_TUY219M_BDG,4G-TUY219M11-BDG,6666,405,156,ENABLED
UL_TAN036M_BDG,4G-TAN036M11-BDG,6604,393,600,ENABLED
UL_TAN036M_BDG,4G-TAN036M13-BDG,6604,395,234,ENABLED
UL_TAN036M_BDG,4G-TAN036M12-BDG,6604,394,462,ENABLED
UL_BCA259M_BDG,4G-BCA259M13-BDG,6661,305,216,ENABLED
UL_BCA259M_BDG,4G-BCA259M11-BDG,6661,303,12,ENABLED
UL_BCA259M_BDG,4G-BCA259M12-BDG,6661,304,282,ENABLED
UL_BCA263M_BDG,4G-BCA263M11-BDG,6661,57,270,ENABLED
UL_BCA263M_BDG,4G-BCA263M12-BDG,6661,58,186,ENABLED
UL_BCA263M_BDG,4G-BCA263M13-BDG,6661,59,78,ENABLED
UL_TAN171M_BDG,4G-TAN171M12-BDG,6663,46,120,ENABLED
UL_TAN171M_BDG,4G-TAN171M11-BDG,6663,45,192,ENABLED
UL_TAN171M_BDG,4G-TAN171M13-BDG,6663,47,420,ENABLED
UL_BCA210M_BDG,4G-BCA210M11-BDG,6661,348,330,ENABLED
UL_BCA210M_BDG,4G-BCA210M12-BDG,6661,349,630,ENABLED
UL_BCA210M_BDG,4G-BCA210M13-BDG,6661,350,456,ENABLED
UL_BCA266M_BDG,4G-BCA266M13-BDG,6661,113,288,ENABLED
UL_BCA266M_BDG,4G-BCA266M12-BDG,6661,112,576,ENABLED
UL_BCA266M_BDG,4G-BCA266M11-BDG,6661,111,180,ENABLED
UL_BBA026M_BDG,4G-BBA026M13-BDG,6665,188,582,ENABLED
UL_BBA026M_BDG,4G-BBA026M11-BDG,6665,186,144,ENABLED
UL_BBA026M_BDG,4G-BBA026M12-BDG,6665,187,324,ENABLED
UL_BCA256M_BDG,4G-BCA256M12-BDG,6661,52,630,ENABLED
UL_BCA256M_BDG,4G-BCA256M11-BDG,6661,51,210,ENABLED
UL_BCA256M_BDG,4G-BCA256M13-BDG,6661,53,204,ENABLED
UL_TUY229M_BDG,4G-TUY229M12-BDG,6666,343,102,ENABLED
UL_TUY229M_BDG,4G-TUY229M11-BDG,6666,342,354,ENABLED
UL_TUY229M_BDG,4G-TUY229M13-BDG,6666,344,366,ENABLED
UL_DHO160M_LAN,4G-DHO160M11-LAN,7549,369,342,ENABLED
UL_DHO160M_LAN,4G-DHO160M12-LAN,7549,370,348,ENABLED
UL_DHO160M_LAN,4G-DHO160M13-LAN,7549,371,354,ENABLED
UL_TTU023M_LAN,4G-TTU023M13-LAN,7549,421,228,ENABLED
UL_TTU023M_LAN,4G-TTU023M12-LAN,7549,422,216,ENABLED
UL_TTU023M_LAN,4G-TTU023M11-LAN,7549,420,222,ENABLED
LN-DAN014M-BDG,4G-DAN014M12-BDG,6604,436,282,ENABLED
LN-DAN014M-BDG,4G-DAN014M11-BDG,6604,435,552,ENABLED
LN-DAN014M-BDG,4G-DAN014M13-BDG,6604,437,492,ENABLED
LN-TDM113M-BDG,4G-TDM113M13-BDG,6660,353,210,ENABLED
LN-TDM113M-BDG,4G-TDM113M12-BDG,6660,352,450,ENABLED
LN-TDM113M-BDG,4G-TDM113M11-BDG,6660,351,630,ENABLED
LN-TDM126M-BDG,4G-TDM126M11-BDG,6660,294,504,ENABLED
LN-TDM126M-BDG,4G-TDM126M13-BDG,6660,296,348,ENABLED
LN-TDM126M-BDG,4G-TDM126M12-BDG,6660,295,408,ENABLED
LN-BBA036M-BDG,4G-BBA036M11-BDG,6665,315,408,ENABLED
LN-BBA036M-BDG,4G-BBA036M13-BDG,6665,317,456,ENABLED
LN-BBA036M-BDG,4G-BBA036M12-BDG,6665,316,570,ENABLED
LN-TAN010M-BDG,4G-TAN010M13-BDG,6663,233,228,ENABLED
LN-TAN010M-BDG,4G-TAN010M11-BDG,6663,231,264,ENABLED
LN-TAN010M-BDG,4G-TAN010M12-BDG,6663,232,222,DISABLED
LN-DAN021M-BDG,4G-DAN021M11-BDG,6604,3,72,ENABLED
LN-DAN021M-BDG,4G-DAN021M13-BDG,6604,5,222,ENABLED
LN-DAN021M-BDG,4G-DAN021M12-BDG,6604,4,414,ENABLED
LN-TDM225M-BDG,4G-TDM225M13-BDG,6660,404,12,ENABLED
LN-TDM225M-BDG,4G-TDM225M12-BDG,6660,403,564,ENABLED
LN-TDM225M-BDG,4G-TDM225M11-BDG,6660,402,384,ENABLED
LN-TDM112M-BDG,4G-TDM112M12-BDG,6663,430,306,ENABLED
LN-TDM112M-BDG,4G-TDM112M11-BDG,6663,429,90,ENABLED
LN-TDM112M-BDG,4G-TDM112M13-BDG,6663,431,36,ENABLED
SL-TVI030M-TVH,4G-TVI030M11-TVH,8006,189,378,ENABLED
SL-TVI030M-TVH,4G-TVI030M12-TVH,8006,191,384,ENABLED
SL-TVI030M-TVH,4G-TVI030M13-TVH,8006,190,390,ENABLED
SL-TVI032M-TVH,4G-TVI032M11-TVH,8006,353,36,ENABLED
SL-TVI032M-TVH,4G-TVI032M13-TVH,8006,351,48,ENABLED
SL-TVI032M-TVH,4G-TVI032M12-TVH,8006,352,42,ENABLED
SL-TVI039M-TVH,4G-TVI039M11-TVH,8006,252,198,ENABLED
SL-TVI039M-TVH,4G-TVI039M13-TVH,8006,254,210,ENABLED
SL-TVI039M-TVH,4G-TVI039M12-TVH,8006,253,204,ENABLED
SL-TVI019M-TVH,4G-TVI019M13-TVH,8006,33,336,ENABLED
SL-TVI019M-TVH,4G-TVI019M12-TVH,8006,35,330,ENABLED
SL-TVI019M-TVH,4G-TVI019M11-TVH,8006,34,324,ENABLED
LN-Q02032M-HCM,4G-Q02032M13-HCM,6114,416,186,ENABLED
LN-Q02032M-HCM,4G-Q02032M11-HCM,6114,414,180,ENABLED
LN-Q07140M-HCM,4G-Q07140M11-HCM,6150,273,150,ENABLED
LN-Q07140M-HCM,4G-Q07140M13-HCM,6150,274,156,ENABLED
LN-Q07140M-HCM,4G-Q07140M12-HCM,6150,275,144,ENABLED
LN-CDO020M-AGG,4G-CDO020M12-AGG,6336,293,186,ENABLED
LN-CDO020M-AGG,4G-CDO020M11-AGG,6336,292,192,ENABLED
LN-CDO020M-AGG,4G-CDO020M13-AGG,6336,291,180,ENABLED
LN-CTH006M-AGG,4G-CTH202M12-AGG,6307,4,168,ENABLED
LN-CTH006M-AGG,4G-CTH006M12-AGG,6307,235,630,ENABLED
LN-CTH006M-AGG,4G-CTH006M13-AGG,6307,234,636,ENABLED
LN-CTH006M-AGG,4G-CTH202M11-AGG,6307,5,174,ENABLED
UL_NKI118M_CTO,4G-NKI118M13-CTO,6220,235,294,ENABLED
UL_NKI118M_CTO,4G-NKI118M12-CTO,6220,236,300,ENABLED
UL_NKI118M_CTO,4G-NKI118M11-CTO,6220,234,288,ENABLED
4G-NKI126M-CTO,4G-NKI126M13-CTO,6222,112,186,ENABLED
4G-NKI126M-CTO,4G-NKI126M12-CTO,6222,113,192,ENABLED
4G-NKI126M-CTO,4G-NKI126M11-CTO,6222,111,180,ENABLED
4G-VTH002M-CTO,4G-VTH002M12-CTO,6211,85,654,ENABLED
4G-CRA068M-CTO,4G-CRA068M12-CTO,6220,5,102,ENABLED
4G-CRA068M-CTO,4G-CRA068M11-CTO,6220,3,90,ENABLED
4G-BTH040M-CTO,4G-BTH040M13-CTO,6220,283,366,ENABLED
4G-BTH040M-CTO,4G-NKI209M13-CTO,6220,284,372,ENABLED
4G-BTH040M-CTO,4G-BTH040M11-CTO,6220,282,360,ENABLED
4G-CRA038M-CTO,4G-CRA038M12-CTO,6220,86,210,ENABLED
4G-CRA038M-CTO,4G-CRA038M13-CTO,6220,85,204,ENABLED
4G-CRA038M-CTO,4G-CRA038M11-CTO,6220,84,198,ENABLED
4G-NKI055M-CTO,4G-NKI055M12-CTO,6222,46,408,ENABLED
4G-NKI055M-CTO,4G-NKI055M11-CTO,6222,45,396,ENABLED
4G-NKI055M-CTO,4G-NKI055M13-CTO,6222,47,402,ENABLED
4G-NKI034M-CTO,4G-NKI034M13-CTO,6220,23,168,ENABLED
4G-NKI034M-CTO,4G-NKI034M12-CTO,6220,22,174,ENABLED
4G-NKI034M-CTO,4G-NKI034M11-CTO,6220,21,162,ENABLED
UL_CRA062M_CTO,4G-CRA062M11-CTO,6220,168,18,ENABLED
4G-NKI153M-CTO,4G-NKI153M12-CTO,6220,26,336,ENABLED
4G-NKI153M-CTO,4G-NKI153M11-CTO,6220,24,324,ENABLED
4G-NKI153M-CTO,4G-NKI153M13-CTO,6220,25,330,ENABLED
UL_BHO174M_DNI,4G-BHO174M12-DNI,7048,235,480,ENABLED
UL_BHO174M_DNI,4G-BHO174M11-DNI,7048,234,36,ENABLED
UL_BHO174M_DNI,4G-BHO174M13-DNI,7048,236,276,ENABLED
4G-LTH120M-DNI,4G-LTH120M13-DNI,7048,17,330,ENABLED
4G-LTH120M-DNI,4G-LTH120M11-DNI,7048,15,114,ENABLED
4G-LTH120M-DNI,4G-LTH120M12-DNI,7048,16,258,ENABLED
4G-NTR013M-DNI,4G-NTR013M12-DNI,7058,43,276,ENABLED
4G-NTR013M-DNI,4G-NTR013M11-DNI,7058,42,426,ENABLED
4G-NTR013M-DNI,4G-NTR013M13-DNI,7058,44,594,ENABLED
UL_BHO263M_DNI,4G-BHO263M13-DNI,7013,332,480,ENABLED
UL_BHO263M_DNI,4G-BHO263M11-DNI,7013,330,150,ENABLED
UL_BHO263M_DNI,4G-BHO263M12-DNI,7013,331,246,ENABLED
UL_BHO068M_DNI,4G-BHO068M13-DNI,7038,398,24,ENABLED
UL_BHO068M_DNI,4G-BHO068M11-DNI,7038,396,126,ENABLED
UL_BHO068M_DNI,4G-BHO068M12-DNI,7038,397,618,ENABLED
4G-NTR110M-DNI,4G-NTR110M12-DNI,7058,7,228,ENABLED
4G-NTR110M-DNI,4G-NTR110M13-DNI,7058,8,294,ENABLED
4G-NTR110M-DNI,4G-NTR110M11-DNI,7058,6,84,ENABLED
UL_BHO318M_DNI,4G-BHO318M12-DNI,7013,58,12,ENABLED
UL_BHO318M_DNI,4G-BHO318M13-DNI,7013,59,264,ENABLED
UL_BHO318M_DNI,4G-BHO318M11-DNI,7013,57,348,ENABLED
UL_NTR021M_DNI,4G-NTR021M12-DNI,7058,55,216,ENABLED
UL_NTR021M_DNI,4G-NTR021M11-DNI,7058,54,204,ENABLED
UL_NTR021M_DNI,4G-NTR021M13-DNI,7058,56,282,ENABLED
UL_VCU065M_DNI,4G-VCU065M13-DNI,7068,362,318,ENABLED
UL_VCU065M_DNI,4G-VCU065M12-DNI,7068,361,150,ENABLED
UL_VCU065M_DNI,4G-VCU065M11-DNI,7068,360,114,ENABLED
UL_LTH094M_DNI,4G-LTH094M11-DNI,7048,63,246,ENABLED
UL_LTH094M_DNI,4G-LTH094M13-DNI,7048,65,240,ENABLED
UL_LTH094M_DNI,4G-LTH094M12-DNI,7048,64,234,ENABLED
UL_LTH108M_DNI,4G-LTH108M12-DNI,7048,121,48,ENABLED
UL_LTH108M_DNI,4G-LTH108M11-DNI,7048,120,174,ENABLED
UL_LTH108M_DNI,4G-LTH108M13-DNI,7048,122,150,ENABLED
4G-NTR118M-DNI,4G-NTR118M13-DNI,7058,72,378,ENABLED
4G-NTR118M-DNI,4G-NTR118M12-DNI,7058,71,198,ENABLED
4G-NTR118M-DNI,4G-NTR118M11-DNI,7058,70,126,ENABLED
4G-NTR103M-DNI,4G-NTR103M11-DNI,7058,447,216,ENABLED
4G-NTR103M-DNI,4G-NTR103M12-DNI,7058,448,252,ENABLED
4G-NTR103M-DNI,4G-NTR103M13-DNI,7058,449,288,ENABLED
UL_NTR071M_DNI,4G-NTR071M12-DNI,7058,355,360,ENABLED
UL_NTR071M_DNI,4G-NTR071M11-DNI,7058,354,240,ENABLED
4G-LTH005M-DNI,4G-LTH005M13-DNI,7014,326,456,ENABLED
4G-LTH005M-DNI,4G-LTH005M12-DNI,7014,325,630,ENABLED
4G-LTH005M-DNI,4G-LTH005M11-DNI,7014,324,306,ENABLED
4G-XLO221M-DNI,4G-XLO221M13-DNI,7013,422,78,ENABLED
4G-XLO221M-DNI,4G-XLO221M12-DNI,7013,421,228,ENABLED
4G-XLO221M-DNI,4G-XLO221M11-DNI,7013,420,456,ENABLED
UL_BHO042M_DNI,4G-BHO042M13-DNI,7013,296,624,ENABLED
UL_BHO042M_DNI,4G-BHO042M12-DNI,7013,295,462,ENABLED
UL_BHO042M_DNI,4G-BHO042M11-DNI,7013,294,30,ENABLED
UL_LTH103M_DNI,4G-LTH103M12-DNI,7048,214,216,ENABLED
UL_LTH103M_DNI,4G-LTH103M13-DNI,7048,215,588,ENABLED
UL_LTH103M_DNI,4G-LTH103M11-DNI,7048,213,168,ENABLED
4G-LTH192M-DNI,4G-LTH192M13-DNI,7048,251,354,ENABLED
4G-LTH192M-DNI,4G-LTH192M11-DNI,7048,249,342,ENABLED
4G-LTH192M-DNI,4G-LTH192M12-DNI,7048,250,348,ENABLED
