Sitename,Cellname,Lat,Lon,Height,Azimuth,M-Tilt,E-Tilt,TotalTilt
4G-APH002M-AGG,4G-APH002M11-AGG,10.935733,105.103591,37.5,40,0,60,6
4G-APH002M-AGG,4G-APH002M13-AGG,10.935733,105.103591,37.5,220,0,60,6
4G-APH003M-AGG,4G-APH003M11-AGG,10.893836,105.080416,34,0,0,60,6
4G-APH003M-AGG,4G-APH003M12-AGG,10.893836,105.080416,34,150,0,60,6
4G-APH007M-AGG,4G-APH007W13-AGG,10.952234,105.082171,30.5,170,0,60,6
4G-APH009M-AGG,4G-APH009M13-AGG,10.831554,105.064781,34,140,0,60,6
4G-APH011M-AGG,4G-APH011M11-AGG,10.858673,105.081233,40.5,30,0,60,6
4G-APH011M-AGG,4G-APH011M13-AGG,10.858673,105.081233,40.5,210,0,60,6
4G-APH015M-AGG,4G-APH015M13-AGG,10.840195,105.082265,40,260,0,60,6
4G-APH016M-AGG,4G-APH016M12-AGG,10.786323,105.102496,34.5,70,0,60,6
4G-APH018M-AGG,4G-APH018M13-AGG,10.763543,105.115596,33.5,320,0,60,6
4G-APH021M-AGG,4G-APH021M11-AGG,10.933834,105.063313,33.5,60,0,60,6
4G-APH021M-AGG,4G-APH021M12-AGG,10.933834,105.063313,33.5,140,0,60,6
4G-APH021M-AGG,4G-APH021M13-AGG,10.933834,105.063313,33.5,230,0,60,6
4G-APH022M-AGG,4G-APH022M12-AGG,10.863856,105.053912,40.5,150,0,60,6
4G-APH023M-AGG,4G-APH023M11-AGG,10.931771,105.080112,37.5,0,0,60,6
4G-APH023M-AGG,4G-APH023M12-AGG,10.931771,105.080112,37.5,100,0,60,6
4G-APH023M-AGG,4G-APH023M13-AGG,10.931771,105.080112,37.5,290,0,60,6
4G-APH024M-AGG,4G-APH024M13-AGG,10.917213,105.098616,40,250,0,60,6
4G-APH026M-AGG,4G-APH026M11-AGG,10.777143,105.131464,37.5,350,0,60,6
4G-APH026M-AGG,4G-APH026M12-AGG,10.777143,105.131464,37.5,150,0,60,6
4G-APH026M-AGG,4G-APH026M13-AGG,10.777143,105.131464,37.5,280,0,60,6
UL_APH031M_AGG,4G-APH031W12-AGG,10.952243,105.096324,39,170,0,60,6
UL_APH034M_AGG,4G-APH034M12-AGG,10.915162,105.070813,37,60,0,60,6
4G-APH036M-AGG,4G-APH036M13-AGG,10.805354,105.081883,40,320,0,60,6
UL_APH037M_AGG,4G-APH037M11-AGG,10.825316,105.085072,40,350,0,60,6
UL_APH037M_AGG,4G-APH037M13-AGG,10.825316,105.085072,40,180,0,60,6
4G-APH039M-AGG,4G-APH039M11-AGG,10.905087,105.125774,40,310,0,60,6
UL_APH047M_AGG,4G-APH047M13-AGG,10.798531,105.081941,40,250,0,60,6
UL_APH048M_AGG,4G-APH048M11-AGG,10.755131,105.122801,40,20,0,60,6
UL_APH048M_AGG,4G-APH048M12-AGG,10.755131,105.122801,40,120,0,60,6
UL_APH048M_AGG,4G-APH048M13-AGG,10.755131,105.122801,40,270,0,60,6
UL_APH049M_AGG,4G-APH049M11-AGG,10.943921,105.080991,39,30,0,60,6
UL_APH052M_AGG,4G-APH052M11-AGG,10.808641,105.107541,40.5,300,0,60,6
UL_APH052M_AGG,4G-APH052M13-AGG,10.808641,105.107541,40.5,210,0,60,6
UL_APH053M_AGG,4G-APH053M11-AGG,10.905621,105.079131,39,40,0,60,6
UL_APH053M_AGG,4G-APH053M12-AGG,10.905621,105.079131,39,100,0,60,6
UL_APH053M_AGG,4G-APH053M13-AGG,10.905621,105.079131,39,180,0,60,6
UL_APH054M_AGG,4G-APH054M11-AGG,10.880991,105.086321,39,350,0,60,6
UL_APH054M_AGG,4G-APH054M12-AGG,10.880991,105.086321,39,80,0,60,6
UL_APH054M_AGG,4G-APH054M13-AGG,10.880991,105.086321,39,190,0,60,6
UL_APH055M_AGG,4G-APH055M12-AGG,10.716811,105.122001,40,110,0,60,6
UL_APH056M_AGG,4G-APH056M13-AGG,10.785791,105.066751,39,190,0,60,6
4G-APH072M-AGG,4G-APH072M13-AGG,10.85042,105.05753,40,150,0,60,6
UL_APH200B_AGG,4G-APH200M11-AGG,10.913164,105.110263,40,300,0,60,6
UL_APH200B_AGG,4G-APH200M12-AGG,10.913164,105.110263,40,130,0,60,6
UL_BBA005M_BDG,4G-BBA005W11-BDG,11.240984,106.636397,33,330,0,60,6
UL_BBA013M_BDG,4G-BBA013M13-BDG,11.182774,106.632719,43,240,0,60,6
4G-BBA014M-BDG,4G-BBA014M12-BDG,11.220731,106.561901,27,140,0,60,6
UL_BBA015M_BDG,4G-BBA015M12-BDG,11.187789,106.567259,40,150,0,60,6
UL_BBA015M_BDG,4G-BBA015M13-BDG,11.187789,106.567259,40,250,0,60,6
4G-BBA017M-BDG,4G-BBA017M13-BDG,11.314902,106.562989,37.5,240,0,60,6
UL_BBA023M_BDG,4G-BBA023M12-BDG,11.259832,106.636168,40,80,0,60,6
UL_BBA026M_BDG,4G-BBA026M11-BDG,11.245156,106.628838,33,330,0,60,6
UL_BBA028M_BDG,4G-BBA028W12-BDG,11.223193,106.694867,38,120,0,60,6
UL_BBA028M_BDG,4G-BBA028W15-BDG,11.223193,106.694867,38,180,0,60,6
UL_BBA033M_BDG,4G-BBA033M11-BDG,11.159035,106.580627,39,340,0,60,6
UL_BBA033M_BDG,4G-BBA033M13-BDG,11.159035,106.580627,39,250,0,60,6
UL_BBA034M_BDG,4G-BBA034M11-BDG,11.173546,106.614559,39,0,0,60,6
UL_BBA059M_BDG,4G-BBA059M13-BDG,11.277433,106.589396,31,250,0,60,6
UL_BBA059M_BDG,4G-BBA059W14-BDG,11.277433,106.589396,31,30,0,60,6
UL_BBA066M_BDG,4G-BBA066M11-BDG,11.248662,106.640741,30,0,0,60,6
UL_BBA072M_BDG,4G-BBA072M12-BDG,11.246941,106.613221,33,120,0,60,6
4G-BBA073M-BDG,4G-BBA073M13-BDG,11.309757,106.672375,33,250,0,60,6
4G-BBA077M-BDG,4G-BBA077M11-BDG,11.197341,106.583604,34,0,0,60,6
4G-BBA077M-BDG,4G-BBA077M12-BDG,11.197341,106.583604,34,100,0,60,6
4G-BBA077M-BDG,4G-BBA077M13-BDG,11.197341,106.583604,34,240,0,60,6
UL_BBA082M_BDG,4G-BBA082M13-BDG,11.215771,106.703131,40,160,0,60,6
UL_BBA085M_BDG,4G-BBA085M11-BDG,11.256785,106.617454,28,60,0,60,6
UL_BBA085M_BDG,4G-BBA085M12-BDG,11.256785,106.617454,28,150,0,60,6
4G-BBA096M-BDG,4G-BBA096M12-BDG,11.2822,106.5882,34,100,0,60,6
4G-BBA096M-BDG,4G-BBA096M13-BDG,11.2822,106.5882,34,240,0,60,6
4G-BBA097M-BDG,4G-BBA097M11-BDG,11.257781,106.623102,26,30,0,60,6
4G-BBA097M-BDG,4G-BBA097M12-BDG,11.257781,106.623102,26,110,0,60,6
4G-BBA097M-BDG,4G-BBA097M13-BDG,11.257781,106.623102,26,230,0,60,6
UL_BBA098M_BDG,4G-BBA098M11-BDG,11.285192,106.583245,34,320,0,60,6
4G-BBA099M-BDG,4G-BBA099M11-BDG,11.2555,106.63013,27,330,0,60,6
4G-BBA099M-BDG,4G-BBA099M12-BDG,11.2555,106.63013,27,110,0,60,6
4G-BBA099M-BDG,4G-BBA099M13-BDG,11.2555,106.63013,27,210,0,60,6
UL_BBA100M_BDG,4G-BBA100M11-BDG,11.2299,106.6236,34,0,0,60,6
4G-BBA103M-BDG,4G-BBA103M11-BDG,11.31626,106.64003,34,0,0,60,6
4G-BBA118M-BDG,4G-BBA118M11-BDG,11.22032,106.70194,34,0,0,60,6
4G-BBA118M-BDG,4G-BBA118M13-BDG,11.22032,106.70194,34,260,0,60,6
4G-BBA119M-BDG,4G-BBA119M11-BDG,11.213623,106.631649,34,300,0,60,6
4G-BBA120M-BDG,4G-BBA120M11-BDG,11.21131,106.71228,28,300,0,60,6
4G-BBA120M-BDG,4G-BBA120M13-BDG,11.21131,106.71228,28,220,0,60,6
4G-BBA126M-BDG,4G-BBA126M12-BDG,11.234273,106.618838,28,70,0,60,6
4G-BBA126M-BDG,4G-BBA126M13-BDG,11.234273,106.618838,28,150,0,60,6
4G-BBA129M-BDG,4G-BBA129M12-BDG,11.20041,106.60831,28,100,0,60,6
4G-BBA131M-BDG,4G-BBA131M11-BDG,11.3255,106.6313,28,20,0,60,6
4G-BBA131M-BDG,4G-BBA131M12-BDG,11.3255,106.6313,28,120,0,60,6
4G-BBA131M-BDG,4G-BBA131M13-BDG,11.3255,106.6313,28,190,0,60,6
4G-BBA702B-BDG,4G-BBA702M12-BDG,11.225513,106.52697,28,150,0,60,6
UL_BCA001M_BDG,4G-BCA001M12-BDG,11.13405,106.58101,38,130,0,60,6
UL_BCA002M_BDG,4G-BCA002M11-BDG,11.107219,106.583318,36,320,0,60,6
UL_BCA002M_BDG,4G-BCA002M12-BDG,11.107219,106.583318,36,160,0,60,6
UL_BCA002M_BDG,4G-BCA002M13-BDG,11.107219,106.583318,36,230,0,60,6
UL_BCA004M_BDG,4G-BCA004W11-BDG,11.11113,106.53271,35,330,0,60,6
UL_BCA004M_BDG,4G-BCA004W12-BDG,11.11113,106.53271,35,90,0,60,6
UL_BCA004M_BDG,4G-BCA004W14-BDG,11.11113,106.53271,35,30,0,60,6
UL_BCA004M_BDG,4G-BCA004W16-BDG,11.11113,106.53271,35,260,0,60,6
UL_BCA008M_BDG,4G-BCA008M13-BDG,11.15292,106.60101,45,240,0,60,6
UL_BCA015M_BDG,4G-BCA015M11-BDG,11.14435,106.67014,30,10,0,60,6
UL_BCA015M_BDG,4G-BCA015M13-BDG,11.14435,106.67014,30,290,0,60,6
UL_BCA016M_BDG,4G-BCA016M12-BDG,11.14561,106.65248,34,180,0,60,6
UL_BCA019M_BDG,4G-BCA019W11-BDG,11.11963,106.64744,34,330,0,60,6
UL_BCA019M_BDG,4G-BCA019W13-BDG,11.11963,106.64744,34,210,0,60,6
UL_BCA019T_BDG,4G-BCA019W14-BDG,11.11963,106.64744,34,30,0,60,6
UL_BCA019T_BDG,4G-BCA019W15-BDG,11.11963,106.64744,34,150,0,60,6
UL_BCA021M_BDG,4G-BCA021M13-BDG,11.06906,106.66571,42,310,0,60,6
UL_BCA024M_BDG,4G-BCA024M11-BDG,11.044757,106.635198,40,0,0,60,6
4G-BCA025M-BDG,4G-BCA025M11-BDG,11.05033,106.63192,28,350,0,60,6
4G-BCA025M-BDG,4G-BCA025M12-BDG,11.05033,106.63192,28,130,0,60,6
UL_BCA026M_BDG,4G-BCA026W11-BDG,11.114586,106.596632,33,0,0,60,6
UL_BCA026M_BDG,4G-BCA026W13-BDG,11.114586,106.596632,33,230,0,60,6
UL_BCA026T_BDG,4G-BCA026W14-BDG,11.114586,106.596632,33,60,0,60,6
UL_BCA026T_BDG,4G-BCA026W16-BDG,11.114586,106.596632,33,290,0,60,6
UL_BCA038M_BDG,4G-BCA038M11-BDG,11.106233,106.640494,34,40,0,60,6
UL_BCA038M_BDG,4G-BCA038M12-BDG,11.106233,106.640494,34,140,0,60,6
UL_BCA041M_BDG,4G-BCA041M11-BDG,11.05829,106.59674,39,350,0,60,6
UL_BCA041M_BDG,4G-BCA041M12-BDG,11.05829,106.59674,39,130,0,60,6
UL_BCA042M_BDG,4G-BCA042M11-BDG,11.080806,106.58656,33,0,0,60,6
UL_BCA042M_BDG,4G-BCA042M13-BDG,11.080806,106.58656,33,280,0,60,6
UL_BCA044M_BDG,4G-BCA044M11-BDG,11.10667,106.630506,28,350,0,60,6
UL_BCA044M_BDG,4G-BCA044M13-BDG,11.10667,106.630506,28,230,0,60,6
UL_BCA047M_BDG,4G-BCA047M11-BDG,11.083443,106.644813,36,0,0,60,6
UL_BCA050M_BDG,4G-BCA050M11-BDG,11.09462,106.62679,30,310,0,60,6
UL_BCA050M_BDG,4G-BCA050M12-BDG,11.09462,106.62679,30,70,0,60,6
UL_BCA050M_BDG,4G-BCA050M13-BDG,11.09462,106.62679,30,200,0,60,6
UL_BCA051M_BDG,4G-BCA051M12-BDG,11.076913,106.628364,33,80,0,60,6
UL_BCA065M_BDG,4G-BCA065M12-BDG,11.14429,106.58231,30,120,0,60,6
UL_BCA076M_BDG,4G-BCA076W14-BDG,11.084684,106.550508,38,40,0,60,6
UL_BCA079M_BDG,4G-BCA079W11-BDG,11.127703,106.636508,28,330,0,60,6
UL_BCA079M_BDG,4G-BCA079W13-BDG,11.127703,106.636508,28,180,0,60,6
UL_BCA079M_BDG,4G-BCA079W14-BDG,11.127703,106.636508,28,30,0,60,6
UL_BCA079M_BDG,4G-BCA079W16-BDG,11.127703,106.636508,28,240,0,60,6
UL_BCA081M_BDG,4G-BCA081M11-BDG,11.13382,106.603066,28,40,0,60,6
UL_BCA081M_BDG,4G-BCA081M13-BDG,11.13382,106.603066,28,300,0,60,6
UL_BCA081M_BDG,4G-BCA081W12-BDG,11.13382,106.603066,28,170,0,60,6
UL_BCA086M_BDG,4G-BCA086M13-BDG,11.12095,106.596204,28,260,0,60,6
UL_BCA087M_BDG,4G-BCA087M13-BDG,11.122777,106.616499,34,240,0,60,6
UL_BCA088M_BDG,4G-BCA088M11-BDG,11.126997,106.624183,29,0,0,60,6
UL_BCA090T_BDG,4G-BCA090W16-BDG,11.101194,106.553804,29,270,0,60,6
UL_BCA091M_BDG,4G-BCA091W11-BDG,11.09237,106.638802,32,0,0,60,6
UL_BCA091M_BDG,4G-BCA091W12-BDG,11.09237,106.638802,32,120,0,60,6
UL_BCA091T_BDG,4G-BCA091W14-BDG,11.09237,106.638802,32,60,0,60,6
UL_BCA091T_BDG,4G-BCA091W15-BDG,11.09237,106.638802,32,180,0,60,6
UL_BCA092M_BDG,4G-BCA092M12-BDG,11.110983,106.648333,36.5,150,0,60,6
UL_BCA092M_BDG,4G-BCA092M13-BDG,11.110983,106.648333,36.5,260,0,60,6
UL_BCA093M_BDG,4G-BCA093M11-BDG,11.100632,106.650709,34,40,0,60,6
UL_BCA094M_BDG,4G-BCA094M11-BDG,11.07182,106.57243,29,340,0,60,6
UL_BCA094M_BDG,4G-BCA094M12-BDG,11.07182,106.57243,29,90,0,60,6
UL_BCA096M_BDG,4G-BCA096M12-BDG,11.1072,106.6096,28,110,0,60,6
UL_BCA106M_BDG,4G-BCA106M12-BDG,11.097611,106.641054,33,120,0,60,6
UL_BCA106M_BDG,4G-BCA106W16-BDG,11.097611,106.641054,33,290,0,60,6
UL_BCA112M_BDG,4G-BCA112W11-BDG,11.143611,106.611697,33,10,0,60,6
UL_BCA112M_BDG,4G-BCA112W14-BDG,11.143611,106.611697,33,70,0,60,6
UL_BCA124M_BDG,4G-BCA124M12-BDG,11.132612,106.59497,28,120,0,60,6
UL_BCA124M_BDG,4G-BCA124M13-BDG,11.132612,106.59497,28,210,0,60,6
UL_BCA128M_BDG,4G-BCA128M11-BDG,11.11486,106.68443,40,70,0,60,6
4G-BCA135M-BDG,4G-BCA135M11-BDG,11.155902,106.643229,40,0,0,60,6
UL_BCA138M_BDG,4G-BCA138M12-BDG,11.133394,106.537389,36,80,0,60,6
UL_BCA138M_BDG,4G-BCA138W11-BDG,11.133394,106.537389,36,310,0,60,6
UL_BCA138M_BDG,4G-BCA138W14-BDG,11.133394,106.537389,36,10,0,60,6
4G-BCA139M-BDG,4G-BCA139M11-BDG,11.151952,106.672214,31,350,0,60,6
UL_BCA140M_BDG,4G-BCA140M11-BDG,11.061845,106.586133,32,310,0,60,6
UL_BCA140M_BDG,4G-BCA140M12-BDG,11.061845,106.586133,32,70,0,60,6
UL_BCA140M_BDG,4G-BCA140M13-BDG,11.061845,106.586133,32,240,0,60,6
UL_BCA142M_BDG,4G-BCA142M13-BDG,11.166136,106.662823,35,280,0,60,6
UL_BCA146M_BDG,4G-BCA146M11-BDG,11.17534,106.600309,35,40,0,60,6
UL_BCA153M_BDG,4G-BCA153M11-BDG,11.074519,106.551264,38,90,0,60,6
UL_BCA153M_BDG,4G-BCA153M12-BDG,11.074519,106.551264,38,180,0,60,6
UL_BCA153M_BDG,4G-BCA153M13-BDG,11.074519,106.551264,38,270,0,60,6
UL_BCA157M_BDG,4G-BCA157M13-BDG,11.06717,106.62702,30,260,0,60,6
UL_BCA161M_BDG,4G-BCA161M13-BDG,11.066818,106.61647,34.5,230,0,60,6
4G-BCA163M-BDG,4G-BCA163M11-BDG,11.08411,106.62745,28,10,0,60,6
4G-BCA163M-BDG,4G-BCA163M13-BDG,11.08411,106.62745,28,270,0,60,6
UL_BCA164M_BDG,4G-BCA164M11-BDG,11.11932,106.60841,32,10,0,60,6
UL_BCA166M_BDG,4G-BCA166M12-BDG,11.100643,106.614294,28,140,0,60,6
UL_BCA167M_BDG,4G-BCA167M12-BDG,11.080649,106.636475,28,100,0,60,6
UL_BCA170M_BDG,4G-BCA170M13-BDG,11.09987,106.60768,31,240,0,60,6
UL_BCA171M_BDG,4G-BCA171W11-BDG,11.15043,106.62539,28,300,0,60,6
UL_BCA171M_BDG,4G-BCA171W14-BDG,11.15043,106.62539,28,0,0,60,6
UL_BCA173M_BDG,4G-BCA173M12-BDG,11.120007,106.529947,28,120,0,60,6
UL_BCA174M_BDG,4G-BCA174M13-BDG,11.14518,106.61941,28,210,0,60,6
UL_BCA176M_BDG,4G-BCA176W13-BDG,11.148953,106.608512,31,240,0,60,6
UL_BCA177M_BDG,4G-BCA177W12-BDG,11.10138,106.53916,28,120,0,60,6
UL_BCA177T_BDG,4G-BCA177W14-BDG,11.10138,106.53916,28,60,0,60,6
UL_BCA178M_BDG,4G-BCA178M12-BDG,11.13733,106.651124,35,150,0,60,6
UL_BCA178M_BDG,4G-BCA178W11-BDG,11.13733,106.651124,35,10,0,60,6
UL_BCA178M_BDG,4G-BCA178W14-BDG,11.13733,106.651124,35,70,0,60,6
UL_BCA179M_BDG,4G-BCA179M11-BDG,11.09752,106.60258,28,330,0,60,6
UL_BCA179M_BDG,4G-BCA179M12-BDG,11.09752,106.60258,28,120,0,60,6
UL_BCA179M_BDG,4G-BCA179M13-BDG,11.09752,106.60258,28,200,0,60,6
UL_BCA181M_BDG,4G-BCA181M12-BDG,11.132629,106.624464,31,120,0,60,6
UL_BCA182M_BDG,4G-BCA182M13-BDG,11.117993,106.630879,32,250,0,60,6
UL_BCA184M_BDG,4G-BCA184M11-BDG,11.13722,106.66041,28,30,0,60,6
UL_BCA184M_BDG,4G-BCA184W13-BDG,11.13722,106.66041,28,240,0,60,6
UL_BCA184M_BDG,4G-BCA184W16-BDG,11.13722,106.66041,28,300,0,60,6
UL_BCA187M_BDG,4G-BCA187M11-BDG,11.051782,106.58907,36,0,0,60,6
UL_BCA188M_BDG,4G-BCA188M11-BDG,11.09082,106.60447,28,10,0,60,6
UL_BCA192M_BDG,4G-BCA192W11-BDG,11.07757,106.661064,24,80,0,60,6
UL_BCA198M_BDG,4G-BCA198M12-BDG,11.136034,106.544587,30,90,0,60,6
UL_BCA199M_BDG,4G-BCA199M11-BDG,11.08765,106.641115,24,40,0,60,6
UL_BCA201M_BDG,4G-BCA201M11-BDG,11.107147,106.617108,26,350,0,60,6
UL_BCA201M_BDG,4G-BCA201M12-BDG,11.107147,106.617108,26,120,0,60,6
UL_BCA202M_BDG,4G-BCA202M11-BDG,11.11331,106.54519,26,0,0,60,6
UL_BCA202M_BDG,4G-BCA202M13-BDG,11.11331,106.54519,26,240,0,60,6
UL_BCA205M_BDG,4G-BCA205M12-BDG,11.1227,106.6407,29,160,0,60,6
UL_BCA208M_BDG,4G-BCA208M12-BDG,11.132319,106.615352,34,120,0,60,6
UL_BCA208M_BDG,4G-BCA208M13-BDG,11.132319,106.615352,34,260,0,60,6
UL_BCA211M_BDG,4G-BCA211M11-BDG,11.09735,106.65608,35,0,0,60,6
UL_BCA211M_BDG,4G-BCA211M13-BDG,11.09735,106.65608,35,240,0,60,6
4G-BCA217M-BDG,4G-BCA217M12-BDG,11.08214,106.56085,38,120,0,60,6
4G-BCA217M-BDG,4G-BCA217M13-BDG,11.08214,106.56085,38,240,0,60,6
UL_BCA219M_BDG,4G-BCA219M11-BDG,11.09607,106.61733,32,60,0,60,6
UL_BCA236M_BDG,4G-BCA236M11-BDG,11.1402,106.65729,30,30,0,60,6
UL_BCA238M_BDG,4G-BCA238M11-BDG,11.05678,106.57333,34,0,0,60,6
UL_BCA238M_BDG,4G-BCA238M12-BDG,11.05678,106.57333,34,120,0,60,6
UL_BCA241M_BDG,4G-BCA241M11-BDG,11.054862,106.634251,29,0,0,60,6
UL_BCA241M_BDG,4G-BCA241M12-BDG,11.054862,106.634251,29,170,0,60,6
UL_BCA242M_BDG,4G-BCA242M11-BDG,11.05871,106.64297,32,20,0,60,6
UL_BCA242M_BDG,4G-BCA242M12-BDG,11.05871,106.64297,32,170,0,60,6
UL_BCA243M_BDG,4G-BCA243M13-BDG,11.064173,106.5952,28,230,0,60,6
UL_BCA246M_BDG,4G-BCA246M11-BDG,11.14262,106.560701,34,0,0,60,6
UL_BCA246M_BDG,4G-BCA246M12-BDG,11.14262,106.560701,34,120,0,60,6
UL_BCA246M_BDG,4G-BCA246M13-BDG,11.14262,106.560701,34,240,0,60,6
4G-BCA249M-BDG,4G-BCA249M11-BDG,11.084637,106.540013,32,350,0,60,6
UL_BCA255M_BDG,4G-BCA255M12-BDG,11.04639,106.63784,25,120,0,60,6
UL_BCA257M_BDG,4G-BCA257M13-BDG,11.09334,106.53849,38,240,0,60,6
UL_BCA258M_BDG,4G-BCA258M11-BDG,11.09529,106.63591,26,330,0,60,6
UL_BCA258M_BDG,4G-BCA258M13-BDG,11.09529,106.63591,26,240,0,60,6
UL_BCA259M_BDG,4G-BCA259M12-BDG,11.124,106.649,28,120,0,60,6
UL_BCA260M_BDG,4G-BCA260M11-BDG,11.090484,106.649686,26,350,0,60,6
UL_BCA260M_BDG,4G-BCA260M12-BDG,11.090484,106.649686,26,120,0,60,6
UL_BCA261M_BDG,4G-BCA261M11-BDG,11.143367,106.68328,28,80,0,60,6
UL_BCA261M_BDG,4G-BCA261M13-BDG,11.143367,106.68328,28,250,0,60,6
UL_BCA262M_BDG,4G-BCA262M11-BDG,11.09231,106.66611,28,0,0,60,6
UL_BCA262M_BDG,4G-BCA262M13-BDG,11.09231,106.66611,28,240,0,60,6
UL_BCA263M_BDG,4G-BCA263M11-BDG,11.104609,106.534419,26,0,0,60,6
UL_BCA263M_BDG,4G-BCA263M13-BDG,11.104609,106.534419,26,280,0,60,6
UL_BCA264M_BDG,4G-BCA264M11-BDG,11.081748,106.55471,28,0,0,60,6
UL_BCA264M_BDG,4G-BCA264M13-BDG,11.081748,106.55471,28,240,0,60,6
UL_BCA267M_BDG,4G-BCA267M11-BDG,11.1481,106.65765,34,310,0,60,6
UL_BCA269M_BDG,4G-BCA269M12-BDG,11.0778,106.5719,28,120,0,60,6
UL_BCA272M_BDG,4G-BCA272M11-BDG,11.1237,106.6535,28,0,0,60,6
4G-BCA273M-BDG,4G-BCA273M11-BDG,11.0907,106.56929,34,0,0,60,6
4G-BCA273M-BDG,4G-BCA273M12-BDG,11.0907,106.56929,34,180,0,60,6
4G-BCA273M-BDG,4G-BCA273M13-BDG,11.0907,106.56929,34,270,0,60,6
4G-BCA282M-BDG,4G-BCA282M12-BDG,11.0899,106.6288,34,120,0,60,6
4G-BCA282M-BDG,4G-BCA282M13-BDG,11.0899,106.6288,34,240,0,60,6
UL_BCA283M_BDG,4G-BCA283M12-BDG,11.078216,106.620149,34,140,0,60,6
UL_BCA286M_BDG,4G-BCA286M11-BDG,11.0595,106.6237,28,340,0,60,6
UL_BCA286M_BDG,4G-BCA286M12-BDG,11.0595,106.6237,28,100,0,60,6
UL_BCA286M_BDG,4G-BCA286M13-BDG,11.0595,106.6237,28,180,0,60,6
UL_BCA296M_BDG,4G-BCA296M12-BDG,11.132951,106.633712,28,110,0,60,6
4G-BCA299M-BDG,4G-BCA299M12-BDG,11.09141,106.55196,28,100,0,60,6
4G-BCA299M-BDG,4G-BCA299M13-BDG,11.09141,106.55196,28,260,0,60,6
4G-BCA303M-BDG,4G-BCA303M11-BDG,11.09261,106.56219,28,0,0,60,6
4G-BCA306M-BDG,4G-BCA306M12-BDG,11.10803,106.55337,28,120,0,60,6
4G-BCA306M-BDG,4G-BCA306M13-BDG,11.10803,106.55337,28,230,0,60,6
4G-BCA321M-BDG,4G-BCA321M13-BDG,11.08293,106.6644,28,280,0,60,6
4G-BCA322M-BDG,4G-BCA322M11-BDG,11.173503,106.640897,40,10,0,60,6
4G-BCA322M-BDG,4G-BCA322M12-BDG,11.173503,106.640897,40,90,0,60,6
4G-BCA322M-BDG,4G-BCA322M13-BDG,11.173503,106.640897,40,180,0,60,6
4G-BCA324M-BDG,4G-BCA324M11-BDG,11.09129,106.5789,26,0,0,60,6
4G-BCA325M-BDG,4G-BCA325M12-BDG,11.08499,106.56809,28,120,0,60,6
4G-BCA334M-BDG,4G-BCA334M12-BDG,11.11027,106.64136,28,140,0,60,6
4G-BCA334M-BDG,4G-BCA334M13-BDG,11.11027,106.64136,28,310,0,60,6
4G-BCA337M-BDG,4G-BCA337M13-BDG,11.1355,106.5249,28,270,0,60,6
4G-BCA343M-BDG,4G-BCA343M13-BDG,11.085,106.5848,28,280,0,60,6
4G-BCA345M-BDG,4G-BCA345M11-BDG,11.057,106.62789,27,30,0,60,6
4G-BCA345M-BDG,4G-BCA345M12-BDG,11.057,106.62789,27,150,0,60,6
4G-BCA345M-BDG,4G-BCA345M13-BDG,11.057,106.62789,27,240,0,60,6
4G-BCA347M-BDG,4G-BCA347M12-BDG,11.070766,106.659211,24,160,0,60,6
4G-BCA349M-BDG,4G-BCA349M11-BDG,11.1137,106.5534,28,0,0,60,6
4G-BCA349M-BDG,4G-BCA349M12-BDG,11.1137,106.5534,28,120,0,60,6
4G-BCA352M-BDG,4G-BCA352M12-BDG,11.1115,106.6633,28,160,0,60,6
4G-BCA360M-BDG,4G-BCA360M11-BDG,11.14722,106.64603,28,340,0,60,6
4G-BCA360M-BDG,4G-BCA360M12-BDG,11.14722,106.64603,28,150,0,60,6
4G-BCA360M-BDG,4G-BCA360M13-BDG,11.14722,106.64603,28,250,0,60,6
4G-BCA361M-BDG,4G-BCA361M13-BDG,11.121308,106.676716,28,240,0,60,6
4G-BCA362M-BDG,4G-BCA362M13-BDG,11.13032,106.66039,28,270,0,60,6
4G-BCA363M-BDG,4G-BCA363M12-BDG,11.076859,106.606812,28,60,0,60,6
4G-BCA364M-BDG,4G-BCA364M11-BDG,11.08041,106.61641,28,40,0,60,6
4G-BCA364M-BDG,4G-BCA364M13-BDG,11.08041,106.61641,28,310,0,60,6
4G-BCA365M-BDG,4G-BCA365M11-BDG,11.12129,106.66006,28,330,0,60,6
4G-BCA365M-BDG,4G-BCA365M12-BDG,11.12129,106.66006,28,90,0,60,6
4G-BCA365M-BDG,4G-BCA365M13-BDG,11.12129,106.66006,28,230,0,60,6
4G-BCA366M-BDG,4G-BCA366M11-BDG,11.082579,106.603187,28,340,0,60,6
4G-BCA366M-BDG,4G-BCA366M13-BDG,11.082579,106.603187,28,180,0,60,6
4G-BCH001M-HCM,4G-BCH001M12-HCM,10.67754,106.61836,24,140,0,60,6
4G-BCH001M-HCM,4G-BCH001M13-HCM,10.67754,106.61836,24,240,0,60,6
4G-BCH002M-HCM,4G-BCH002M12-HCM,10.67526,106.63354,28,120,0,60,6
UL_BCH008M_HCM,4G-BCH008M11-HCM,10.812873,106.579301,27,0,0,60,6
4G-BCH010M-HCM,4G-BCH010M12-HCM,10.81553,106.51971,27,180,0,60,6
4G-BCH016M-HCM,4G-BCH016M13-HCM,10.69581,106.59472,25,270,0,60,6
4G-BCH017M-HCM,4G-BCH017M11-HCM,10.716799,106.58099,28,0,0,60,6
4G-BCH017M-HCM,4G-BCH017M12-HCM,10.716799,106.58099,28,100,0,60,6
4G-BCH017M-HCM,4G-BCH017M13-HCM,10.716799,106.58099,28,260,0,60,6
4G-BCH032M-HCM,4G-BCH032M11-HCM,10.659904,106.60876,26,20,0,60,6
4G-BCH032M-HCM,4G-BCH032M12-HCM,10.659904,106.60876,26,140,0,60,6
4G-BCH032M-HCM,4G-BCH032M13-HCM,10.659904,106.60876,26,260,0,60,6
4G-BCH039M-HCM,4G-BCH039M12-HCM,10.71055,106.64234,23,120,0,60,6
4G-BCH041M-HCM,4G-BCH041M12-HCM,10.75336,106.51934,33,120,0,60,6
4G-BCH041M-HCM,4G-BCH041M13-HCM,10.75336,106.51934,33,240,0,60,6
4G-BCH042M-HCM,4G-BCH042M13-HCM,10.71682,106.65533,16,240,0,60,6
UL_BCH045M_HCM,4G-BCH045M13-HCM,10.69306,106.57955,24,240,0,60,6
4G-BCH051M-HCM,4G-BCH051M11-HCM,10.64005,106.63461,24.5,40,0,60,6
4G-BCH051M-HCM,4G-BCH051M12-HCM,10.64005,106.63461,24.5,100,0,60,6
4G-BCH051M-HCM,4G-BCH051M13-HCM,10.64005,106.63461,24.5,250,0,60,6
4G-BCH052M-HCM,4G-BCH052M12-HCM,10.67685,106.58028,27,130,0,60,6
4G-BCH052M-HCM,4G-BCH052M13-HCM,10.67685,106.58028,27,250,0,60,6
SR_BCH057M_HCM,4G-BCH057M12-HCM,10.73484,106.56365,29,120,0,60,6
UL_BCH058M_HCM,4G-BCH058M13-HCM,10.83094,106.57043,39,280,0,60,6
4G-BCH063M-HCM,4G-BCH063M12-HCM,10.776417,106.509354,20,120,0,60,6
4G-BCH067M-HCM,4G-BCH067M12-HCM,10.724258,106.646489,24,130,0,60,6
4G-BCH070M-HCM,4G-BCH070M12-HCM,10.648456,106.654633,27,140,0,60,6
4G-BCH070M-HCM,4G-BCH070M13-HCM,10.648456,106.654633,27,280,0,60,6
4G-BCH072M-HCM,4G-BCH072M11-HCM,10.65973,106.59401,27.5,0,0,60,6
UL_BCH076M_HCM,4G-BCH076M13-HCM,10.8005,106.56513,29,260,0,60,6
UL_BCH078M_HCM,4G-BCH078M12-HCM,10.777839,106.573624,23,130,0,60,6
4G-BCH079M-HCM,4G-BCH079M13-HCM,10.67933,106.60851,30.5,220,0,60,6
4G-BCH083M-HCM,4G-BCH083M12-HCM,10.720346,106.685364,22,140,0,60,6
UL_BCH094M_HCM,4G-BCH094M11-HCM,10.684052,106.65059,22,50,0,60,6
GL_BCH098M_HCM,4G-BCH098M11-HCM,10.754323,106.487438,31,30,0,60,6
GL_BCH098M_HCM,4G-BCH098M13-HCM,10.754323,106.487438,31,270,0,60,6
4G-BCH102M-HCM,4G-BCH102M11-HCM,10.71626,106.57161,33,0,0,60,6
4G-BCH103M-HCM,4G-BCH103M11-HCM,10.83582,106.55251,33,60,0,60,6
4G-BCH107M-HCM,4G-BCH107M11-HCM,10.63535,106.65087,33,0,0,60,6
4G-BCH109M-HCM,4G-BCH109M11-HCM,10.69517,106.55236,32,20,0,60,6
4G-BCH118M-HCM,4G-BCH118M12-HCM,10.70021,106.58052,31,120,0,60,6
4G-BCH122M-HCM,4G-BCH122M12-HCM,10.81494,106.55008,24,120,0,60,6
4G-BCH126M-HCM,4G-BCH126M11-HCM,10.81841,106.56422,27,10,0,60,6
UL_BCH127M_HCM,4G-BCH127M11-HCM,10.82061,106.57568,24,0,0,60,6
UL_BCH127M_HCM,4G-BCH127M13-HCM,10.82061,106.57568,24,230,0,60,6
4G-BCH128M-HCM,4G-BCH128M12-HCM,10.666714,106.62639,30,110,0,60,6
4G-BCH128M-HCM,4G-BCH128M13-HCM,10.666714,106.62639,30,240,0,60,6
4G-BCH132M-HCM,4G-BCH132M12-HCM,10.681632,106.568995,27,110,0,60,6
4G-BCH133M-HCM,4G-BCH133M11-HCM,10.78414,106.52408,25,340,0,60,6
4G-BCH133M-HCM,4G-BCH133M13-HCM,10.78414,106.52408,25,260,0,60,6
4G-BCH135M-HCM,4G-BCH135M13-HCM,10.701519,106.572232,27,240,0,60,6
UL_BCH136M_HCM,4G-BCH136M11-HCM,10.815737,106.56944,25,0,0,60,6
4G-BCH137M-HCM,4G-BCH137M11-HCM,10.650958,106.64165,30,0,0,60,6
4G-BCH137M-HCM,4G-BCH137M13-HCM,10.650958,106.64165,30,260,0,60,6
4G-BCH139M-HCM,4G-BCH139M12-HCM,10.75809,106.54462,30,160,0,60,6
4G-BCH139M-HCM,4G-BCH139M13-HCM,10.75809,106.54462,30,230,0,60,6
4G-BCH146M-HCM,4G-BCH146M11-HCM,10.667319,106.603244,30,20,0,60,6
4G-BCH146M-HCM,4G-BCH146M12-HCM,10.667319,106.603244,30,150,0,60,6
4G-BCH146M-HCM,4G-BCH146M13-HCM,10.667319,106.603244,30,270,0,60,6
4G-BCH153M-HCM,4G-BCH153M11-HCM,10.784566,106.574309,24,300,0,60,6
4G-BCH153M-HCM,4G-BCH153M12-HCM,10.784566,106.574309,24,50,0,60,6
4G-BCH159M-HCM,4G-BCH159M11-HCM,10.828187,106.556255,22,0,0,60,6
4G-BCH159M-HCM,4G-BCH159M12-HCM,10.828187,106.556255,22,120,0,60,6
GL_BCH161M_HCM,4G-BCH161M12-HCM,10.83521,106.559075,27,120,0,60,6
4G-BCH163M-HCM,4G-BCH163M12-HCM,10.790826,106.563008,22,120,0,60,6
4G-BCH163M-HCM,4G-BCH163M13-HCM,10.790826,106.563008,22,220,0,60,6
4G-BCH164M-HCM,4G-BCH164M11-HCM,10.706,106.56508,21,0,0,60,6
4G-BCH164M-HCM,4G-BCH164M12-HCM,10.706,106.56508,21,120,0,60,6
4G-BCH164M-HCM,4G-BCH164M13-HCM,10.706,106.56508,21,220,0,60,6
4G-BCH166M-HCM,4G-BCH166M12-HCM,10.672917,106.58654,27,120,0,60,6
4G-BCH166M-HCM,4G-BCH166M13-HCM,10.672917,106.58654,27,230,0,60,6
4G-BCH169M-HCM,4G-BCH169M11-HCM,10.648068,106.633857,27,10,0,60,6
SR_BCH170M_HCM,4G-BCH170M11-HCM,10.827307,106.577288,27,10,0,60,6
4G-BCH171M-HCM,4G-BCH171M11-HCM,10.653159,106.616997,27,0,0,60,6
4G-BCH171M-HCM,4G-BCH171M12-HCM,10.653159,106.616997,27,140,0,60,6
4G-BCH171M-HCM,4G-BCH171M13-HCM,10.653159,106.616997,27,240,0,60,6
UL_BCH173M_HCM,4G-BCH173M13-HCM,10.708917,106.60334,20,230,0,60,6
4G-BCH177M-HCM,4G-BCH177M13-HCM,10.72288,106.58224,27,240,0,60,6
4G-BCH181M-HCM,4G-BCH181M12-HCM,10.85741,106.53052,22,120,0,60,6
4G-BCH182M-HCM,4G-BCH182M12-HCM,10.76544,106.49649,27,120,0,60,6
4G-BCH182M-HCM,4G-BCH182M13-HCM,10.76544,106.49649,27,230,0,60,6
UL_BCH186M_HCM,4G-BCH186M13-HCM,10.81801,106.58015,33,240,0,60,6
4G-BCH188M-HCM,4G-BCH188M11-HCM,10.70979,106.58659,22,340,0,60,6
4G-BCH188M-HCM,4G-BCH188M12-HCM,10.70979,106.58659,22,130,0,60,6
4G-BCH188M-HCM,4G-BCH188M13-HCM,10.70979,106.58659,22,240,0,60,6
4G-BCH189M-HCM,4G-BCH189M11-HCM,10.82867,106.52484,22,0,0,60,6
LN-BCH191M-HCM,4G-BCH191M12-HCM,10.696885,106.61696,27,100,0,60,6
LN-BCH191M-HCM,4G-BCH191M13-HCM,10.696885,106.61696,27,220,0,60,6
4G-BCH192M-HCM,4G-BCH192M11-HCM,10.71284,106.57594,21,0,0,60,6
4G-BCH192M-HCM,4G-BCH192M12-HCM,10.71284,106.57594,21,120,0,60,6
4G-BCH192M-HCM,4G-BCH192M13-HCM,10.71284,106.57594,21,220,0,60,6
4G-BCH196M-HCM,4G-BCH196M11-HCM,10.80361,106.51648,22,0,0,60,6
4G-BCH200M-HCM,4G-BCH200M13-HCM,10.66196,106.60179,27,270,0,60,6
4G-BCH207M-HCM,4G-BCH207M12-HCM,10.67458,106.600031,27,120,0,60,6
4G-BCH207M-HCM,4G-BCH207M13-HCM,10.67458,106.600031,27,240,0,60,6
4G-BCH208M-HCM,4G-BCH208M12-HCM,10.693592,106.64522,19,130,0,60,6
UL_BCH214M_HCM,4G-BCH214M12-HCM,10.81764,106.55483,21,120,0,60,6
UL_BCH215M_HCM,4G-BCH215M12-HCM,10.668104,106.59561,24,130,0,60,6
UL_BCH218M_HCM,4G-BCH218M12-HCM,10.727316,106.656186,14,120,0,60,6
UL_BCH225M_HCM,4G-BCH225M13-HCM,10.810254,106.580489,18,250,0,60,6
UL_BCH226M_HCM,4G-BCH226M11-HCM,10.80659,106.56611,21,0,0,60,6
UL_BCH226M_HCM,4G-BCH226M12-HCM,10.80659,106.56611,21,120,0,60,6
UL_BCH226M_HCM,4G-BCH226M13-HCM,10.80659,106.56611,21,240,0,60,6
4G-BCH176M-HCM,4G-BCH227M11-HCM,10.675,106.5918,27,130,0,60,6
UL_BCH228M_HCM,4G-BCH228M13-HCM,10.76636,106.607969,22,240,0,60,6
UL_BCH232M_HCM,4G-BCH232M11-HCM,10.672643,106.624549,29,0,0,60,6
UL_BCH232M_HCM,4G-BCH232M12-HCM,10.672643,106.624549,29,120,0,60,6
UL_BCH232M_HCM,4G-BCH232M13-HCM,10.672643,106.624549,29,240,0,60,6
UL_BCH234M_HCM,4G-BCH234M11-HCM,10.8187,106.54927,24,330,0,60,6
UL_BCH241M_HCM,4G-BCH241M13-HCM,10.665415,106.640898,27,260,0,60,6
UL_BCH246M_HCM,4G-BCH246M11-HCM,10.704195,106.596011,21,30,0,60,6
UL_BCH246M_HCM,4G-BCH246M12-HCM,10.704195,106.596011,21,120,0,60,6
UL_BCH246M_HCM,4G-BCH246M13-HCM,10.704195,106.596011,21,240,0,60,6
UL_BCH248M_HCM,4G-BCH248M12-HCM,10.771154,106.50376,30,90,0,60,6
UL_BCH248M_HCM,4G-BCH248M13-HCM,10.771154,106.50376,30,190,0,60,6
UL_BCH249M_HCM,4G-BCH249M11-HCM,10.73341,106.66898,25,0,0,60,6
UL_BCH249M_HCM,4G-BCH249M13-HCM,10.73341,106.66898,25,240,0,60,6
4G-BCH251M-HCM,4G-BCH251M11-HCM,10.719611,106.663695,29,0,0,60,6
4G-BCH251M-HCM,4G-BCH251M13-HCM,10.719611,106.663695,29,230,0,60,6
UL_BCH252M_HCM,4G-BCH252M13-HCM,10.785196,106.55439,26,270,0,60,6
UL_BCH256M_HCM,4G-BCH256M11-HCM,10.717389,106.564563,25,20,0,60,6
UL_BCH256M_HCM,4G-BCH256M12-HCM,10.717389,106.564563,25,120,0,60,6
UL_BCH258M_HCM,4G-BCH258M11-HCM,10.676228,106.649987,27,0,0,60,6
UL_BCH260M_HCM,4G-BCH260M11-HCM,10.71662,106.639352,24,330,0,60,6
UL_BCH260M_HCM,4G-BCH260M12-HCM,10.71662,106.639352,24,90,0,60,6
UL_BCH261M_HCM,4G-BCH261M11-HCM,10.66562,106.57972,30,0,0,60,6
UL_BCH263M_HCM,4G-BCH263M11-HCM,10.65915,106.57902,21,0,0,60,6
UL_BCH263M_HCM,4G-BCH263M12-HCM,10.65915,106.57902,21,120,0,60,6
UL_BCH264M_HCM,4G-BCH264M11-HCM,10.662753,106.646888,25,0,0,60,6
UL_BCH264M_HCM,4G-BCH264M12-HCM,10.662753,106.646888,25,130,0,60,6
UL_BCH264M_HCM,4G-BCH264M13-HCM,10.662753,106.646888,25,260,0,60,6
UL_BCH265M_HCM,4G-BCH265M12-HCM,10.67115,106.61721,27,120,0,60,6
UL_BCH266M_HCM,4G-BCH266M11-HCM,10.66986,106.55869,24,0,0,60,6
UL_BCH266M_HCM,4G-BCH266M12-HCM,10.66986,106.55869,24,120,0,60,6
UL_BCH266M_HCM,4G-BCH266M13-HCM,10.66986,106.55869,24,240,0,60,6
UL_BCH268M_HCM,4G-BCH268M11-HCM,10.687033,106.566022,29,0,0,60,6
UL_BCH268M_HCM,4G-BCH268M12-HCM,10.687033,106.566022,29,110,0,60,6
UL_BCH272M_HCM,4G-BCH272M11-HCM,10.688274,106.646077,25,0,0,60,6
UL_BCH278M_HCM,4G-BCH278M13-HCM,10.652024,106.661376,30,250,0,60,6
UL_BCH281M_HCM,4G-BCH281M12-HCM,10.724351,106.665998,28,140,0,60,6
UL_BCH281M_HCM,4G-BCH281M13-HCM,10.724351,106.665998,28,230,0,60,6
UL_BCH289M_HCM,4G-BCH289M11-HCM,10.77726,106.57929,24,0,0,60,6
UL_BCH292M_HCM,4G-BCH292M13-HCM,10.72905,106.52195,28.5,290,0,60,6
UL_BCH293M_HCM,4G-BCH293M13-HCM,10.71958,106.65482,28.5,230,0,60,6
UL_BCH294M_HCM,4G-BCH294M13-HCM,10.723969,106.566962,31,240,0,60,6
UL_BCH298M_HCM,4G-BCH298M13-HCM,10.65689,106.64701,29.5,210,0,60,6
UL_BCH302M_HCM,4G-BCH302M13-HCM,10.69011,106.583719,28,240,0,60,6
UL_BCH305M_HCM,4G-BCH305M13-HCM,10.82599,106.5604,23,250,0,60,6
UL_BCH306M_HCM,4G-BCH306M12-HCM,10.63989,106.64423,29.5,130,0,60,6
UL_BCH310M_HCM,4G-BCH310M13-HCM,10.713454,106.564233,26,240,0,60,6
UL_BCH313M_HCM,4G-BCH313M12-HCM,10.68385,106.59264,23,100,0,60,6
4G-BCH314M-HCM,4G-BCH314M11-HCM,10.7059,106.5903,28.5,10,0,60,6
4G-BCH314M-HCM,4G-BCH314M13-HCM,10.7059,106.5903,28.5,240,0,60,6
UL_BCH315M_HCM,4G-BCH315M13-HCM,10.725148,106.68395,28.5,240,0,60,6
UL_BCH318M_HCM,4G-BCH318M13-HCM,10.71314,106.58186,28,230,0,60,6
UL_BCH320B_HCM,4G-BCH320M11-HCM,10.66656,106.63545,26,0,0,60,6
UL_BCH321M_HCM,4G-BCH321M11-HCM,10.84088,106.57471,26,0,0,60,6
UL_BCH322M_HCM,4G-BCH322M11-HCM,10.73132,106.535791,27,340,0,60,6
UL_BCH322M_HCM,4G-BCH322M12-HCM,10.73132,106.535791,27,60,0,60,6
4G-BCH326M-HCM,4G-BCH326M13-HCM,10.720956,106.680589,26,230,0,60,6
UL_BCH328B_HCM,4G-BCH328M12-HCM,10.64839,106.6479,29,120,0,60,6
UL_BCH329M_HCM,4G-BCH329M11-HCM,10.71289,106.5883,23,0,0,60,6
4G-BCH335M-HCM,4G-BCH335M11-HCM,10.82701,106.57188,27,10,0,60,6
4G-BCH335M-HCM,4G-BCH335M12-HCM,10.82701,106.57188,27,140,0,60,6
4G-BCH337M-HCM,4G-BCH337M11-HCM,10.822116,106.579708,27,0,0,60,6
UL_BCH342M_HCM,4G-BCH342M13-HCM,10.725525,106.528679,28,200,0,60,6
UL_BCH352B_HCM,4G-BCH350M12-HCM,10.7123,106.66253,62,140,0,60,6
UL_BCH360M_HCM,4G-BCH360M11-HCM,10.79518,106.51356,28,0,0,60,6
4G-BCH367M-HCM,4G-BCH367M11-HCM,10.765258,106.565612,22,340,0,60,6
4G-BCH367M-HCM,4G-BCH367M12-HCM,10.765258,106.565612,22,130,0,60,6
SL-BCH369M-HCM,4G-BCH369M12-HCM,10.78691,106.568184,28.5,110,0,60,6
4G-BCH370M-HCM,4G-BCH370M11-HCM,10.72608,106.67126,28,350,0,60,6
4G-BCH370M-HCM,4G-BCH370M13-HCM,10.72608,106.67126,28,250,0,60,6
SL-BCH373M-HCM,4G-BCH373M11-HCM,10.65968,106.61574,28.5,340,0,60,6
4G-BCH374M-HCM,4G-BCH374M12-HCM,10.697212,106.655581,27,80,0,60,6
4G-BCH013M-HCM,4G-BCH376M11-HCM,10.77358,106.54675,22,70,0,60,6
4G-BCH013M-HCM,4G-BCH376M12-HCM,10.77358,106.54675,22,200,0,60,6
4G-BCH001M-HCM,4G-BCH377M11-HCM,10.68029,106.61292,23,100,0,60,6
4G-BCH001M-HCM,4G-BCH377M13-HCM,10.68029,106.61292,23,200,0,60,6
4G-BCH041M-HCM,4G-BCH379M11-HCM,10.74677,106.51444,30,30,0,60,6
4G-BCH041M-HCM,4G-BCH379M12-HCM,10.74677,106.51444,30,110,0,60,6
UL_BCH264M_HCM,4G-BCH380M11-HCM,10.65989,106.65258,27,100,0,60,6
UL_BCH264M_HCM,4G-BCH380M13-HCM,10.65989,106.65258,27,350,0,60,6
UL_BCH094M_HCM,4G-BCH382M12-HCM,10.67993,106.66361,30,200,0,60,6
UL_BCH094M_HCM,4G-BCH382M13-HCM,10.67993,106.66361,30,300,0,60,6
UL_BCH024M_HCM,4G-BCH383M11-HCM,10.66439,106.65919,27,20,0,60,6
UL_BCH024M_HCM,4G-BCH383M13-HCM,10.66439,106.65919,27,280,0,60,6
4G-BCH009M-HCM,4G-BCH384M12-HCM,10.68179,106.62775,27,130,0,60,6
4G-BCH009M-HCM,4G-BCH384M13-HCM,10.68179,106.62775,27,340,0,60,6
4G-BCH391M-HCM,4G-BCH391M12-HCM,10.642448,106.655454,29,80,0,60,6
4G-BCH393M-HCM,4G-BCH393M11-HCM,10.73851,106.51841,28,20,0,60,6
4G-BCH393M-HCM,4G-BCH393M12-HCM,10.73851,106.51841,28,190,0,60,6
4G-BCH393M-HCM,4G-BCH393M13-HCM,10.73851,106.51841,28,310,0,60,6
4G-BCH394M-HCM,4G-BCH394M13-HCM,10.781461,106.566073,28,260,0,60,6
4G-BCH397M-HCM,4G-BCH397M12-HCM,10.791572,106.568749,28,120,0,60,6
4G-BCH400M-HCM,4G-BCH400M12-HCM,10.734121,106.547684,28,90,0,60,6
4G-BCH400M-HCM,4G-BCH400M13-HCM,10.734121,106.547684,28,180,0,60,6
4G-BCH401M-HCM,4G-BCH401M12-HCM,10.786111,106.515056,28,130,0,60,6
4G-BCH401M-HCM,4G-BCH401M13-HCM,10.786111,106.515056,28,260,0,60,6
4G-BCH402B-HCM,4G-BCH402M11-HCM,10.697033,106.571533,28,300,0,60,6
4G-BCH402B-HCM,4G-BCH402M12-HCM,10.697033,106.571533,28,100,0,60,6
4G-BCH405M-HCM,4G-BCH405M12-HCM,10.71936,106.66747,28,60,0,60,6
4G-BCH410M-HCM,4G-BCH410M11-HCM,10.655867,106.621249,29,0,0,60,6
4G-BCH410M-HCM,4G-BCH410M12-HCM,10.655867,106.621249,29,130,0,60,6
4G-BDA001M-BTE,4G-BDA001M11-BTE,10.09039,106.7058,35,310,0,60,6
4G-BDA001M-BTE,4G-BDA001M12-BTE,10.09039,106.7058,35,70,0,60,6
4G-BDA001M-BTE,4G-BDA001M13-BTE,10.09039,106.7058,35,170,0,60,6
4G-BDA002M-BTE,4G-BDA002M11-BTE,10.212423,106.611725,44,40,0,60,6
4G-BDA003M-BTE,4G-BDA003M11-BTE,10.16896,106.7027,43,10,0,60,6
4G-BDA003M-BTE,4G-BDA003M12-BTE,10.16896,106.7027,43,160,0,60,6
4G-BDA007M-BTE,4G-BDA007M13-BTE,10.197504,106.63341,39,280,0,60,6
4G-BDA008M-BTE,4G-BDA008M11-BTE,10.22374,106.64722,40,0,0,60,6
4G-BDA008M-BTE,4G-BDA008M13-BTE,10.22374,106.64722,40,240,0,60,6
LN-BDA011M-BTE,4G-BDA011M11-BTE,10.14638,106.66926,35,30,0,60,6
4G-BDA014M-BTE,4G-BDA014M13-BTE,10.27465,106.45881,36,210,0,60,6
4G-BDA019M-BTE,4G-BDA019M13-BTE,10.11886,106.69094,39.5,260,0,60,6
4G-BDA025M-BTE,4G-BDA025M12-BTE,10.2295,106.55912,39,120,0,60,6
4G-BDA026M-BTE,4G-BDA026M13-BTE,10.17394,106.68256,35,260,0,60,6
4G-BDA031M-BTE,4G-BDA031M11-BTE,10.19143,106.6728,40,0,0,60,6
4G-BDA031M-BTE,4G-BDA031M12-BTE,10.19143,106.6728,40,120,0,60,6
4G-BDA031M-BTE,4G-BDA031M13-BTE,10.19143,106.6728,40,220,0,60,6
4G-BDA034M-BTE,4G-BDA034M12-BTE,10.22685,106.61998,41,80,0,60,6
4G-BDA034M-BTE,4G-BDA034M13-BTE,10.22685,106.61998,41,250,0,60,6
4G-BDA035M-BTE,4G-BDA035M13-BTE,10.14165,106.76581,40,260,0,60,6
4G-BDA036M-BTE,4G-BDA036M11-BTE,10.04489,106.70487,41,350,0,60,6
4G-BDA037M-BTE,4G-BDA037M12-BTE,10.09582,106.77351,41,120,0,60,6
4G-BDA038M-BTE,4G-BDA038M11-BTE,10.162716,106.654875,41,320,0,60,6
4G-BDA038M-BTE,4G-BDA038M13-BTE,10.162716,106.654875,41,220,0,60,6
4G-BDA040M-BTE,4G-BDA040M12-BTE,10.17801,106.6969,36,170,0,60,6
4G-BDA041M-BTE,4G-BDA041M11-BTE,10.184799,106.681499,41,0,0,60,6
4G-BDA042M-BTE,4G-BDA042M11-BTE,10.2647,106.5116,39,0,0,60,6
4G-BDA045M-BTE,4G-BDA045M11-BTE,10.14562,106.63678,41,40,0,60,6
4G-BDA045M-BTE,4G-BDA045M12-BTE,10.14562,106.63678,41,130,0,60,6
4G-BDA045M-BTE,4G-BDA045M13-BTE,10.14562,106.63678,41,240,0,60,6
4G-BDA046M-BTE,4G-BDA046M13-BTE,10.26229,106.47829,36,160,0,60,6
4G-BDA048M-BTE,4G-BDA048M11-BTE,10.219212,106.670635,40,0,0,60,6
4G-BDA048M-BTE,4G-BDA048M12-BTE,10.219212,106.670635,40,110,0,60,6
4G-BDA048M-BTE,4G-BDA048M13-BTE,10.219212,106.670635,40,210,0,60,6
4G-BDA049M-BTE,4G-BDA049M11-BTE,10.181184,106.644935,41,0,0,60,6
4G-BDA050M-BTE,4G-BDA050M13-BTE,10.23916,106.51337,36,250,0,60,6
4G-BDA052M-BTE,4G-BDA052M11-BTE,10.12711,106.70705,40,350,0,60,6
4G-BDA052M-BTE,4G-BDA052M13-BTE,10.12711,106.70705,40,230,0,60,6
4G-BDA053M-BTE,4G-BDA053M11-BTE,10.22104,106.52339,40.5,30,0,60,6
4G-BDA058M-BTE,4G-BDA058M12-BTE,10.158472,106.67652,40.5,110,0,60,6
4G-BDA058M-BTE,4G-BDA058M13-BTE,10.158472,106.67652,40.5,240,0,60,6
4G-BDA060M-BTE,4G-BDA060M12-BTE,10.206189,106.599686,40.5,120,0,60,6
4G-BDA060M-BTE,4G-BDA060M13-BTE,10.206189,106.599686,40.5,230,0,60,6
4G-BDA061M-BTE,4G-BDA061M11-BTE,10.22894,106.5833,40,10,0,60,6
SL-BDA063M-BTE,4G-BDA063M12-BTE,10.21531,106.54206,40,120,0,60,6
4G-BDA064M-BTE,4G-BDA064M11-BTE,10.24522,106.53286,40,30,0,60,6
4G-BDA064M-BTE,4G-BDA064M13-BTE,10.24522,106.53286,40,310,0,60,6
4G-BDA065M-BTE,4G-BDA065M11-BTE,10.24393,106.57175,40,310,0,60,6
4G-BDA065M-BTE,4G-BDA065M12-BTE,10.24393,106.57175,40,100,0,60,6
4G-BDA066M-BTE,4G-BDA066M11-BTE,10.22577,106.59401,40,40,0,60,6
4G-BDA066M-BTE,4G-BDA066M12-BTE,10.22577,106.59401,40,140,0,60,6
4G-BDA067M-BTE,4G-BDA067M11-BTE,10.14988,106.77798,40,340,0,60,6
4G-BDA067M-BTE,4G-BDA067M12-BTE,10.14988,106.77798,40,130,0,60,6
4G-BDA067M-BTE,4G-BDA067M13-BTE,10.14988,106.77798,40,270,0,60,6
4G-BDA070M-BTE,4G-BDA070M11-BTE,10.2884,106.45832,40,290,0,60,6
4G-BDA070M-BTE,4G-BDA070M12-BTE,10.2884,106.45832,40,70,0,60,6
4G-BDA070M-BTE,4G-BDA070M13-BTE,10.2884,106.45832,40,150,0,60,6
4G-BDA703B-BTE,4G-BDA703M11-BTE,10.21405,106.62948,40,20,0,60,6
4G-BDA703B-BTE,4G-BDA703M12-BTE,10.21405,106.62948,40,110,0,60,6
4G-BDA704B-BTE,4G-BDA704M11-BTE,10.28406,106.50149,40,15,0,60,6
4G-BDA704B-BTE,4G-BDA704M12-BTE,10.28406,106.50149,40,120,0,60,6
4G-BDA704B-BTE,4G-BDA704M13-BTE,10.28406,106.50149,40,260,0,60,6
4G-BDA056M-BTE,4G-BDA706M12-BTE,10.24182,106.49266,40,130,0,60,6
4G-BDA712B-BTE,4G-BDA712M12-BTE,10.190216,106.622015,40,220,0,60,6
UL_BHO011M_DNI,4G-BHO011M12-DNI,10.989525,106.89049,39,100,0,60,6
UL_BHO021M_DNI,4G-BHO021M11-DNI,10.92549,106.80284,37,20,0,60,6
UL_BHO021M_DNI,4G-BHO021M13-DNI,10.92549,106.80284,37,240,0,60,6
UL_BHO025M_DNI,4G-BHO025M12-DNI,10.926262,106.878333,28,80,0,60,6
UL_BHO025M_DNI,4G-BHO025M13-DNI,10.926262,106.878333,28,180,0,60,6
UL_BHO027M_DNI,4G-BHO027M13-DNI,10.92447,106.87216,33,230,0,60,6
UL_BHO039M_DNI,4G-BHO039M13-DNI,10.95383,106.798096,25,310,0,60,6
UL_BHO040M_DNI,4G-BHO040M12-DNI,10.957857,106.790424,25,120,0,60,6
UL_BHO045M_DNI,4G-BHO045M13-DNI,10.93893,106.8339,29,220,0,60,6
UL_BHO046M_DNI,4G-BHO046M13-DNI,10.932323,106.82708,25,210,0,60,6
UL_BHO049M_DNI,4G-BHO049M11-DNI,10.94314,106.84137,31,330,0,60,6
UL_BHO049M_DNI,4G-BHO049M12-DNI,10.94314,106.84137,31,120,0,60,6
UL_BHO060M_DNI,4G-BHO060M11-DNI,10.93292,106.89663,34,300,0,60,6
UL_BHO085M_DNI,4G-BHO085M13-DNI,10.94634,106.85702,29,240,0,60,6
UL_BHO092M_DNI,4G-BHO092M13-DNI,10.96796,106.89829,27,240,0,60,6
UL_BHO122M_DNI,4G-BHO122M12-DNI,10.97416,106.85521,18,140,0,60,6
4G-BHO133M-DNI,4G-BHO133M12-DNI,10.90434,106.90661,28,120,0,60,6
4G-BHO167M-DNI,4G-BHO167M13-DNI,10.85752,106.90874,33,160,0,60,6
UL_BHO171M_DNI,4G-BHO171M11-DNI,10.92082,106.862707,28,0,0,60,6
UL_BHO177M_DNI,4G-BHO177M11-DNI,10.868151,106.894824,28,20,0,60,6
UL_BHO177M_DNI,4G-BHO177M12-DNI,10.868151,106.894824,28,160,0,60,6
UL_BHO177M_DNI,4G-BHO177M13-DNI,10.868151,106.894824,28,260,0,60,6
UL_BHO188M_DNI,4G-BHO188M11-DNI,10.913943,106.858111,26,350,0,60,6
UL_BHO188M_DNI,4G-BHO188M13-DNI,10.913943,106.858111,26,230,0,60,6
UL_BHO192M_DNI,4G-BHO192M13-DNI,10.951246,106.809345,30,270,0,60,6
UL_BHO200M_DNI,4G-BHO200M11-DNI,10.91014,106.93438,30,0,0,60,6
UL_BHO200M_DNI,4G-BHO200M12-DNI,10.91014,106.93438,30,160,0,60,6
UL_BHO208M_DNI,4G-BHO208M11-DNI,10.863227,106.962638,30,10,0,60,6
UL_BHO229M_DNI,4G-BHO229M13-DNI,10.950976,106.939052,28,230,0,60,6
UL_BHO230M_DNI,4G-BHO230M12-DNI,10.9588,106.90313,27,120,0,60,6
UL_BHO235M_DNI,4G-BHO235M13-DNI,10.94135,106.79984,28,240,0,60,6
UL_BHO236M_DNI,4G-BHO236M13-DNI,10.99852,106.88634,28,260,0,60,6
UL_BHO237M_DNI,4G-BHO237W12-DNI,10.87592,106.86062,23,80,0,60,6
UL_BHO237M_DNI,4G-BHO237W15-DNI,10.87592,106.86062,23,140,0,60,6
UL_BHO239M_DNI,4G-BHO239M12-DNI,10.87432,106.93836,22,150,0,60,6
UL_BHO242M_DNI,4G-BHO242M11-DNI,10.91664,106.94807,29,0,0,60,6
UL_BHO242M_DNI,4G-BHO242M12-DNI,10.91664,106.94807,29,120,0,60,6
UL_BHO242M_DNI,4G-BHO242M13-DNI,10.91664,106.94807,29,240,0,60,6
UL_BHO243M_DNI,4G-BHO243M11-DNI,10.96037,106.81123,30,350,0,60,6
UL_BHO249M_DNI,4G-BHO249M13-DNI,10.94263,106.93108,34,310,0,60,6
UL_BHO250M_DNI,4G-BHO250M13-DNI,10.97171,106.79915,28,240,0,60,6
UL_BHO251M_DNI,4G-BHO251M11-DNI,10.937241,106.796755,24,340,0,60,6
UL_BHO251M_DNI,4G-BHO251M12-DNI,10.937241,106.796755,24,130,0,60,6
UL_BHO253B_DNI,4G-BHO253M11-DNI,10.88846,106.89641,38.5,30,0,60,6
UL_BHO253B_DNI,4G-BHO253M12-DNI,10.88846,106.89641,38.5,140,0,60,6
UL_BHO257M_DNI,4G-BHO257M12-DNI,10.97639,106.90997,27,130,0,60,6
UL_BHO260M_DNI,4G-BHO260M11-DNI,10.86646,106.85209,18,0,0,60,6
UL_BHO263M_DNI,4G-BHO263M13-DNI,10.923203,106.842071,34.5,220,0,60,6
UL_BHO269M_DNI,4G-BHO269M11-DNI,10.936662,106.882004,28,240,0,60,6
UL_BHO270M_DNI,4G-BHO270M12-DNI,10.985678,106.831789,27,150,0,60,6
UL_BHO271M_DNI,4G-BHO271M13-DNI,10.9126,106.92126,28,260,0,60,6
UL_BHO279M_DNI,4G-BHO279M13-DNI,10.9743,106.8469,19,200,0,60,6
UL_BHO281M_DNI,4G-BHO281M11-DNI,10.963456,106.887022,28,20,0,60,6
UL_BHO281M_DNI,4G-BHO281M12-DNI,10.963456,106.887022,28,130,0,60,6
UL_BHO281M_DNI,4G-BHO281M13-DNI,10.963456,106.887022,28,250,0,60,6
UL_BHO282M_DNI,4G-BHO282M11-DNI,10.985636,106.868757,25,0,0,60,6
UL_BHO282M_DNI,4G-BHO282M12-DNI,10.985636,106.868757,25,110,0,60,6
UL_BHO283M_DNI,4G-BHO283M11-DNI,10.914816,106.831678,24,20,0,60,6
UL_BHO283M_DNI,4G-BHO283M12-DNI,10.914816,106.831678,24,150,0,60,6
UL_BHO284M_DNI,4G-BHO284M12-DNI,10.972266,106.918222,28,130,0,60,6
UL_BHO284M_DNI,4G-BHO284M13-DNI,10.972266,106.918222,28,260,0,60,6
UL_BHO289M_DNI,4G-BHO289M13-DNI,10.853636,106.927927,28,230,0,60,6
UL_BHO290M_DNI,4G-BHO290M12-DNI,10.965303,106.867606,22,140,0,60,6
UL_BHO292M_DNI,4G-BHO292M11-DNI,10.954567,106.802959,22,330,0,60,6
UL_BHO292M_DNI,4G-BHO292M12-DNI,10.954567,106.802959,22,120,0,60,6
UL_BHO293M_DNI,4G-BHO293M12-DNI,10.97185,106.83882,24,120,0,60,6
UL_BHO297M_DNI,4G-BHO297M11-DNI,10.9304,106.8701,22,0,0,60,6
UL_BHO298M_DNI,4G-BHO298M12-DNI,10.96977,106.8616,21,140,0,60,6
UL_BHO298M_DNI,4G-BHO298M13-DNI,10.96977,106.8616,21,240,0,60,6
UL_BHO299M_DNI,4G-BHO299M13-DNI,10.98873,106.83456,28,270,0,60,6
UL_BHO302M_DNI,4G-BHO302M11-DNI,10.98112,106.8651,22,340,0,60,6
UL_BHO304M_DNI,4G-BHO304M11-DNI,10.98059,106.89133,28,0,0,60,6
UL_BHO304M_DNI,4G-BHO304M13-DNI,10.98059,106.89133,28,240,0,60,6
UL_BHO305M_DNI,4G-BHO305M11-DNI,10.94768,106.82704,22,0,0,60,6
UL_BHO305M_DNI,4G-BHO305M12-DNI,10.94768,106.82704,22,140,0,60,6
UL_BHO305M_DNI,4G-BHO305M13-DNI,10.94768,106.82704,22,270,0,60,6
UL_BHO306M_DNI,4G-BHO306M12-DNI,10.9657,106.83604,18,120,0,60,6
UL_BHO306M_DNI,4G-BHO306M13-DNI,10.9657,106.83604,18,240,0,60,6
UL_BHO309M_DNI,4G-BHO309M11-DNI,10.875144,106.926831,28,30,0,60,6
UL_BHO309M_DNI,4G-BHO309M12-DNI,10.875144,106.926831,28,160,0,60,6
UL_BHO311M_DNI,4G-BHO311M12-DNI,10.9281,106.8665,31,130,0,60,6
UL_BHO312M_DNI,4G-BHO312M11-DNI,10.94514,106.8823,18,310,0,60,6
UL_BHO312M_DNI,4G-BHO312M12-DNI,10.94514,106.8823,18,90,0,60,6
UL_BHO312M_DNI,4G-BHO312M13-DNI,10.94514,106.8823,18,200,0,60,6
UL_BHO315M_DNI,4G-BHO315M11-DNI,10.94691,106.86998,27,310,0,60,6
UL_BHO316M_DNI,4G-BHO316M13-DNI,10.93107,106.876955,30,210,0,60,6
4G-BHO323B-DNI,4G-BHO323M13-DNI,10.97792,106.90402,24,230,0,60,6
LN-BHO331M-DNI,4G-BHO331M11-DNI,10.93368,106.83076,22,320,0,60,6
LN-BHO331M-DNI,4G-BHO331M13-DNI,10.93368,106.83076,22,180,0,60,6
4G-BHO344M-DNI,4G-BHO344M12-DNI,10.962805,106.915548,29.5,130,0,60,6
4G-BHO346M-DNI,4G-BHO346M11-DNI,10.93187,106.84398,32,320,0,60,6
4G-BHO346M-DNI,4G-BHO346M12-DNI,10.93187,106.84398,32,100,0,60,6
4G-BHO346M-DNI,4G-BHO346M13-DNI,10.93187,106.84398,32,180,0,60,6
LN-BHO347M-DNI,4G-BHO347M11-DNI,10.977302,106.896679,35,0,0,60,6
LN-BHO347M-DNI,4G-BHO347M12-DNI,10.977302,106.896679,35,100,0,60,6
LN-BHO347M-DNI,4G-BHO347M13-DNI,10.977302,106.896679,35,230,0,60,6
4G-BHO349M-DNI,4G-BHO349M11-DNI,10.959482,106.840797,18,0,0,60,6
4G-BHO349M-DNI,4G-BHO349M13-DNI,10.959482,106.840797,18,220,0,60,6
4G-BHO350M-DNI,4G-BHO350M11-DNI,10.94724,106.851886,35,240,0,60,6
4G-BHO350M-DNI,4G-BHO350M13-DNI,10.94724,106.851886,35,0,0,60,6
4G-BHO351M-DNI,4G-BHO351M11-DNI,10.917182,106.941101,35,240,0,60,6
4G-BHO351M-DNI,4G-BHO351M12-DNI,10.917182,106.941101,35,120,0,60,6
4G-BHO351M-DNI,4G-BHO351M13-DNI,10.917182,106.941101,35,0,0,60,6
LN-BHO352M-DNI,4G-BHO352M13-DNI,10.921738,106.87464,27,230,0,60,6
4G-BHO356M-DNI,4G-BHO356M13-DNI,10.916629,106.879592,25,250,0,60,6
LN-BHO357M-DNI,4G-BHO357M11-DNI,10.989171,106.87526,23,40,0,60,6
LN-BHO357M-DNI,4G-BHO357M12-DNI,10.989171,106.87526,23,160,0,60,6
4G-BHO362M-DNI,4G-BHO362M11-DNI,10.948626,106.89787,19,30,0,60,6
UL_BHO367M_DNI,4G-BHO367M11-DNI,10.95874,106.912764,24,340,0,60,6
4G-BHO372M-DNI,4G-BHO372M11-DNI,10.90917,106.85349,24,0,0,60,6
UL_BHO374B_DNI,4G-BHO374M11-DNI,10.868491,106.983739,28,10,0,60,6
UL_BHO374B_DNI,4G-BHO374M12-DNI,10.868491,106.983739,28,200,0,60,6
4G-BHO375M-DNI,4G-BHO375M11-DNI,10.920366,106.9372,28,350,0,60,6
4G-BHO375M-DNI,4G-BHO375M13-DNI,10.920366,106.9372,28,260,0,60,6
4G-BHO387M-DNI,4G-BHO387M11-DNI,10.915514,106.904479,34,350,0,60,6
4G-BHO387M-DNI,4G-BHO387M12-DNI,10.915514,106.904479,34,140,0,60,6
4G-BHO387M-DNI,4G-BHO387M13-DNI,10.915514,106.904479,34,240,0,60,6
UL_BHO418M_DNI,4G-BHO418M13-DNI,10.96344,106.91116,27,230,0,60,6
UL_BHO423M_DNI,4G-BHO423M12-DNI,10.85992,106.93375,28,120,0,60,6
UL_BHO425M_DNI,4G-BHO425M12-DNI,10.932161,106.89016,28,120,0,60,6
4G-BHO428M-DNI,4G-BHO428M12-DNI,10.875888,106.873469,26,170,0,60,6
4G-BHO429M-DNI,4G-BHO429M11-DNI,10.89224,106.95013,33,60,0,60,6
4G-BHO429M-DNI,4G-BHO429M12-DNI,10.89224,106.95013,33,160,0,60,6
4G-BHO432M-DNI,4G-BHO432M12-DNI,10.9097,106.8615,28,80,0,60,6
UL_BHO433M_DNI,4G-BHO433M11-DNI,10.958943,106.800674,20,0,0,60,6
UL_BHO436M_DNI,4G-BHO436M12-DNI,10.86802,106.90737,33,130,0,60,6
UL_BHO436M_DNI,4G-BHO436M13-DNI,10.86802,106.90737,33,250,0,60,6
UL_BHO441M_DNI,4G-BHO441M11-DNI,10.96732,106.85275,19,40,0,60,6
4G-BHO442M-DNI,4G-BHO442M11-DNI,10.9402,106.829057,19,330,0,60,6
4G-BHO442M-DNI,4G-BHO442M12-DNI,10.9402,106.829057,19,90,0,60,6
4G-BHO442M-DNI,4G-BHO442M13-DNI,10.9402,106.829057,19,190,0,60,6
4G-BHO444M-DNI,4G-BHO444M11-DNI,10.96838,106.9038,31,20,0,60,6
4G-BHO444M-DNI,4G-BHO444M12-DNI,10.96838,106.9038,31,160,0,60,6
4G-BHO444M-DNI,4G-BHO444M13-DNI,10.96838,106.9038,31,280,0,60,6
4G-BHO445M-DNI,4G-BHO445M11-DNI,10.936883,106.792962,13,0,0,60,6
4G-BHO445M-DNI,4G-BHO445M12-DNI,10.936883,106.792962,13,130,0,60,6
4G-BHO445M-DNI,4G-BHO445M13-DNI,10.936883,106.792962,13,260,0,60,6
4G-BHO446M-DNI,4G-BHO446M11-DNI,10.84369,106.86833,34,0,0,60,6
4G-BHO446M-DNI,4G-BHO446M13-DNI,10.84369,106.86833,34,280,0,60,6
4G-BHO448M-DNI,4G-BHO448M11-DNI,10.9473,106.8896,31,350,0,60,6
4G-BHO448M-DNI,4G-BHO448M12-DNI,10.9473,106.8896,31,110,0,60,6
4G-BHO452M-DNI,4G-BHO452M11-DNI,10.92273,106.79733,28,20,0,60,6
4G-BHO452M-DNI,4G-BHO452M12-DNI,10.92273,106.79733,28,130,0,60,6
4G-BHO452M-DNI,4G-BHO452M13-DNI,10.92273,106.79733,28,280,0,60,6
4G-BHO453M-DNI,4G-BHO453M11-DNI,10.90608,106.95501,37,0,0,60,6
4G-BHO453M-DNI,4G-BHO453M12-DNI,10.90608,106.95501,37,120,0,60,6
4G-BHO453M-DNI,4G-BHO453M13-DNI,10.90608,106.95501,37,250,0,60,6
4G-BHO458M-DNI,4G-BHO458M11-DNI,10.90705,106.829945,24,350,0,60,6
4G-BHO458M-DNI,4G-BHO458M12-DNI,10.90705,106.829945,24,100,0,60,6
4G-BHO459M-DNI,4G-BHO459M12-DNI,10.94105,106.93991,28,160,0,60,6
4G-BHO467M-DNI,4G-BHO467M11-DNI,10.89525,106.90605,34,10,0,60,6
4G-BHO467M-DNI,4G-BHO467M13-DNI,10.89525,106.90605,34,260,0,60,6
4G-BHO486M-DNI,4G-BHO486M12-DNI,10.892959,106.875872,25,90,0,60,6
4G-BHO501M-DNI,4G-BHO501M12-DNI,10.92996,106.83245,20,130,0,60,6
4G-BHO501M-DNI,4G-BHO501M13-DNI,10.92996,106.83245,20,250,0,60,6
4G-BHO509M-DNI,4G-BHO509M12-DNI,10.923,106.805671,28,130,0,60,6
4G-BHO510M-DNI,4G-BHO510M12-DNI,10.902902,106.844997,21,180,0,60,6
4G-BHO511M-DNI,4G-BHO511M11-DNI,10.897889,106.843778,28,330,0,60,6
4G-BHO511M-DNI,4G-BHO511M12-DNI,10.897889,106.843778,28,100,0,60,6
UL_BHO704B_DNI,4G-BHO704M11-DNI,10.93435,106.84067,30,30,0,60,6
UL_BHO705B_DNI,4G-BHO705M11-DNI,10.984398,106.891829,27,20,0,60,6
UL_BHO705B_DNI,4G-BHO705M12-DNI,10.984398,106.891829,27,220,0,60,6
UL_BHO706B_DNI,4G-BHO706M11-DNI,10.84715,106.93908,36,340,0,60,6
UL_BHO706B_DNI,4G-BHO706M12-DNI,10.84715,106.93908,36,200,0,60,6
UL_BHO707B_DNI,4G-BHO707M11-DNI,10.88009,106.932883,33,30,0,60,6
UL_BHO707B_DNI,4G-BHO707M12-DNI,10.88009,106.932883,33,180,0,60,6
4G-BHO710M-DNI,4G-BHO710M12-DNI,10.86441,106.8886,27,200,0,60,6
SR_BLU001M_LAN,4G-BLU001M11-LAN,10.61331,106.4527,31,30,0,60,6
UL_BLU002M_LAN,4G-BLU002M11-LAN,10.61782,106.51609,40,0,0,60,6
UL_BLU002M_LAN,4G-BLU002M12-LAN,10.61782,106.51609,40,110,0,60,6
UL_BLU002M_LAN,4G-BLU002M13-LAN,10.61782,106.51609,40,260,0,60,6
UL_BLU006M_LAN,4G-BLU006M13-LAN,10.74207,106.46877,39,230,0,60,6
UL_BLU007M_LAN,4G-BLU007M13-LAN,10.69467,106.41589,40,190,0,60,6
UL_BLU011M_LAN,4G-BLU011M11-LAN,10.65763,106.42863,34,330,0,60,6
UL_BLU012M_LAN,4G-BLU012M11-LAN,10.67584,106.44868,39,10,0,60,6
UL_BLU012M_LAN,4G-BLU012M12-LAN,10.67584,106.44868,39,130,0,60,6
UL_BLU012M_LAN,4G-BLU012M13-LAN,10.67584,106.44868,39,240,0,60,6
UL_BLU018M_LAN,4G-BLU018M13-LAN,10.72455,106.44287,40,170,0,60,6
UL_BLU019M_LAN,4G-BLU019M11-LAN,10.69544,106.44586,40,0,0,60,6
UL_BLU019M_LAN,4G-BLU019M12-LAN,10.69544,106.44586,40,80,0,60,6
UL_BLU019M_LAN,4G-BLU019M13-LAN,10.69544,106.44586,40,180,0,60,6
UL_BLU029M_LAN,4G-BLU029M12-LAN,10.65288,106.46942,39,90,0,60,6
UL_BLU034M_LAN,4G-BLU034M12-LAN,10.61655,106.474808,36,100,0,60,6
SL-BLU036M-LAN,4G-BLU036M11-LAN,10.6895,106.47001,34,110,0,60,6
SL-BLU036M-LAN,4G-BLU036M12-LAN,10.6895,106.47001,34,190,0,60,6
SL-BLU036M-LAN,4G-BLU036M13-LAN,10.6895,106.47001,34,250,0,60,6
UL_BLU044M_LAN,4G-BLU044W11-LAN,10.6167,106.4911,27,0,0,60,6
UL_BLU044M_LAN,4G-BLU044W12-LAN,10.6167,106.4911,27,150,0,60,6
UL_BLU044M_LAN,4G-BLU044W13-LAN,10.6167,106.4911,27,230,0,60,6
UL_BLU048M_LAN,4G-BLU048M11-LAN,10.635823,106.459068,34,40,0,60,6
UL_BLU048M_LAN,4G-BLU048M12-LAN,10.635823,106.459068,34,160,0,60,6
UL_BLU059M_LAN,4G-BLU059M12-LAN,10.673385,106.52534,34,80,0,60,6
UL_BLU060M_LAN,4G-BLU060W11-LAN,10.628259,106.493559,35,30,0,60,6
UL_BLU060M_LAN,4G-BLU060W12-LAN,10.628259,106.493559,35,200,0,60,6
UL_BLU060M_LAN,4G-BLU060W13-LAN,10.628259,106.493559,35,280,0,60,6
UL_BLU061M_LAN,4G-BLU061M13-LAN,10.710104,106.443832,34,260,0,60,6
UL_BLU062M_LAN,4G-BLU062M11-LAN,10.639788,106.476722,34,0,0,60,6
UL_BLU064M_LAN,4G-BLU064M12-LAN,10.624025,106.51107,34,140,0,60,6
UL_BLU068M_LAN,4G-BLU068M11-LAN,10.62311,106.457318,34,40,0,60,6
UL_BLU068M_LAN,4G-BLU068M12-LAN,10.62311,106.457318,34,150,0,60,6
UL_BLU069M_LAN,4G-BLU069M13-LAN,10.698944,106.463948,41,250,0,60,6
UL_BLU070M_LAN,4G-BLU070M11-LAN,10.645385,106.481756,36,0,0,60,6
UL_BLU071M_LAN,4G-BLU071M13-LAN,10.641219,106.495274,27,230,0,60,6
UL_BLU072M_LAN,4G-BLU072M13-LAN,10.624192,106.46842,35,260,0,60,6
UL_BLU073M_LAN,4G-BLU073M11-LAN,10.6301,106.4747,34,30,0,60,6
UL_BLU080M_LAN,4G-BLU080M11-LAN,10.78757,106.41861,39,30,0,60,6
UL_BLU080M_LAN,4G-BLU080M13-LAN,10.78757,106.41861,39,230,0,60,6
UL_BLU081M_LAN,4G-BLU081M12-LAN,10.67395,106.42236,40,160,0,60,6
UL_BLU082M_LAN,4G-BLU082M11-LAN,10.68311,106.4623,34.5,320,0,60,6
UL_BLU082M_LAN,4G-BLU082M13-LAN,10.68311,106.4623,34.5,230,0,60,6
UL_BLU083M_LAN,4G-BLU083M11-LAN,10.671525,106.54026,36,350,0,60,6
UL_BLU083M_LAN,4G-BLU083M12-LAN,10.671525,106.54026,36,120,0,60,6
UL_BLU083M_LAN,4G-BLU083M13-LAN,10.671525,106.54026,36,220,0,60,6
UL_BLU084M_LAN,4G-BLU084M11-LAN,10.66076,106.5438,34.5,330,0,60,6
UL_BLU084M_LAN,4G-BLU084M12-LAN,10.66076,106.5438,34.5,150,0,60,6
UL_BLU085M_LAN,4G-BLU085M11-LAN,10.64473,106.46073,34.5,10,0,60,6
UL_BLU085M_LAN,4G-BLU085M12-LAN,10.64473,106.46073,34.5,110,0,60,6
UL_BLU086M_LAN,4G-BLU086M12-LAN,10.63876,106.51205,34.5,90,0,60,6
UL_BLU091M_LAN,4G-BLU091M11-LAN,10.62651,106.44465,40,30,0,60,6
UL_BLU091M_LAN,4G-BLU091M12-LAN,10.62651,106.44465,40,110,0,60,6
UL_BLU095M_LAN,4G-BLU095M11-LAN,10.682791,106.549627,33,10,0,60,6
UL_BLU095M_LAN,4G-BLU095M12-LAN,10.682791,106.549627,33,160,0,60,6
UL_BLU095M_LAN,4G-BLU095M13-LAN,10.682791,106.549627,33,250,0,60,6
UL_BLU097M_LAN,4G-BLU097M11-LAN,10.65128,106.4539,28,0,0,60,6
UL_BLU097M_LAN,4G-BLU097M13-LAN,10.65128,106.4539,28,240,0,60,6
UL_BLU098M_LAN,4G-BLU098M12-LAN,10.65237,106.4462,28,90,0,60,6
UL_BLU099M_LAN,4G-BLU099M11-LAN,10.654753,106.459954,34,0,0,60,6
UL_BLU099M_LAN,4G-BLU099M12-LAN,10.654753,106.459954,34,270,0,60,6
UL_BLU099M_LAN,4G-BLU099M13-LAN,10.654753,106.459954,34,90,0,60,6
UL_BLU104M_LAN,4G-BLU104M11-LAN,10.715579,106.431755,37,350,0,60,6
UL_BLU104M_LAN,4G-BLU104M12-LAN,10.715579,106.431755,37,90,0,60,6
UL_BLU104M_LAN,4G-BLU104M13-LAN,10.715579,106.431755,37,190,0,60,6
4G-BLU109M-LAN,4G-BLU109M11-LAN,10.74266,106.42339,40,330,0,60,6
4G-BLU109M-LAN,4G-BLU109M13-LAN,10.74266,106.42339,40,150,0,60,6
UL_BLU700B_LAN,4G-BLU700M12-LAN,10.623351,106.489561,17,150,0,60,6
UL_BLU701B_LAN,4G-BLU701M11-LAN,10.748027,106.432562,33,80,0,60,6
UL_BLU701B_LAN,4G-BLU701M12-LAN,10.748027,106.432562,33,140,0,60,6
UL_BLU701B_LAN,4G-BLU701M13-LAN,10.748027,106.432562,33,230,0,60,6
UL_BLU702B_LAN,4G-BLU702M12-LAN,10.632827,106.518728,35,130,0,60,6
UL_BLU703B_LAN,4G-BLU703M11-LAN,10.623594,106.478605,36,30,0,60,6
4G-BLU704B-LAN,4G-BLU704M11-LAN,10.62668,106.49001,13,320,0,60,6
LN-BMI001M-VLG,4G-BMI001M11-VLG,10.06873,105.82105,32,50,0,60,6
4G-BMI002M-VLG,4G-BMI002M13-VLG,10.06371,105.80703,41,290,0,60,6
4G-BMI003M-VLG,4G-BMI003M11-VLG,10.04419,105.83341,40,350,0,60,6
4G-BMI003M-VLG,4G-BMI003M12-VLG,10.04419,105.83341,40,100,0,60,6
4G-BMI004M-VLG,4G-BMI004M12-VLG,10.02609,105.84121,25,140,0,60,6
4G-BMI008M-VLG,4G-BMI008M11-VLG,10.048452,105.806773,41,330,0,60,6
4G-BMI008M-VLG,4G-BMI008M12-VLG,10.048452,105.806773,41,140,0,60,6
4G-BMI010M-VLG,4G-BMI010M13-VLG,10.07384,105.83422,40,240,0,60,6
4G-BMI026M-VLG,4G-BMI026M13-VLG,10.04194,105.849442,41,290,0,60,6
4G-BMI027M-VLG,4G-BMI027M12-VLG,10.0315,105.8857,41,100,0,60,6
4G-BMI030M-VLG,4G-BMI030M11-VLG,10.05467,105.8416,40,320,0,60,6
4G-BMI031M-VLG,4G-BMI031M11-VLG,10.08497,105.83221,40,30,0,60,6
4G-BMI034M-VLG,4G-BMI034M11-VLG,10.016399,105.848311,40,330,0,60,6
4G-BMI034M-VLG,4G-BMI034M12-VLG,10.016399,105.848311,40,100,0,60,6
4G-BMI035M-VLG,4G-BMI035M12-VLG,10.003847,105.867055,40.5,150,0,60,6
4G-BMI038M-VLG,4G-BMI038M11-VLG,9.9942,105.8619,40,20,0,60,6
4G-BMI038M-VLG,4G-BMI038M13-VLG,9.9942,105.8619,40,290,0,60,6
4G-BMI039M-VLG,4G-BMI039M11-VLG,10.0617,105.8354,40,350,0,60,6
4G-BMI039M-VLG,4G-BMI039M12-VLG,10.0617,105.8354,40,180,0,60,6
4G-BMI039M-VLG,4G-BMI039M13-VLG,10.0617,105.8354,40,260,0,60,6
4G-BMI703B-VLG,4G-BMI703M11-VLG,10.06404,105.814786,28,60,0,60,6
4G-BMI703B-VLG,4G-BMI703M12-VLG,10.06404,105.814786,28,280,0,60,6
4G-BRI009M-VTU,4G-BRI009M12-VTU,10.54126,107.21504,40,140,0,60,6
UL_BRI010M_VTU,4G-BRI010M11-VTU,10.51635,107.22987,28,0,0,60,6
UL_BRI010M_VTU,4G-BRI010M13-VTU,10.51635,107.22987,28,260,0,60,6
UL_BRI018M_VTU,4G-BRI018M11-VTU,10.532557,107.198121,29,130,0,60,6
UL_BRI018M_VTU,4G-BRI018M12-VTU,10.532557,107.198121,29,200,0,60,6
UL_BRI018M_VTU,4G-BRI018M13-VTU,10.532557,107.198121,29,280,0,60,6
UL_BRI027M_VTU,4G-BRI027M12-VTU,10.516631,107.216588,34,130,0,60,6
UL_BRI027M_VTU,4G-BRI027M13-VTU,10.516631,107.216588,34,230,0,60,6
UL_BRI043M_VTU,4G-BRI043M11-VTU,10.51059,107.17379,30,0,0,60,6
UL_BRI044M_VTU,4G-BRI044M11-VTU,10.49236,107.164835,20,40,0,60,6
UL_BRI044M_VTU,4G-BRI044M12-VTU,10.49236,107.164835,20,160,0,60,6
UL_BRI044M_VTU,4G-BRI044M13-VTU,10.49236,107.164835,20,320,0,60,6
UL_BRI045M_VTU,4G-BRI045M11-VTU,10.501462,107.151959,24,0,0,60,6
UL_BRI045M_VTU,4G-BRI045M12-VTU,10.501462,107.151959,24,120,0,60,6
UL_BRI047M_VTU,4G-BRI047M12-VTU,10.50993,107.19415,22,140,0,60,6
UL_BRI047M_VTU,4G-BRI047M13-VTU,10.50993,107.19415,22,260,0,60,6
UL_BRI049M_VTU,4G-BRI049M12-VTU,10.52709,107.20123,37,120,0,60,6
UL_BRI051M_VTU,4G-BRI051M11-VTU,10.52995,107.23391,32,30,0,60,6
UL_BRI051M_VTU,4G-BRI051M12-VTU,10.52995,107.23391,32,190,0,60,6
UL_BRI051M_VTU,4G-BRI051M13-VTU,10.52995,107.23391,32,290,0,60,6
UL_BRI056M_VTU,4G-BRI056M12-VTU,10.502116,107.157742,15,170,0,60,6
UL_BRI056M_VTU,4G-BRI056M13-VTU,10.502116,107.157742,15,270,0,60,6
UL_BRI057M_VTU,4G-BRI057M11-VTU,10.507021,107.191252,20,0,0,60,6
UL_BRI057M_VTU,4G-BRI057M12-VTU,10.507021,107.191252,20,120,0,60,6
UL_BRI057M_VTU,4G-BRI057M13-VTU,10.507021,107.191252,20,250,0,60,6
UL_BRI058M_VTU,4G-BRI058M11-VTU,10.503135,107.170416,18,20,0,60,6
UL_BRI058M_VTU,4G-BRI058M13-VTU,10.503135,107.170416,18,250,0,60,6
UL_BRI060M_VTU,4G-BRI060M11-VTU,10.50781,107.175892,16,0,0,60,6
UL_BRI062M_VTU,4G-BRI062M11-VTU,10.50059,107.13774,34,20,0,60,6
UL_BRI065M_VTU,4G-BRI065M11-VTU,10.516575,107.206425,26,40,0,60,6
UL_BRI065M_VTU,4G-BRI065M12-VTU,10.516575,107.206425,26,170,0,60,6
UL_BRI065M_VTU,4G-BRI065M13-VTU,10.516575,107.206425,26,310,0,60,6
UL_BRI066M_VTU,4G-BRI066M12-VTU,10.50053,107.19333,34,100,0,60,6
UL_BRI067M_VTU,4G-BRI067M13-VTU,10.517949,107.190746,42,200,0,60,6
UL_BRI068M_VTU,4G-BRI068M11-VTU,10.527127,107.220417,34,0,0,60,6
4G-BRI079M-VTU,4G-BRI079M11-VTU,10.5499,107.20708,34,0,0,60,6
4G-BRI079M-VTU,4G-BRI079M12-VTU,10.5499,107.20708,34,130,0,60,6
4G-BRI081M-VTU,4G-BRI081M11-VTU,10.514995,107.182849,33,290,0,60,6
4G-BRI081M-VTU,4G-BRI081M12-VTU,10.514995,107.182849,33,50,0,60,6
4G-BRI084M-VTU,4G-BRI084M12-VTU,10.521896,107.193145,23,80,0,60,6
4G-BRI084M-VTU,4G-BRI084M13-VTU,10.521896,107.193145,23,220,0,60,6
4G-BRI087M-VTU,4G-BRI087M12-VTU,10.494433,107.203724,28,70,0,60,6
4G-BRI087M-VTU,4G-BRI087M13-VTU,10.494433,107.203724,28,210,0,60,6
UL_BRI701B_VTU,4G-BRI701M12-VTU,10.51159,107.19051,14,120,0,60,6
UL_BRI702B_VTU,4G-BRI702M11-VTU,10.491472,107.168716,11,0,0,60,6
UL_BRI705B_VTU,4G-BRI705M11-VTU,10.49865,107.19915,28,150,0,60,6
4G-BTA001M-VLG,4G-BTA001M11-VLG,10.122658,105.859857,35,15,0,60,6
4G-BTA001M-VLG,4G-BTA001M13-VLG,10.122658,105.859857,35,270,0,60,6
4G-BTA003M-VLG,4G-BTA003M11-VLG,10.18439,105.75681,41,330,0,60,6
SR_BTA003M_HCM,4G-BTA003M12-HCM,10.77646,106.59485,21,120,0,60,6
4G-BTA003M-VLG,4G-BTA003M12-VLG,10.18439,105.75681,41,130,0,60,6
SR_BTA003M_HCM,4G-BTA003M13-HCM,10.77646,106.59485,21,230,0,60,6
4G-BTA003M-VLG,4G-BTA003M13-VLG,10.18439,105.75681,41,250,0,60,6
4G-BTA004M-VLG,4G-BTA004M13-VLG,10.16053,105.72478,41,220,0,60,6
4G-BTA005M-VLG,4G-BTA005M12-VLG,10.11098,105.798,41,190,0,60,6
UL_BTA006M_HCM,4G-BTA006M13-HCM,10.79875,106.59713,28,250,0,60,6
4G-BTA010M-VLG,4G-BTA010M12-VLG,10.13492,105.73923,41,140,0,60,6
UL_BTA011M_HCM,4G-BTA011M11-HCM,10.76169,106.60353,24,40,0,60,6
4G-BTA012M-VLG,4G-BTA012M13-VLG,10.13995,105.71725,31,315,0,60,6
LN-BTA014M-VLG,4G-BTA014M11-VLG,10.10213,105.75376,26,50,0,60,6
4G-BTA015M-VLG,4G-BTA015M11-VLG,10.081026,105.783606,40,15,0,60,6
4G-BTA015M-VLG,4G-BTA015M13-VLG,10.081026,105.783606,40,290,0,60,6
UL_BTA016M_HCM,4G-BTA016M11-HCM,10.74324,106.59219,19,320,0,60,6
UL_BTA016M_HCM,4G-BTA016M13-HCM,10.74324,106.59219,19,170,0,60,6
4G-BTA020M-VLG,4G-BTA020M11-VLG,10.15761,105.77522,41,350,0,60,6
4G-BTA024M-VLG,4G-BTA024M11-VLG,10.14675,105.86219,31,10,0,60,6
4G-BTA024M-VLG,4G-BTA024M13-VLG,10.14675,105.86219,31,280,0,60,6
4G-BTA025M-VLG,4G-BTA025M11-VLG,10.10928,105.73648,35,40,0,60,6
4G-BTA025M-VLG,4G-BTA025M12-VLG,10.10928,105.73648,35,120,0,60,6
4G-BTA025M-VLG,4G-BTA025M13-VLG,10.10928,105.73648,35,320,0,60,6
4G-BTA027M-VLG,4G-BTA027M11-VLG,10.13442,105.69691,38,30,0,60,6
4G-BTA027M-VLG,4G-BTA027M12-VLG,10.13442,105.69691,38,110,0,60,6
4G-BTA027M-VLG,4G-BTA027M13-VLG,10.13442,105.69691,38,300,0,60,6
4G-BTA028M-VLG,4G-BTA028M12-VLG,10.108371,105.849846,38,170,0,60,6
SL-BTA029M-VLG,4G-BTA029M11-VLG,10.10902,105.76419,40.5,300,0,60,6
SL-BTA029M-VLG,4G-BTA029M12-VLG,10.10902,105.76419,40.5,110,0,60,6
4G-BTA031M-VLG,4G-BTA031M11-VLG,10.14873,105.72284,41,0,0,60,6
4G-BTA031M-VLG,4G-BTA031M12-VLG,10.14873,105.72284,41,150,0,60,6
4G-BTA031M-VLG,4G-BTA031M13-VLG,10.14873,105.72284,41,270,0,60,6
4G-BTA032M-VLG,4G-BTA032M11-VLG,10.1298,105.72185,37,50,0,60,6
4G-BTA032M-VLG,4G-BTA032M13-VLG,10.1298,105.72185,37,315,0,60,6
4G-BTA035M-VLG,4G-BTA035M11-VLG,10.098564,105.76474,40,320,0,60,6
4G-BTA035M-VLG,4G-BTA035M13-VLG,10.098564,105.76474,40,230,0,60,6
4G-BTA036M-VLG,4G-BTA036M11-VLG,10.10701,105.83834,40,40,0,60,6
4G-BTA037M-VLG,4G-BTA037M11-VLG,10.12671,105.84972,40,25,0,60,6
4G-BTA037M-VLG,4G-BTA037M12-VLG,10.12671,105.84972,40,180,0,60,6
4G-BTA037M-VLG,4G-BTA037M13-VLG,10.12671,105.84972,40,260,0,60,6
SL-BTA038M-VLG,4G-BTA038M12-VLG,10.13751,105.726679,40,170,0,60,6
SL-BTA038M-VLG,4G-BTA038M13-VLG,10.13751,105.726679,40,310,0,60,6
4G-BTA039M-VLG,4G-BTA039M11-VLG,10.1127,105.7486,40,310,0,60,6
4G-BTA039M-VLG,4G-BTA039M13-VLG,10.1127,105.7486,40,150,0,60,6
4G-BTA040M-VLG,4G-BTA040M11-VLG,10.1292,105.7986,40,0,0,60,6
4G-BTA040M-VLG,4G-BTA040M13-VLG,10.1292,105.7986,40,180,0,60,6
UL_BTA042M_HCM,4G-BTA042M13-HCM,10.72396,106.60796,23,250,0,60,6
UL_BTA047M_HCM,4G-BTA047M13-HCM,10.798974,106.604784,29,220,0,60,6
UL_BTA048M_HCM,4G-BTA048M11-HCM,10.80707,106.59035,21,330,0,60,6
UL_BTA053M_HCM,4G-BTA053M13-HCM,10.80437,106.5965,20.5,230,0,60,6
SR_BTA057M_HCM,4G-BTA057M13-HCM,10.76999,106.58627,22,260,0,60,6
UL_BTA064M_HCM,4G-BTA064M11-HCM,10.74703,106.58672,23,30,0,60,6
UL_BTA069M_HCM,4G-BTA069M13-HCM,10.77671,106.60657,23,270,0,60,6
UL_BTA070M_HCM,4G-BTA070M12-HCM,10.817505,106.59117,22,120,0,60,6
UL_BTA072M_HCM,4G-BTA072M11-HCM,10.82086,106.59556,20,20,0,60,6
UL_BTA074M_HCM,4G-BTA074M11-HCM,10.78766,106.59936,18,20,0,60,6
UL_BTA082M_HCM,4G-BTA082M13-HCM,10.73625,106.58829,20,240,0,60,6
4G-BTA084M-HCM,4G-BTA084M11-HCM,10.74015,106.59027,20,330,0,60,6
4G-BTA089M-HCM,4G-BTA089M11-HCM,10.74765,106.61555,22,10,0,60,6
UL_BTA091M_HCM,4G-BTA091M12-HCM,10.72195,106.60964,24,100,0,60,6
UL_BTA093M_HCM,4G-BTA093M13-HCM,10.79769,106.60884,23,260,0,60,6
UL_BTA104M_HCM,4G-BTA104M13-HCM,10.76522,106.59911,21,230,0,60,6
4G-BTA140M-HCM,4G-BTA140M12-HCM,10.73186,106.58722,19,160,0,60,6
4G-BTA140M-HCM,4G-BTA140M13-HCM,10.73186,106.58722,19,250,0,60,6
4G-BTA142M-HCM,4G-BTA142M13-HCM,10.81942,106.61249,25,280,0,60,6
UL_BTA145M_HCM,4G-BTA145M12-HCM,10.73511,106.58263,20,150,0,60,6
UL_BTA151M_HCM,4G-BTA151M12-HCM,10.7441,106.587,19,130,0,60,6
LN-BTA157M-HCM,4G-BTA157M12-HCM,10.77987,106.60751,28,120,0,60,6
UL_BTA173M_HCM,4G-BTA173M11-HCM,10.79421,106.59291,22,0,0,60,6
UL_BTA173M_HCM,4G-BTA173M13-HCM,10.79421,106.59291,22,220,0,60,6
SR_BTA176M_HCM,4G-BTA176M13-HCM,10.74072,106.58018,28,230,0,60,6
4G-BTA177M-HCM,4G-BTA177M12-HCM,10.76328,106.62095,26,110,0,60,6
UL_BTA183M_HCM,4G-BTA183M12-HCM,10.800597,106.601301,28,120,0,60,6
UL_BTA192M_HCM,4G-BTA192M13-HCM,10.76217,106.59353,25,240,0,60,6
UL_BTA198M_HCM,4G-BTA198M12-HCM,10.719473,106.602345,22,120,0,60,6
UL_BTA218M_HCM,4G-BTA218M12-HCM,10.727282,106.612886,21,120,0,60,6
UL_BTA236M_HCM,4G-BTA236M13-HCM,10.75506,106.581665,22,270,0,60,6
UL_BTA241M_HCM,4G-BTA241M13-HCM,10.77541,106.60055,21,240,0,60,6
UL_BTA242M_HCM,4G-BTA242M13-HCM,10.7699,106.5816,22,250,0,60,6
UL_BTA247M_HCM,4G-BTA247M12-HCM,10.7371,106.6054,23,90,0,60,6
UL_BTA248M_HCM,4G-BTA248M12-HCM,10.81492,106.591124,26,120,0,60,6
UL_BTA249M_HCM,4G-BTA249M12-HCM,10.76599,106.60203,23,130,0,60,6
UL_BTA250M_HCM,4G-BTA250M13-HCM,10.793228,106.585707,21,240,0,60,6
UL_BTA258M_HCM,4G-BTA258M13-HCM,10.75263,106.57709,28,240,0,60,6
UL_BTA281M_HCM,4G-BTA281M11-HCM,10.73794,106.57578,28.5,0,0,60,6
UL_BTA281M_HCM,4G-BTA281M13-HCM,10.73794,106.57578,28.5,250,0,60,6
UL_BTA282M_HCM,4G-BTA282M12-HCM,10.80741,106.59718,24,150,0,60,6
UL_BTA282M_HCM,4G-BTA282M13-HCM,10.80741,106.59718,24,240,0,60,6
UL_BTA285M_HCM,4G-BTA285M11-HCM,10.762204,106.5758,21,340,0,60,6
LN-BTA296M-HCM,4G-BTA296M11-HCM,10.789625,106.60366,30,0,0,60,6
LN-BTA296M-HCM,4G-BTA296M12-HCM,10.789625,106.60366,30,120,0,60,6
LN-BTA296M-HCM,4G-BTA296M13-HCM,10.789625,106.60366,30,240,0,60,6
4G-BTA340M-HCM,4G-BTA340M13-HCM,10.750811,106.579824,28,240,0,60,6
4G-BTA007M-VLG,4G-BTA701M11-VLG,10.12274,105.82585,40,30,0,60,6
4G-BTH008M-CTO,4G-BTH008M13-CTO,10.063763,105.73311,34,270,0,60,6
4G-BTH010M-CTO,4G-BTH010M12-CTO,10.056749,105.713619,31.5,120,0,60,6
4G-BTH013M-CTO,4G-BTH013M12-CTO,10.042609,105.721905,34.5,140,0,60,6
4G-BTH013M-CTO,4G-BTH013M13-CTO,10.042609,105.721905,34.5,240,0,60,6
4G-BTH017M-CTO,4G-BTH017M11-CTO,10.07839,105.686241,40.5,10,0,60,6
4G-BTH017M-CTO,4G-BTH017M12-CTO,10.07839,105.686241,40.5,100,0,60,6
4G-BTH017M-CTO,4G-BTH017M13-CTO,10.07839,105.686241,40.5,240,0,60,6
4G-BTH036M-CTO,4G-BTH036M12-CTO,10.09762,105.71753,25,130,0,60,6
4G-BTH037M-CTO,4G-BTH037M11-CTO,10.01615,105.70444,40.5,340,0,60,6
4G-BTH037M-CTO,4G-BTH037M12-CTO,10.01615,105.70444,40.5,60,0,60,6
4G-BTH037M-CTO,4G-BTH037M13-CTO,10.01615,105.70444,40.5,220,0,60,6
4G-BTH039M-CTO,4G-BTH039M12-CTO,10.092806,105.713401,34,100,0,60,6
SR_BTH045M_HCM,4G-BTH045M11-HCM,10.806705,106.686634,29,340,0,60,6
UL_BTH045M_CTO,4G-BTH045W11-CTO,10.0148,105.7282,34,300,0,60,6
4G-BTH052M-CTO,4G-BTH052M11-CTO,10.06005,105.75169,34,0,0,60,6
UL_BTH061M_CTO,4G-BTH061M11-CTO,10.076805,105.713521,34.5,340,0,60,6
UL_BTH061M_CTO,4G-BTH061M12-CTO,10.076805,105.713521,34.5,110,0,60,6
UL_BTH061M_CTO,4G-BTH061M13-CTO,10.076805,105.713521,34.5,230,0,60,6
UL_BTH063M_HCM,4G-BTH063M11-HCM,10.791298,106.716838,23,10,0,60,6
UL_BTH074M_HCM,4G-BTH074M11-HCM,10.821688,106.696354,18,350,0,60,6
UL_BTH127M_HCM,4G-BTH127M11-HCM,10.804435,106.721345,27,330,0,60,6
UL_BTH127M_HCM,4G-BTH127M12-HCM,10.804435,106.721345,27,110,0,60,6
UL_BTH127M_HCM,4G-BTH127M13-HCM,10.804435,106.721345,27,250,0,60,6
4G-BTH141M-HCM,4G-BTH141M13-HCM,10.822323,106.740175,23,200,0,60,6
UL_BTH171M_HCM,4G-BTH171M11-HCM,10.796607,106.725275,27,50,0,60,6
UL_BTH176M_HCM,4G-BTH176M12-HCM,10.809503,106.70906,24,120,0,60,6
UL_BTH185M_HCM,4G-BTH185M11-HCM,10.81702,106.70903,20,40,0,60,6
UL_BTH194M_HCM,4G-BTH194M13-HCM,10.829532,106.748132,22,230,0,60,6
UL_BTH204B_CTO,4G-BTH204M14-CTO,10.06341,105.752076,21,30,0,60,6
4G-BTH219S-HCM,4G-BTH219S11-HCM,10.805801,106.712563,5,0,0,60,6
UL_BTH234B_HCM,4G-BTH234M11-HCM,10.805073,106.701253,16.5,0,0,60,6
4G-BTI004M-BTE,4G-BTI004M13-BTE,10.07421,106.65507,39,180,0,60,6
4G-BTI008M-BTE,4G-BTI008M11-BTE,10.09172,106.56557,35,30,0,60,6
4G-BTI008M-BTE,4G-BTI008M12-BTE,10.09172,106.56557,35,140,0,60,6
4G-BTI009M-BTE,4G-BTI009M12-BTE,10.00567,106.5912,42,150,0,60,6
4G-BTI010M-BTE,4G-BTI010M12-BTE,10.09299,106.58569,40.5,170,0,60,6
4G-BTI010M-BTE,4G-BTI010M13-BTE,10.09299,106.58569,40.5,270,0,60,6
4G-BTI011M-BTE,4G-BTI011M12-BTE,10.10928,106.54086,36,150,0,60,6
4G-BTI012M-BTE,4G-BTI012M11-BTE,10.11931,106.58263,36,0,0,60,6
4G-BTI013M-BTE,4G-BTI013M13-BTE,10.0669,106.61997,37,220,0,60,6
LN-BTI014M-BTE,4G-BTI014M12-BTE,10.05631,106.49722,40.5,130,0,60,6
4G-BTI016M-BTE,4G-BTI016W11-BTE,10.11971,106.62655,37,20,0,60,6
4G-BTI016M-BTE,4G-BTI016W14-BTE,10.11971,106.62655,36,40,0,60,6
LN-BTI017M-BTE,4G-BTI017M11-BTE,9.98169,106.61212,36,0,0,60,6
LN-BTI017M-BTE,4G-BTI017M12-BTE,9.98169,106.61212,36,120,0,60,6
4G-BTI018M-BTE,4G-BTI018M11-BTE,10.01649,106.58907,36,30,0,60,6
4G-BTI018M-BTE,4G-BTI018M12-BTE,10.01649,106.58907,36,180,0,60,6
4G-BTI018M-BTE,4G-BTI018M13-BTE,10.01649,106.58907,36,270,0,60,6
4G-BTI022M-BTE,4G-BTI022M12-BTE,10.05807,106.60275,36,150,0,60,6
4G-BTI022M-BTE,4G-BTI022M13-BTE,10.05807,106.60275,36,250,0,60,6
4G-BTI023M-BTE,4G-BTI023M12-BTE,10.04818,106.58044,34,170,0,60,6
LN-BTI024M-BTE,4G-BTI024M12-BTE,10.02642,106.59879,36,160,0,60,6
LN-BTI024M-BTE,4G-BTI024M13-BTE,10.02642,106.59879,36,250,0,60,6
4G-BTI025M-BTE,4G-BTI025M11-BTE,10.090619,106.626674,40.5,350,0,60,6
4G-BTI025M-BTE,4G-BTI025M12-BTE,10.090619,106.626674,40.5,130,0,60,6
4G-BTI025M-BTE,4G-BTI025M13-BTE,10.090619,106.626674,40.5,230,0,60,6
4G-BTI026M-BTE,4G-BTI026M11-BTE,10.04115,106.5993,38,30,0,60,6
4G-BTI026M-BTE,4G-BTI026M12-BTE,10.04115,106.5993,38,150,0,60,6
4G-BTI026M-BTE,4G-BTI026M13-BTE,10.04115,106.5993,38,280,0,60,6
4G-BTI027M-BTE,4G-BTI027M11-BTE,9.98187,106.62605,37,20,0,60,6
4G-BTI027M-BTE,4G-BTI027M13-BTE,9.98187,106.62605,37,250,0,60,6
4G-BTI029M-BTE,4G-BTI029M12-BTE,10.04781,106.52665,39,150,0,60,6
4G-BTI030M-BTE,4G-BTI030M11-BTE,10.10824,106.65771,39,0,0,60,6
4G-BTI030M-BTE,4G-BTI030M13-BTE,10.10824,106.65771,39,260,0,60,6
4G-BTI031M-BTE,4G-BTI031M13-BTE,10.050712,106.592467,40,220,0,60,6
4G-BTI034M-BTE,4G-BTI034M11-BTE,10.050442,106.605983,40,30,0,60,6
4G-BTI034M-BTE,4G-BTI034M13-BTE,10.050442,106.605983,40,230,0,60,6
4G-BTI035M-BTE,4G-BTI035M13-BTE,10.03829,106.59622,40.5,260,0,60,6
4G-BTI036M-BTE,4G-BTI036M11-BTE,10.085452,106.523943,40,330,0,60,6
4G-BTI037M-BTE,4G-BTI037M11-BTE,10.01151,106.51991,40,330,0,60,6
4G-BTI037M-BTE,4G-BTI037M12-BTE,10.01151,106.51991,40,100,0,60,6
4G-BTI037M-BTE,4G-BTI037M13-BTE,10.01151,106.51991,40,200,0,60,6
4G-BTI039M-BTE,4G-BTI039M12-BTE,10.13138,106.605096,40.5,140,0,60,6
4G-BTI040M-BTE,4G-BTI040M11-BTE,10.067548,106.584923,37,0,0,60,6
4G-BTI043M-BTE,4G-BTI043M12-BTE,10.06138,106.55668,41,120,0,60,6
4G-BTI043M-BTE,4G-BTI043M13-BTE,10.06138,106.55668,41,270,0,60,6
4G-BTI046M-BTE,4G-BTI046M12-BTE,10.07805,106.62881,40,120,0,60,6
4G-BTI050M-BTE,4G-BTI050M12-BTE,9.99758,106.60677,32,120,0,60,6
4G-BTI050M-BTE,4G-BTI050M13-BTE,9.99758,106.60677,32,240,0,60,6
4G-BTI053M-BTE,4G-BTI053M12-BTE,10.054474,106.569866,37.5,140,0,60,6
4G-BTI056M-BTE,4G-BTI056M11-BTE,10.13924,106.62043,40,340,0,60,6
4G-BTI056M-BTE,4G-BTI056M13-BTE,10.13924,106.62043,40,240,0,60,6
4G-BTI057M-BTE,4G-BTI057M11-BTE,10.09129,106.54529,40,350,0,60,6
4G-BTI057M-BTE,4G-BTI057M12-BTE,10.09129,106.54529,40,80,0,60,6
4G-BTI057M-BTE,4G-BTI057M13-BTE,10.09129,106.54529,40,200,0,60,6
4G-BTI058M-BTE,4G-BTI058M11-BTE,10.05866,106.65222,40,20,0,60,6
4G-BTI058M-BTE,4G-BTI058M13-BTE,10.05866,106.65222,40,200,0,60,6
4G-BTI061M-BTE,4G-BTI061M11-BTE,9.98974,106.59373,38,50,0,60,6
4G-BTI061M-BTE,4G-BTI061M12-BTE,9.98974,106.59373,38,140,0,60,6
4G-BTI061M-BTE,4G-BTI061M13-BTE,9.98974,106.59373,38,280,0,60,6
4G-BTI705B-BTE,4G-BTI705M11-BTE,10.11071,106.59971,40,350,0,60,6
4G-BTI705B-BTE,4G-BTI705M12-BTE,10.11071,106.59971,40,120,0,60,6
4G-BTI705B-BTE,4G-BTI705M13-BTE,10.11071,106.59971,40,240,0,60,6
4G-BTI714B-BTE,4G-BTI714M11-BTE,9.98484,106.60406,34.5,350,0,60,6
4G-BTI714B-BTE,4G-BTI714M12-BTE,9.98484,106.60406,34.5,100,0,60,6
UL_BTR004M_BTE,4G-BTR004M11-BTE,10.26475,106.34623,39,0,0,60,6
LN-BTR005M-BTE,4G-BTR005M13-BTE,10.231001,106.41362,36,240,0,60,6
UL_BTR006M_BTE,4G-BTR006M12-BTE,10.25986,106.38915,34,130,0,60,6
UL_BTR008M_BTE,4G-BTR008M11-BTE,10.21533,106.35587,30,330,0,60,6
UL_BTR008M_BTE,4G-BTR008M13-BTE,10.21533,106.35587,30,250,0,60,6
LN-BTR010M-BTE,4G-BTR010M11-BTE,10.22862,106.37142,35,350,0,60,6
LN-BTR012M-BTE,4G-BTR012M11-BTE,10.23835,106.37047,27,0,0,60,6
LN-BTR012M-BTE,4G-BTR012M12-BTE,10.23835,106.37047,27,110,0,60,6
LN-BTR012M-BTE,4G-BTR012M13-BTE,10.23835,106.37047,27,210,0,60,6
4G-BTR013M-BTE,4G-BTR013M12-BTE,10.2473,106.40025,35,50,0,60,6
4G-BTR013M-BTE,4G-BTR013M13-BTE,10.2473,106.40025,35,130,0,60,6
LN-BTR014M-BTE,4G-BTR014M11-BTE,10.233114,106.363293,40,0,0,60,6
4G-BTR015M-BTE,4G-BTR015M11-BTE,10.24655,106.36504,29,0,0,60,6
4G-BTR015M-BTE,4G-BTR015M12-BTE,10.24655,106.36504,29,170,0,60,6
4G-BTR017M-BTE,4G-BTR017M12-BTE,10.242042,106.357056,39,150,0,60,6
4G-BTR017M-BTE,4G-BTR017M13-BTE,10.242042,106.357056,39,250,0,60,6
4G-BTR020M-BTE,4G-BTR020M13-BTE,10.22163,106.3641,37,240,0,60,6
UL_BTR022M_BTE,4G-BTR022M13-BTE,10.2413,106.4216,41,240,0,60,6
UL_BTR024M_BTE,4G-BTR024M12-BTE,10.20143,106.37728,37,150,0,60,6
4G-BTR030M-BTE,4G-BTR030M12-BTE,10.26418,106.35393,40,180,0,60,6
UL_BTR031M_BTE,4G-BTR031M11-BTE,10.23595,106.35412,35,0,0,60,6
UL_BTR031M_BTE,4G-BTR031M12-BTE,10.23595,106.35412,35,120,0,60,6
UL_BTR031M_BTE,4G-BTR031M13-BTE,10.23595,106.35412,35,250,0,60,6
UL_BTR033M_BTE,4G-BTR033M13-BTE,10.2693,106.36209,40,240,0,60,6
UL_BTR035M_BTE,4G-BTR035M13-BTE,10.27258,106.37064,39,260,0,60,6
UL_BTR036M_BTE,4G-BTR036M13-BTE,10.21355,106.38811,40,240,0,60,6
UL_BTR059M_BTE,4G-BTR059M11-BTE,10.25699,106.367144,30,20,0,60,6
LN-BTR060M-BTE,4G-BTR060M11-BTE,10.25711,106.38253,39,20,0,60,6
LN-BTR062M-BTE,4G-BTR062M13-BTE,10.243363,106.37077,44,240,0,60,6
4G-BTR065M-BTE,4G-BTR065M12-BTE,10.24193,106.36579,35,120,0,60,6
4G-BTR067M-BTE,4G-BTR067M11-BTE,10.23747,106.4023,36,330,0,60,6
4G-BTR067M-BTE,4G-BTR067M12-BTE,10.23747,106.4023,36,150,0,60,6
4G-BTR067M-BTE,4G-BTR067M13-BTE,10.23747,106.4023,36,260,0,60,6
UL_BTR068M_BTE,4G-BTR068M12-BTE,10.21109,106.36535,41,120,0,60,6
UL_BTR068M_BTE,4G-BTR068M13-BTE,10.21109,106.36535,41,180,0,60,6
UL_BTR069M_BTE,4G-BTR069M13-BTE,10.2314,106.3473,42,240,0,60,6
UL_BTR073M_BTE,4G-BTR073M12-BTE,10.21631,106.37939,39,100,0,60,6
UL_BTR077M_BTE,4G-BTR077M12-BTE,10.24962,106.41136,41,120,0,60,6
UL_BTR077M_BTE,4G-BTR077M13-BTE,10.24962,106.41136,41,240,0,60,6
UL_BTR078M_BTE,4G-BTR078M11-BTE,10.25221,106.34664,41,30,0,60,6
UL_BTR078M_BTE,4G-BTR078M12-BTE,10.25221,106.34664,41,150,0,60,6
4G-BTR081M-BTE,4G-BTR081M13-BTE,10.2106,106.37597,41,190,0,60,6
UL_BTR082M_BTE,4G-BTR082M11-BTE,10.19902,106.39792,40,0,0,60,6
UL_BTR083M_BTE,4G-BTR083M12-BTE,10.22476,106.37809,40,60,0,60,6
4G-BTR086M-BTE,4G-BTR086M12-BTE,10.26164,106.327651,40,130,0,60,6
4G-BTR086M-BTE,4G-BTR086M13-BTE,10.26164,106.327651,40,250,0,60,6
SL-BTR087M-BTE,4G-BTR087M11-BTE,10.27954,106.3916,40,10,0,60,6
SL-BTR087M-BTE,4G-BTR087M13-BTE,10.27954,106.3916,40,280,0,60,6
LN-BTR058M-BTE,4G-BTR702M12-BTE,10.2378,106.3871,43,100,0,60,6
UL_BTR076M_BTE,4G-BTR703M12-BTE,10.2378,106.3871,39,250,0,60,6
UL_BTR704B_BTE,4G-BTR704M11-BTE,10.24719,106.37128,40,310,0,60,6
UL_BTR705B_BTE,4G-BTR705M11-BTE,10.23528,106.35939,30,330,0,60,6
4G-BTR710B-BTE,4G-BTR710M12-BTE,10.19793,106.38921,40,150,0,60,6
4G-BTR712B-BTE,4G-BTR712M11-BTE,10.231371,106.394409,40,300,0,60,6
4G-BTR712B-BTE,4G-BTR712M12-BTE,10.231371,106.394409,40,70,0,60,6
UL_BTY007M_BDG,4G-BTY007M12-BDG,11.141793,106.802003,40,140,0,60,6
UL_BTY012M_BDG,4G-BTY012W13-BDG,11.100097,106.835961,44,240,0,60,6
UL_BTY012M_BDG,4G-BTY012W16-BDG,11.100097,106.835961,44,300,0,60,6
4G-BTY016M-BDG,4G-BTY016M11-BDG,11.189041,106.915241,40,30,0,60,6
4G-BTY016M-BDG,4G-BTY016M12-BDG,11.189041,106.915241,40,140,0,60,6
4G-BTY016M-BDG,4G-BTY016M13-BDG,11.189041,106.915241,40,270,0,60,6
UL_BTY022M_BDG,4G-BTY022M11-BDG,11.149844,106.844491,40,30,0,60,6
UL_BTY030M_BDG,4G-BTY030M11-BDG,11.186198,106.718317,40,90,0,60,6
UL_BTY030M_BDG,4G-BTY030M13-BDG,11.186198,106.718317,40,240,0,60,6
UL_BTY045M_BDG,4G-BTY045M13-BDG,11.125617,106.849101,34,240,0,60,6
UL_BTY047M_BDG,4G-BTY047M11-BDG,11.130512,106.842148,34,0,0,60,6
UL_BTY047M_BDG,4G-BTY047M12-BDG,11.130512,106.842148,34,180,0,60,6
UL_BTY048M_BDG,4G-BTY048M12-BDG,11.091331,106.835806,33,100,0,60,6
UL_BTY055M_BDG,4G-BTY055M11-BDG,11.146781,106.819024,42,340,0,60,6
UL_BTY064M_BDG,4G-BTY064M11-BDG,11.078448,106.889779,40,0,0,60,6
UL_BTY064M_BDG,4G-BTY064M12-BDG,11.078448,106.889779,40,110,0,60,6
UL_BTY064M_BDG,4G-BTY064M13-BDG,11.078448,106.889779,40,250,0,60,6
UL_BTY067M_BDG,4G-BTY067M11-BDG,11.093509,106.829487,31,300,0,60,6
UL_BTY068M_BDG,4G-BTY068M11-BDG,11.2224,106.84789,38,310,0,60,6
UL_BTY068M_BDG,4G-BTY068M12-BDG,11.2224,106.84789,38,60,0,60,6
UL_BTY068M_BDG,4G-BTY068M13-BDG,11.2224,106.84789,38,200,0,60,6
4G-BTY069M-BDG,4G-BTY069M11-BDG,11.108808,106.954941,39,0,0,60,6
4G-BTY069M-BDG,4G-BTY069M12-BDG,11.108808,106.954941,39,150,0,60,6
4G-BTY069M-BDG,4G-BTY069M13-BDG,11.108808,106.954941,39,240,0,60,6
UL_BTY075M_BDG,4G-BTY075M11-BDG,11.113858,106.836627,28,40,0,60,6
UL_BTY079M_BDG,4G-BTY079M12-BDG,11.1859,106.6915,34,100,0,60,6
UL_BTY080M_BDG,4G-BTY080M12-BDG,11.0434,106.8393,37,200,0,60,6
UL_BTY080M_BDG,4G-BTY080M13-BDG,11.0434,106.8393,37,280,0,60,6
4G-BTY095M-BDG,4G-BTY095M11-BDG,11.10437,106.84766,33,60,0,60,6
4G-BTY095M-BDG,4G-BTY095M12-BDG,11.10437,106.84766,33,150,0,60,6
4G-BTY100M-BDG,4G-BTY100M11-BDG,11.14066,106.8149,34,330,0,60,6
4G-BTY100M-BDG,4G-BTY100M12-BDG,11.14066,106.8149,34,100,0,60,6
4G-BTY100M-BDG,4G-BTY100M13-BDG,11.14066,106.8149,34,200,0,60,6
4G-BTY103M-BDG,4G-BTY103M11-BDG,11.09596,106.83631,28,20,0,60,6
4G-BTY103M-BDG,4G-BTY103M12-BDG,11.09596,106.83631,28,120,0,60,6
4G-BTY104M-BDG,4G-BTY104M11-BDG,11.0934,106.8399,28,20,0,60,6
LN-CBE001M-TGG,4G-CBE001M13-TGG,10.36351,106.01647,34,210,0,60,6
4G-CBE004M-TGG,4G-CBE004M12-TGG,10.33233,105.91017,34,160,0,60,6
4G-CBE012M-TGG,4G-CBE012M11-TGG,10.28617,105.91101,35,20,0,60,6
4G-CBE015M-TGG,4G-CBE015M12-TGG,10.34488,105.9908,35,120,0,60,6
4G-CBE016M-TGG,4G-CBE016M11-TGG,10.3273,106.01599,35,0,0,60,6
UL_CBE018M_TGG,4G-CBE018M11-TGG,10.43973,106.00072,36,320,0,60,6
UL_CBE018M_TGG,4G-CBE018M12-TGG,10.43973,106.00072,36,150,0,60,6
UL_CBE023M_TGG,4G-CBE023M13-TGG,10.38902,105.88952,33,290,0,60,6
4G-CBE026M-TGG,4G-CBE026M11-TGG,10.30364,105.92917,36,20,0,60,6
4G-CBE026M-TGG,4G-CBE026M12-TGG,10.30364,105.92917,36,110,0,60,6
4G-CBE027M-TGG,4G-CBE027M13-TGG,10.40567,105.91189,36,230,0,60,6
UL_CBE030M_TGG,4G-CBE030M11-TGG,10.34542,105.82221,35,0,0,60,6
4G-CBE031M-TGG,4G-CBE031M11-TGG,10.32637,105.84088,25,310,0,60,6
4G-CBE034M-TGG,4G-CBE034M11-TGG,10.409765,105.954591,40,0,0,60,6
4G-CBE036M-TGG,4G-CBE036M11-TGG,10.3806,105.86983,30,340,0,60,6
UL_CBE038M_TGG,4G-CBE038M11-TGG,10.313115,105.91446,36,30,0,60,6
UL_CBE039M_TGG,4G-CBE039M13-TGG,10.312597,105.949741,39,220,0,60,6
SL-CBE041M-TGG,4G-CBE041M13-TGG,10.283553,105.894364,40.5,240,0,60,6
UL_CBE049M_TGG,4G-CBE049M12-TGG,10.377447,105.964312,40,60,0,60,6
4G-CBE051M-TGG,4G-CBE051M11-TGG,10.34932,105.85471,37,340,0,60,6
4G-CBE052M-TGG,4G-CBE052M13-TGG,10.458376,105.93985,37,250,0,60,6
UL_CBE057M_TGG,4G-CBE057M12-TGG,10.36882,105.82609,41,100,0,60,6
UL_CBE057M_TGG,4G-CBE057M13-TGG,10.36882,105.82609,41,190,0,60,6
UL_CBE062M_TGG,4G-CBE062M11-TGG,10.35402,105.92154,41,310,0,60,6
UL_CBE063M_TGG,4G-CBE063M13-TGG,10.30157,105.87751,41,260,0,60,6
UL_CBE066M_TGG,4G-CBE066M12-TGG,10.42318,105.98382,40,70,0,60,6
UL_CBE067M_TGG,4G-CBE067M11-TGG,10.45922,105.9684,41,340,0,60,6
UL_CBE067M_TGG,4G-CBE067M12-TGG,10.45922,105.9684,41,60,0,60,6
UL_CBE068M_TGG,4G-CBE068M12-TGG,10.37399,105.89076,41,180,0,60,6
UL_CBE068M_TGG,4G-CBE068M13-TGG,10.37399,105.89076,41,270,0,60,6
UL_CBE070M_TGG,4G-CBE070M11-TGG,10.38047,106.01257,41,10,0,60,6
UL_CBE070M_TGG,4G-CBE070M12-TGG,10.38047,106.01257,41,140,0,60,6
UL_CBE070M_TGG,4G-CBE070M13-TGG,10.38047,106.01257,41,260,0,60,6
UL_CBE071M_TGG,4G-CBE071M11-TGG,10.42645,105.95385,40,340,0,60,6
UL_CBE071M_TGG,4G-CBE071M13-TGG,10.42645,105.95385,40,170,0,60,6
UL_CBE072M_TGG,4G-CBE072M13-TGG,10.32793,105.89906,41,230,0,60,6
4G-CBE076M-TGG,4G-CBE076M13-TGG,10.32548,105.85239,41,260,0,60,6
4G-CBE078M-TGG,4G-CBE078M12-TGG,10.32106,105.87425,41,120,0,60,6
4G-CBE078M-TGG,4G-CBE078M13-TGG,10.32106,105.87425,41,240,0,60,6
4G-CBE080M-TGG,4G-CBE080M11-TGG,10.39405,105.99783,41,75,0,60,6
4G-CBE080M-TGG,4G-CBE080M12-TGG,10.39405,105.99783,41,150,0,60,6
4G-CBE081M-TGG,4G-CBE081M11-TGG,10.4069,106.01496,41,340,0,60,6
4G-CBE081M-TGG,4G-CBE081M12-TGG,10.4069,106.01496,41,60,0,60,6
4G-CBE081M-TGG,4G-CBE081M13-TGG,10.4069,106.01496,41,240,0,60,6
4G-CBE082M-TGG,4G-CBE082M11-TGG,10.36646,105.94022,40,0,0,60,6
4G-CBE082M-TGG,4G-CBE082M13-TGG,10.36646,105.94022,40,250,0,60,6
4G-CBE083M-TGG,4G-CBE083M11-TGG,10.349,105.94409,39,340,0,60,6
4G-CBE084M-TGG,4G-CBE084M11-TGG,10.34234,105.90455,41,50,0,60,6
4G-CBE084M-TGG,4G-CBE084M12-TGG,10.34234,105.90455,41,230,0,60,6
4G-CBE084M-TGG,4G-CBE084M13-TGG,10.34234,105.90455,41,300,0,60,6
4G-CBE085M-TGG,4G-CBE085M11-TGG,10.49161,105.96732,41,0,0,60,6
4G-CBE085M-TGG,4G-CBE085M13-TGG,10.49161,105.96732,41,190,0,60,6
4G-CBE087M-TGG,4G-CBE087M13-TGG,10.50986,105.98883,41,280,0,60,6
UL_CBE091M_TGG,4G-CBE091M13-TGG,10.372,105.97814,40,230,0,60,6
UL_CBE092M_TGG,4G-CBE092M12-TGG,10.38043,106.00262,40,170,0,60,6
UL_CBE092M_TGG,4G-CBE092M13-TGG,10.38043,106.00262,40,290,0,60,6
4G-CBE096M-TGG,4G-CBE096M12-TGG,10.27975,105.9052,40.5,150,0,60,6
4G-CBE099M-TGG,4G-CBE099M12-TGG,10.33684,105.98378,40,110,0,60,6
4G-CBE102M-TGG,4G-CBE102M11-TGG,10.399142,105.969578,40,20,0,60,6
4G-CBE102M-TGG,4G-CBE102M13-TGG,10.399142,105.969578,40,220,0,60,6
4G-CBE106M-TGG,4G-CBE106M12-TGG,10.305296,105.90398,40,120,0,60,6
4G-CBE106M-TGG,4G-CBE106M13-TGG,10.305296,105.90398,40,220,0,60,6
4G-CBE108M-TGG,4G-CBE108M11-TGG,10.49404,105.98418,40,0,0,60,6
4G-CBE108M-TGG,4G-CBE108M13-TGG,10.49404,105.98418,40,270,0,60,6
UL_CBE700B_TGG,4G-CBE700M11-TGG,10.317112,105.93593,37,0,0,60,6
UL_CBE702B_TGG,4G-CBE702M11-TGG,10.309086,105.841267,38,60,0,60,6
UL_CBE703B_TGG,4G-CBE703M12-TGG,10.339979,105.927504,42,190,0,60,6
4G-CCH004M-HCM,4G-CCH004M11-HCM,10.98566,106.52938,33,340,0,60,6
4G-CCH005M-HCM,4G-CCH005M12-HCM,11.00732,106.591105,32,120,0,60,6
UL_CCH006M_HCM,4G-CCH006M13-HCM,10.97811,106.47069,31,270,0,60,6
4G-CCH007M-HCM,4G-CCH007M11-HCM,11.03937,106.557901,27,30,0,60,6
4G-CCH007M-HCM,4G-CCH007M13-HCM,11.03937,106.557901,27,270,0,60,6
UL_CCH008M_HCM,4G-CCH008M12-HCM,10.996352,106.488898,26,120,0,60,6
4G-CCH010M-HCM,4G-CCH010M12-HCM,11.07056,106.49322,27,140,0,60,6
4G-CCH011M-HCM,4G-CCH011M11-HCM,11.03223,106.44579,27,30,0,60,6
4G-CCH011M-HCM,4G-CCH011M13-HCM,11.03223,106.44579,27,240,0,60,6
4G-CCH012M-HCM,4G-CCH012M13-HCM,10.98808,106.45198,35,220,0,60,6
4G-CCH013M-HCM,4G-CCH013M11-HCM,10.98867,106.4121,26,340,0,60,6
4G-CCH013M-HCM,4G-CCH013M13-HCM,10.98867,106.4121,26,200,0,60,6
UL_CCH015M_HCM,4G-CCH015M11-HCM,10.960642,106.506665,28,0,0,60,6
UL_CCH015M_HCM,4G-CCH015M13-HCM,10.960642,106.506665,28,230,0,60,6
4G-CCH016M-HCM,4G-CCH016M11-HCM,11.06324,106.50677,34,0,0,60,6
4G-CCH016M-HCM,4G-CCH016M12-HCM,11.06324,106.50677,34,120,0,60,6
4G-CCH017M-HCM,4G-CCH017M12-HCM,10.955028,106.602755,33,100,0,60,6
4G-CCH018M-HCM,4G-CCH018M11-HCM,10.99015,106.38795,27,320,0,60,6
4G-CCH018M-HCM,4G-CCH018M12-HCM,10.99015,106.38795,27,110,0,60,6
4G-CCH018M-HCM,4G-CCH018M13-HCM,10.99015,106.38795,27,240,0,60,6
UL_CCH020M_HCM,4G-CCH020M12-HCM,10.97231,106.49453,37,100,0,60,6
4G-CCH021M-HCM,4G-CCH021M13-HCM,10.98578,106.55458,39,240,0,60,6
4G-CCH025M-HCM,4G-CCH025M12-HCM,11.01774,106.53295,27,80,0,60,6
4G-CCH025M-HCM,4G-CCH025M13-HCM,11.01774,106.53295,27,250,0,60,6
UL_CCH028M_HCM,4G-CCH028M11-HCM,10.97404,106.53019,32,340,0,60,6
UL_CCH028M_HCM,4G-CCH028M12-HCM,10.97404,106.53019,32,120,0,60,6
UL_CCH028M_HCM,4G-CCH028M13-HCM,10.97404,106.53019,32,210,0,60,6
UL_CCH031M_HCM,4G-CCH031M11-HCM,11.005514,106.512543,33,25,0,60,6
UL_CCH031M_HCM,4G-CCH031M12-HCM,11.005514,106.512543,33,130,0,60,6
UL_CCH031M_HCM,4G-CCH031M13-HCM,11.005514,106.512543,33,235,0,60,6
4G-CCH032M-HCM,4G-CCH032M11-HCM,10.924742,106.622461,24,0,0,60,6
4G-CCH032M-HCM,4G-CCH032M12-HCM,10.924742,106.622461,24,120,0,60,6
4G-CCH033M-HCM,4G-CCH033M11-HCM,10.926024,106.646711,27,0,0,60,6
4G-CCH033M-HCM,4G-CCH033M12-HCM,10.926024,106.646711,27,100,0,60,6
4G-CCH033M-HCM,4G-CCH033M13-HCM,10.926024,106.646711,27,280,0,60,6
4G-CCH034M-HCM,4G-CCH034M11-HCM,11.015854,106.494257,37,330,0,60,6
4G-CCH034M-HCM,4G-CCH034M12-HCM,11.015854,106.494257,37,90,0,60,6
4G-CCH034M-HCM,4G-CCH034M13-HCM,11.015854,106.494257,37,240,0,60,6
UL_CCH037M_HCM,4G-CCH037M11-HCM,10.93631,106.54297,37,330,0,60,6
4G-CCH042M-HCM,4G-CCH042M12-HCM,11.053195,106.534671,37,120,0,60,6
4G-CCH042M-HCM,4G-CCH042M13-HCM,11.053195,106.534671,37,260,0,60,6
4G-CCH043M-HCM,4G-CCH043M11-HCM,11.049578,106.454699,38,0,0,60,6
4G-CCH044M-HCM,4G-CCH044M13-HCM,10.99436,106.46982,30,250,0,60,6
UL_CCH046M_HCM,4G-CCH046M12-HCM,11.04762,106.48367,25,120,0,60,6
4G-CCH062M-HCM,4G-CCH062M11-HCM,10.98058,106.60211,21,10,0,60,6
4G-CCH062M-HCM,4G-CCH062M12-HCM,10.98058,106.60211,21,110,0,60,6
4G-CCH062M-HCM,4G-CCH062M13-HCM,10.98058,106.60211,21,280,0,60,6
4G-CCH063M-HCM,4G-CCH063M12-HCM,11.02958,106.48338,32,120,0,60,6
4G-CCH063M-HCM,4G-CCH063M13-HCM,11.02958,106.48338,32,190,0,60,6
4G-CCH064M-HCM,4G-CCH064M11-HCM,11.05301,106.47929,32,0,0,60,6
4G-CCH064M-HCM,4G-CCH064M12-HCM,11.05301,106.47929,32,90,0,60,6
4G-CCH064M-HCM,4G-CCH064M13-HCM,11.05301,106.47929,32,270,0,60,6
4G-CCH117M-HCM,4G-CCH070M11-HCM,11.11016,106.43948,40,30,0,60,6
4G-CCH073M-HCM,4G-CCH073M11-HCM,10.95736,106.48856,22,0,0,60,6
4G-CCH076M-HCM,4G-CCH076M11-HCM,10.96852,106.57386,27,340,0,60,6
4G-CCH076M-HCM,4G-CCH076M13-HCM,10.96852,106.57386,27,260,0,60,6
4G-CCH077M-HCM,4G-CCH077M11-HCM,10.970239,106.600678,27,30,0,60,6
4G-CCH078M-HCM,4G-CCH078M12-HCM,10.942884,106.516128,25,140,0,60,6
UL_CCH079M_HCM,4G-CCH079M11-HCM,10.96928,106.50486,29,0,0,60,6
UL_CCH080M_HCM,4G-CCH080M11-HCM,10.99472,106.57261,26,30,0,60,6
4G-CCH081M-HCM,4G-CCH081M11-HCM,11.07998,106.43771,32,30,0,60,6
4G-CCH086M-HCM,4G-CCH086M12-HCM,10.94682,106.62363,21,120,0,60,6
4G-CCH086M-HCM,4G-CCH086M13-HCM,10.94682,106.62363,21,220,0,60,6
4G-CCH087M-HCM,4G-CCH087M11-HCM,10.95675,106.64947,25,340,0,60,6
4G-CCH088M-HCM,4G-CCH088M12-HCM,10.98903,106.60342,31,150,0,60,6
4G-CCH092M-HCM,4G-CCH092M11-HCM,11.00563,106.53032,25,80,0,60,6
4G-CCH093M-HCM,4G-CCH093M12-HCM,11.02235,106.41288,26,120,0,60,6
4G-CCH095M-HCM,4G-CCH095M13-HCM,10.960725,106.466615,25,240,0,60,6
4G-CCH105M-HCM,4G-CCH105M13-HCM,10.94691,106.45721,30,250,0,60,6
4G-CCH106M-HCM,4G-CCH106M12-HCM,11.05907,106.44514,30,170,0,60,6
4G-CCH106M-HCM,4G-CCH106M13-HCM,11.05907,106.44514,30,310,0,60,6
4G-CCH108M-HCM,4G-CCH108M11-HCM,10.994183,106.374925,32,0,0,60,6
UL_CCH110M_HCM,4G-CCH110M12-HCM,10.926726,106.544272,31,140,0,60,6
4G-CCH111M-HCM,4G-CCH111M12-HCM,11.0008,106.5973,33,160,0,60,6
4G-CCH115M-HCM,4G-CCH115M13-HCM,10.96586,106.60976,22,260,0,60,6
UL_CCH116M_HCM,4G-CCH116M11-HCM,10.987232,106.484077,27,0,0,60,6
4G-CCH117M-HCM,4G-CCH117M11-HCM,11.09602,106.440423,33,340,0,60,6
4G-CCH117M-HCM,4G-CCH117M12-HCM,11.09602,106.440423,33,90,0,60,6
4G-CCH119M-HCM,4G-CCH119M13-HCM,11.024812,106.551697,28,250,0,60,6
4G-CCH121M-HCM,4G-CCH121M13-HCM,10.965904,106.594576,28,210,0,60,6
UL_CCH123M_HCM,4G-CCH123M12-HCM,10.9816,106.479856,26,120,0,60,6
UL_CCH123M_HCM,4G-CCH123M13-HCM,10.9816,106.479856,26,240,0,60,6
UL_CCH125M_HCM,4G-CCH125M11-HCM,10.985406,106.572767,27,0,0,60,6
GL_CCH127M_HCM,4G-CCH127M13-HCM,11.0197,106.4267,30,210,0,60,6
4G-CCH128M-HCM,4G-CCH128M11-HCM,10.94235,106.64645,28,350,0,60,6
4G-CCH128M-HCM,4G-CCH128M13-HCM,10.94235,106.64645,28,240,0,60,6
UL_CCH129M_HCM,4G-CCH129M11-HCM,10.990631,106.580198,27,0,0,60,6
4G-CCH130M-HCM,4G-CCH130M11-HCM,10.960194,106.477092,31,65,0,60,6
UL_CCH131M_HCM,4G-CCH131M11-HCM,10.9343,106.6475,28,340,0,60,6
UL_CCH134M_HCM,4G-CCH134M11-HCM,11.015005,106.506874,27,20,0,60,6
UL_CCH134M_HCM,4G-CCH134M12-HCM,11.015005,106.506874,27,150,0,60,6
UL_CCH134M_HCM,4G-CCH134M13-HCM,11.015005,106.506874,27,240,0,60,6
4G-CCH135M-HCM,4G-CCH135M11-HCM,11.009,106.4708,24,40,0,60,6
4G-CCH135M-HCM,4G-CCH135M12-HCM,11.009,106.4708,24,140,0,60,6
4G-CCH138M-HCM,4G-CCH138M13-HCM,11.066979,106.46137,33,220,0,60,6
UL_CCH139M_HCM,4G-CCH139M11-HCM,10.96582,106.53061,33,0,0,60,6
4G-CCH144M-HCM,4G-CCH144M12-HCM,11.053189,106.495844,32,120,0,60,6
4G-CCH145M-HCM,4G-CCH145M13-HCM,11.079526,106.505021,27,240,0,60,6
4G-CCH146M-HCM,4G-CCH146M11-HCM,11.02323,106.558802,21,350,0,60,6
4G-CCH152M-HCM,4G-CCH152M11-HCM,11.03785,106.49017,25,30,0,60,6
4G-CCH153M-HCM,4G-CCH153M11-HCM,10.990003,106.437336,27,0,0,60,6
4G-CCH153M-HCM,4G-CCH153M12-HCM,10.990003,106.437336,27,150,0,60,6
4G-CCH155M-HCM,4G-CCH155M12-HCM,10.968717,106.468704,33,120,0,60,6
4G-CCH155M-HCM,4G-CCH155M13-HCM,10.968717,106.468704,33,240,0,60,6
UL_CCH159M_HCM,4G-CCH159M11-HCM,10.953444,106.517086,27,0,0,60,6
UL_CCH159M_HCM,4G-CCH159M13-HCM,10.953444,106.517086,27,250,0,60,6
UL_CCH160M_HCM,4G-CCH160M12-HCM,11.014318,106.43551,33,140,0,60,6
4G-CCH162M-HCM,4G-CCH162M11-HCM,10.9449,106.525767,22,0,0,60,6
4G-CCH162M-HCM,4G-CCH162M13-HCM,10.9449,106.525767,22,250,0,60,6
UL_CCH164M_HCM,4G-CCH164M11-HCM,11.001607,106.497131,33,50,0,60,6
UL_CCH165M_HCM,4G-CCH165M13-HCM,10.943804,106.547354,27,260,0,60,6
UL_CCH168M_HCM,4G-CCH168M11-HCM,11.00278,106.44152,22,0,0,60,6
UL_CCH168M_HCM,4G-CCH168M12-HCM,11.00278,106.44152,22,150,0,60,6
UL_CCH168M_HCM,4G-CCH168M13-HCM,11.00278,106.44152,22,240,0,60,6
UL_CCH170M_HCM,4G-CCH170M11-HCM,11.02591,106.49171,27,0,0,60,6
UL_CCH173M_HCM,4G-CCH173M11-HCM,11.056866,106.42773,27,10,0,60,6
UL_CCH173M_HCM,4G-CCH173M13-HCM,11.056866,106.42773,27,270,0,60,6
UL_CCH175M_HCM,4G-CCH175M11-HCM,10.965057,106.510503,22,0,0,60,6
UL_CCH175M_HCM,4G-CCH175M12-HCM,10.965057,106.510503,22,120,0,60,6
UL_CCH175M_HCM,4G-CCH175M13-HCM,10.965057,106.510503,22,240,0,60,6
UL_CCH176M_HCM,4G-CCH176M12-HCM,11.012356,106.54852,22,110,0,60,6
UL_CCH176M_HCM,4G-CCH176M13-HCM,11.012356,106.54852,22,230,0,60,6
UL_CCH179M_HCM,4G-CCH179M13-HCM,11.027369,106.420911,27,240,0,60,6
UL_CCH180M_HCM,4G-CCH180M11-HCM,11.06709,106.4392,22,10,0,60,6
UL_CCH181M_HCM,4G-CCH181M11-HCM,10.998852,106.421904,27,0,0,60,6
UL_CCH181M_HCM,4G-CCH181M12-HCM,10.998852,106.421904,27,120,0,60,6
UL_CCH182M_HCM,4G-CCH182M11-HCM,11.009859,106.600073,28,10,0,60,6
UL_CCH182M_HCM,4G-CCH182M12-HCM,11.009859,106.600073,28,130,0,60,6
UL_CCH184M_HCM,4G-CCH184M12-HCM,11.01375,106.523405,27,130,0,60,6
UL_CCH184M_HCM,4G-CCH184M13-HCM,11.01375,106.523405,27,260,0,60,6
UL_CCH186M_HCM,4G-CCH186M13-HCM,11.087628,106.513852,31,240,0,60,6
UL_CCH188M_HCM,4G-CCH188M11-HCM,10.957836,106.536935,27,0,0,60,6
UL_CCH188M_HCM,4G-CCH188M12-HCM,10.957836,106.536935,27,110,0,60,6
UL_CCH189M_HCM,4G-CCH189M11-HCM,10.950474,106.494236,27,10,0,60,6
UL_CCH194M_HCM,4G-CCH194M11-HCM,10.989189,106.587383,27,30,0,60,6
UL_CCH194M_HCM,4G-CCH194M12-HCM,10.989189,106.587383,27,140,0,60,6
UL_CCH195M_HCM,4G-CCH195M12-HCM,10.98901,106.56415,27,130,0,60,6
UL_CCH196M_HCM,4G-CCH196M11-HCM,11.012154,106.417939,27,20,0,60,6
UL_CCH197M_HCM,4G-CCH197M11-HCM,11.10404,106.50847,27,345,0,60,6
UL_CCH197M_HCM,4G-CCH197M12-HCM,11.10404,106.50847,27,70,0,60,6
UL_CCH197M_HCM,4G-CCH197M13-HCM,11.10404,106.50847,27,165,0,60,6
UL_CCH199M_HCM,4G-CCH199M12-HCM,10.986212,106.520692,27,140,0,60,6
UL_CCH199M_HCM,4G-CCH199M13-HCM,10.986212,106.520692,27,240,0,60,6
UL_CCH200M_HCM,4G-CCH200M11-HCM,11.001266,106.479029,27,320,0,60,6
UL_CCH201M_HCM,4G-CCH201M11-HCM,10.9765,106.569519,27,350,0,60,6
UL_CCH201M_HCM,4G-CCH201M13-HCM,10.9765,106.569519,27,210,0,60,6
UL_CCH202M_HCM,4G-CCH202M12-HCM,10.953168,106.509013,27,130,0,60,6
UL_CCH203M_HCM,4G-CCH203M11-HCM,11.073408,106.513305,30,10,0,60,6
UL_CCH203M_HCM,4G-CCH203M13-HCM,11.073408,106.513305,30,230,0,60,6
UL_CCH204M_HCM,4G-CCH204M12-HCM,11.069385,106.517937,26,140,0,60,6
UL_CCH205M_HCM,4G-CCH205M13-HCM,10.980956,106.491572,30,250,0,60,6
UL_CCH206M_HCM,4G-CCH206M11-HCM,11.11203,106.49319,27,60,0,60,6
UL_CCH206M_HCM,4G-CCH206M12-HCM,11.11203,106.49319,27,150,0,60,6
UL_CCH206M_HCM,4G-CCH206M13-HCM,11.11203,106.49319,27,240,0,60,6
UL_CCH207M_HCM,4G-CCH207M13-HCM,10.94696,106.50992,27,240,0,60,6
UL_CCH208M_HCM,4G-CCH208M12-HCM,11.031682,106.43002,27,130,0,60,6
UL_CCH208M_HCM,4G-CCH208M13-HCM,11.031682,106.43002,27,240,0,60,6
UL_CCH211M_HCM,4G-CCH211M13-HCM,10.974425,106.638006,28,230,0,60,6
UL_CCH212M_HCM,4G-CCH212M11-HCM,11.008305,106.564525,27,330,0,60,6
UL_CCH214M_HCM,4G-CCH214M11-HCM,10.98644,106.37971,27,330,0,60,6
UL_CCH214M_HCM,4G-CCH214M12-HCM,10.98644,106.37971,27,110,0,60,6
UL_CCH214M_HCM,4G-CCH214M13-HCM,10.98644,106.37971,27,240,0,60,6
UL_CCH216M_HCM,4G-CCH216M11-HCM,10.92945,106.52609,29,20,0,60,6
UL_CCH216M_HCM,4G-CCH216M12-HCM,10.92945,106.52609,29,140,0,60,6
UL_CCH216M_HCM,4G-CCH216M13-HCM,10.92945,106.52609,29,250,0,60,6
UL_CCH217M_HCM,4G-CCH217M12-HCM,10.957086,106.596032,27,110,0,60,6
UL_CCH217M_HCM,4G-CCH217M13-HCM,10.957086,106.596032,27,230,0,60,6
UL_CCH218M_HCM,4G-CCH218M11-HCM,11.13153,106.45928,27,340,0,60,6
UL_CCH218M_HCM,4G-CCH218M12-HCM,11.13153,106.45928,27,90,0,60,6
UL_CCH218M_HCM,4G-CCH218M13-HCM,11.13153,106.45928,27,270,0,60,6
UL_CCH219M_HCM,4G-CCH219M11-HCM,10.97469,106.6088,27,15,0,60,6
UL_CCH219M_HCM,4G-CCH219M13-HCM,10.97469,106.6088,27,240,0,60,6
UL_CCH220M_HCM,4G-CCH220M11-HCM,10.99543,106.5269,27,10,0,60,6
UL_CCH220M_HCM,4G-CCH220M12-HCM,10.99543,106.5269,27,120,0,60,6
UL_CCH220M_HCM,4G-CCH220M13-HCM,10.99543,106.5269,27,250,0,60,6
UL_CCH221M_HCM,4G-CCH221M11-HCM,11.11639,106.50166,24,340,0,60,6
UL_CCH221M_HCM,4G-CCH221M12-HCM,11.11639,106.50166,24,100,0,60,6
UL_CCH223M_HCM,4G-CCH223M11-HCM,10.951918,106.533808,27,340,0,60,6
UL_CCH223M_HCM,4G-CCH223M13-HCM,10.951918,106.533808,27,230,0,60,6
UL_CCH224M_HCM,4G-CCH224M12-HCM,10.996608,106.44844,27,120,0,60,6
UL_CCH225M_HCM,4G-CCH225M13-HCM,10.960821,106.636551,27,250,0,60,6
UL_CCH226M_HCM,4G-CCH226M11-HCM,10.94059,106.60363,30,340,0,60,6
UL_CCH226M_HCM,4G-CCH226M12-HCM,10.94059,106.60363,30,110,0,60,6
UL_CCH229M_HCM,4G-CCH229M11-HCM,10.97088,106.61569,27,0,0,60,6
UL_CCH231M_HCM,4G-CCH231M11-HCM,10.92059,106.60101,27,340,0,60,6
UL_CCH231M_HCM,4G-CCH231M12-HCM,10.92059,106.60101,27,120,0,60,6
UL_CCH232M_HCM,4G-CCH232M13-HCM,11.039139,106.454793,27,260,0,60,6
UL_CCH233M_HCM,4G-CCH233M11-HCM,10.97046,106.53447,27,0,0,60,6
UL_CCH234M_HCM,4G-CCH234M12-HCM,11.02173,106.45168,25,120,0,60,6
UL_CCH237M_HCM,4G-CCH237M13-HCM,11.06029,106.52946,27,160,0,60,6
UL_CCH239M_HCM,4G-CCH239M11-HCM,10.93362,106.5316,22,330,0,60,6
UL_CCH239M_HCM,4G-CCH239M13-HCM,10.93362,106.5316,22,200,0,60,6
UL_CCH240M_HCM,4G-CCH240M11-HCM,10.953583,106.64388,24,10,0,60,6
UL_CCH242M_HCM,4G-CCH242M11-HCM,10.97976,106.56627,30,20,0,60,6
UL_CCH243M_HCM,4G-CCH243M11-HCM,10.95137,106.52258,28,350,0,60,6
UL_CCH243M_HCM,4G-CCH243M12-HCM,10.95137,106.52258,28,120,0,60,6
UL_CCH246M_HCM,4G-CCH246M13-HCM,10.98328,106.57732,26,240,0,60,6
UL_CCH225M_HCM,4G-CCH249M11-HCM,10.98256,106.62026,27,0,0,60,6
UL_CCH252M_HCM,4G-CCH252M12-HCM,10.96774,106.59859,29,110,0,60,6
UL_CCH253M_HCM,4G-CCH253M11-HCM,11.000121,106.591383,28,350,0,60,6
UL_CCH254M_HCM,4G-CCH254M11-HCM,10.92041,106.64015,30,10,0,60,6
UL_CCH254M_HCM,4G-CCH254M12-HCM,10.92041,106.64015,30,130,0,60,6
UL_CCH255M_HCM,4G-CCH255M11-HCM,10.95738,106.51268,28,340,0,60,6
4G-CCH256M-HCM,4G-CCH256M11-HCM,11.00846,106.54272,31,350,0,60,6
4G-CCH256M-HCM,4G-CCH256M13-HCM,11.00846,106.54272,31,240,0,60,6
UL_CCH257M_HCM,4G-CCH257M11-HCM,10.9196,106.52512,29,0,0,60,6
UL_CCH258M_HCM,4G-CCH258M11-HCM,11.03272,106.55371,29.5,340,0,60,6
UL_CCH258M_HCM,4G-CCH258M12-HCM,11.03272,106.55371,29.5,100,0,60,6
UL_CCH261M_HCM,4G-CCH261M12-HCM,10.924216,106.553144,29,140,0,60,6
UL_CCH262M_HCM,4G-CCH262M11-HCM,10.970867,106.560553,28,40,0,60,6
UL_CCH262M_HCM,4G-CCH262M12-HCM,10.970867,106.560553,28,110,0,60,6
UL_CCH263M_HCM,4G-CCH263M12-HCM,10.977112,106.595149,28,140,0,60,6
UL_CCH264M_HCM,4G-CCH264M13-HCM,10.950427,106.603016,29,240,0,60,6
UL_CCH265M_HCM,4G-CCH265M13-HCM,10.97078,106.58388,27,170,0,60,6
UL_CCH266B_HCM,4G-CCH266M11-HCM,11.042864,106.56343,28,100,0,60,6
UL_CCH269B_HCM,4G-CCH269M12-HCM,10.975369,106.58246,16,90,0,60,6
UL_CCH270B_HCM,4G-CCH270M11-HCM,11.050437,106.450925,17,0,0,60,6
UL_CCH270B_HCM,4G-CCH270M12-HCM,11.050437,106.450925,17,180,0,60,6
UL_CCH271M_HCM,4G-CCH271M12-HCM,10.994855,106.596465,29.5,130,0,60,6
UL_CCH273B_HCM,4G-CCH273M11-HCM,10.954821,106.610427,17,330,0,60,6
UL_CCH289M_HCM,4G-CCH275M13-HCM,10.927853,106.557322,17,220,0,60,6
UL_CCH278B_HCM,4G-CCH278M12-HCM,11.128738,106.489549,29.5,120,0,60,6
UL_CCH282B_HCM,4G-CCH282M12-HCM,11.066842,106.486903,30,120,0,60,6
UL_CCH327M_HCM,4G-CCH327M11-HCM,10.924555,106.517333,28,10,0,60,6
SL-CCH331M-HCM,4G-CCH331M11-HCM,11.058776,106.473888,34.5,320,0,60,6
SL-CCH331M-HCM,4G-CCH331M12-HCM,11.058776,106.473888,34.5,90,0,60,6
SL-CCH331M-HCM,4G-CCH331M13-HCM,11.058776,106.473888,34.5,230,0,60,6
SL-CCH332M-HCM,4G-CCH332M11-HCM,10.96357,106.52491,28.5,30,0,60,6
UL_CCH328B_HCM,4G-CCH334M12-HCM,10.99822,106.46055,29,140,0,60,6
UL_CCH328B_HCM,4G-CCH334M13-HCM,10.99822,106.46055,29,320,0,60,6
UL_CCH189M_HCM,4G-CCH335M11-HCM,10.94768,106.5034,29,90,0,60,6
UL_CCH189M_HCM,4G-CCH335M13-HCM,10.94768,106.5034,29,310,0,60,6
UL_CCH186M_HCM,4G-CCH336M12-HCM,11.08319,106.51191,29,130,0,60,6
4G-CCH063M-HCM,4G-CCH337M11-HCM,11.03307,106.49511,29,50,0,60,6
4G-CCH063M-HCM,4G-CCH337M13-HCM,11.03307,106.49511,29,300,0,60,6
UL_CCH278B_HCM,4G-CCH341M11-HCM,11.09865,106.45562,40,40,0,60,6
UL_CCH278B_HCM,4G-CCH341M12-HCM,11.09865,106.45562,40,230,0,60,6
4G-CCH348M-HCM,4G-CCH348M12-HCM,11.016915,106.5915,28,100,0,60,6
4G-CCH348M-HCM,4G-CCH348M13-HCM,11.016915,106.5915,28,190,0,60,6
4G-CCH349M-HCM,4G-CCH349M12-HCM,11.01229,106.48622,28,120,0,60,6
4G-CCH349M-HCM,4G-CCH349M13-HCM,11.01229,106.48622,28,310,0,60,6
4G-CCH350M-HCM,4G-CCH350M12-HCM,10.940477,106.511472,28,130,0,60,6
4G-CCH352M-HCM,4G-CCH352M13-HCM,10.92046,106.508743,28,270,0,60,6
4G-CCH353M-HCM,4G-CCH353M13-HCM,10.920465,106.515775,28,210,0,60,6
4G-CCH354M-HCM,4G-CCH354M11-HCM,10.92554,106.50805,25,0,0,60,6
4G-CCH354M-HCM,4G-CCH354M13-HCM,10.92554,106.50805,25,270,0,60,6
4G-CCH361M-HCM,4G-CCH361M12-HCM,11.003649,106.449487,28,130,0,60,6
4G-CCH361M-HCM,4G-CCH361M13-HCM,11.003649,106.449487,28,240,0,60,6
4G-CCH365M-HCM,4G-CCH365M12-HCM,10.959042,106.604068,28,140,0,60,6
4G-CDA005M-VTU,4G-CDA005M13-VTU,8.69967,106.61402,40,210,0,60,6
UL_CDA006M_VTU,4G-CDA006M11-VTU,8.667911,106.578697,50,0,0,60,6
UL_CDA006M_VTU,4G-CDA006M12-VTU,8.667911,106.578697,43,100,0,60,6
UL_CDA006M_VTU,4G-CDA006M13-VTU,8.667911,106.578697,43,280,0,60,6
UL_CDA013M_VTU,4G-CDA013M12-VTU,8.69392,106.60198,36,100,0,60,6
UL_CDA013M_VTU,4G-CDA013M13-VTU,8.69392,106.60198,36,240,0,60,6
UL_CDA022M_VTU,4G-CDA022M11-VTU,8.67949,106.6015,27,345,0,60,6
UL_CDA023M_VTU,4G-CDA023M11-VTU,8.68946,106.60939,24,340,0,60,6
UL_CDA023M_VTU,4G-CDA023M12-VTU,8.68946,106.60939,24,170,0,60,6
UL_CDA024M_VTU,4G-CDA024M13-VTU,8.686968,106.611146,24,285,0,60,6
UL_CDA700B_VTU,4G-CDA700M11-VTU,8.683707,106.610593,14,30,0,60,6
UL_CDA700B_VTU,4G-CDA700M12-VTU,8.683707,106.610593,14,230,0,60,6
UL_CDA701B_VTU,4G-CDA701M12-VTU,8.66375,106.56709,40,180,0,60,6
UL_CDA702B_VTU,4G-CDA702M12-VTU,8.68653,106.594528,32,195,0,60,6
4G-CDO002M-AGG,4G-CDO002M12-AGG,10.703483,105.090551,40.5,200,0,60,6
4G-CDO002M-AGG,4G-CDO002M13-AGG,10.703483,105.090551,40.5,250,0,60,6
4G-CDO003M-CTO,4G-CDO003M12-CTO,10.13155,105.41763,34.5,150,0,60,6
4G-CDO004M-AGG,4G-CDO004M11-AGG,10.673096,105.083774,34.5,0,0,60,6
4G-CDO007M-AGG,4G-CDO007M13-AGG,10.70995,105.10221,34.5,250,0,60,6
4G-CDO008M-AGG,4G-CDO008M11-AGG,10.663796,105.129723,37.5,20,0,60,6
4G-CDO008M-AGG,4G-CDO008M13-AGG,10.663796,105.129723,37.5,240,0,60,6
4G-CDO008M-CTO,4G-CDO008M13-CTO,10.00505,105.53136,39,210,0,60,6
4G-CDO010M-AGG,4G-CDO010M12-AGG,10.665954,105.058444,40.5,60,0,60,6
4G-CDO021M-AGG,4G-CDO021M12-AGG,10.750276,105.098216,40.5,110,0,60,6
4G-CDO023M-AGG,4G-CDO023M11-AGG,10.674863,105.070582,27.5,20,0,60,6
4G-CDO031M-AGG,4G-CDO031M12-AGG,10.710413,105.114263,34.5,130,0,60,6
4G-CDO032M-AGG,4G-CDO032M13-AGG,10.740372,105.101011,34,160,0,60,6
4G-CDO033M-AGG,4G-CDO033M11-AGG,10.654233,105.043244,37.5,40,0,60,6
UL_CDO033M_CTO,4G-CDO033M11-CTO,10.116702,105.42468,40,0,0,60,6
4G-CDO033M-AGG,4G-CDO033M13-AGG,10.654233,105.043244,37.5,230,0,60,6
4G-CDO034M-AGG,4G-CDO034M11-AGG,10.649476,105.114362,30,330,0,60,6
UL_CDO037M_AGG,4G-CDO037M11-AGG,10.720894,105.112283,37,330,0,60,6
UL_CDO038M_AGG,4G-CDO038M11-AGG,10.712576,105.106124,40,350,0,60,6
UL_CDO040M_AGG,4G-CDO040M13-AGG,10.684622,105.074211,40.5,180,0,60,6
SL-CDO042M-AGG,4G-CDO042M11-AGG,10.684116,105.085953,40.5,330,0,60,6
UL_CDO044M_CTO,4G-CDO044M13-CTO,10.17201,105.492601,40,170,0,60,6
UL_CDO046M_CTO,4G-CDO046M12-CTO,10.13477,105.564136,40,140,0,60,6
4G-CDO049M-AGG,4G-CDO049M11-AGG,10.685552,105.116283,37,10,0,60,6
4G-CDO049M-AGG,4G-CDO049M12-AGG,10.685552,105.116283,37,120,0,60,6
UL_CDO053M_AGG,4G-CDO053M11-AGG,10.671871,105.104161,40.5,60,0,60,6
4G-CDO053M-CTO,4G-CDO053M11-CTO,10.110763,105.436344,40.5,330,0,60,6
UL_CDO053M_AGG,4G-CDO053M12-AGG,10.671871,105.104161,40.5,190,0,60,6
4G-CDO056M-CTO,4G-CDO056M11-CTO,10.191056,105.473171,40,330,0,60,6
SL-CDO059M-CTO,4G-CDO059M13-CTO,10.1137,105.4536,40,230,0,60,6
4G-CDO061M-AGG,4G-CDO061M12-AGG,10.65977,105.05026,37.5,80,0,60,6
4G-CDO061M-AGG,4G-CDO061M13-AGG,10.65977,105.05026,37.5,220,0,60,6
4G-CDO062M-AGG,4G-CDO062M11-AGG,10.696832,105.079098,40.5,60,0,60,6
4G-CDO062M-AGG,4G-CDO062M12-AGG,10.696832,105.079098,40.5,160,0,60,6
4G-CDO062M-AGG,4G-CDO062M13-AGG,10.696832,105.079098,40.5,240,0,60,6
4G-CDO009M-AGG,4G-CDO200M11-AGG,10.659713,105.050211,37.5,320,0,60,6
4G-CDO002M-CTO,4G-CDO204M11-CTO,10.0848,105.4839,40,110,0,60,6
LN-CDO001M-CTO,4G-CDO205M12-CTO,10.0881,105.4223,40,190,0,60,6
4G-CDO009M-CTO,4G-CDO209M12-CTO,10.0646,105.4988,40,270,0,60,6
4G-CDU002M-LAN,4G-CDU002M12-LAN,10.46257,106.67744,39,120,0,60,6
4G-CDU002M-LAN,4G-CDU002M13-LAN,10.46257,106.67744,39,260,0,60,6
UL_CDU004M_LAN,4G-CDU004M12-LAN,10.51267,106.57715,36,140,0,60,6
UL_CDU004M_LAN,4G-CDU004M13-LAN,10.51267,106.57715,36,210,0,60,6
LN-CDU007M-LAN,4G-CDU007M11-LAN,10.50501,106.60466,37,0,0,60,6
4G-CDU007M-VTU,4G-CDU007M12-VTU,10.5946,107.24952,37,110,0,60,6
4G-CDU007M-VTU,4G-CDU007M13-VTU,10.5946,107.24952,37,230,0,60,6
UL_CDU008M_LAN,4G-CDU008M13-LAN,10.57918,106.50753,40,250,0,60,6
4G-CDU013M-LAN,4G-CDU013M11-LAN,10.50346,106.72106,38,40,0,60,6
4G-CDU013M-VTU,4G-CDU013M12-VTU,10.69734,107.27894,23,170,0,60,6
4G-CDU013M-LAN,4G-CDU013M13-LAN,10.50346,106.72106,38,310,0,60,6
4G-CDU014M-VTU,4G-CDU014M12-VTU,10.64605,107.32938,39,100,0,60,6
4G-CDU016M-LAN,4G-CDU016M12-LAN,10.56419,106.57231,40,110,0,60,6
UL_CDU017M_LAN,4G-CDU017M12-LAN,10.53846,106.6015,34,120,0,60,6
4G-CDU019M-LAN,4G-CDU019M13-LAN,10.566676,106.546219,43,260,0,60,6
4G-CDU019M-VTU,4G-CDU019M13-VTU,10.72977,107.22896,34,250,0,60,6
4G-CDU020M-LAN,4G-CDU020M11-LAN,10.4897,106.62176,34,330,0,60,6
UL_CDU021M_LAN,4G-CDU021M13-LAN,10.6287,106.567,33,240,0,60,6
4G-CDU023M-VTU,4G-CDU023M13-VTU,10.74275,107.20791,28,270,0,60,6
UL_CDU024M_LAN,4G-CDU024M11-LAN,10.538132,106.624487,37,0,0,60,6
UL_CDU024M_LAN,4G-CDU024M12-LAN,10.538132,106.624487,37,120,0,60,6
UL_CDU024M_LAN,4G-CDU024M13-LAN,10.538132,106.624487,37,230,0,60,6
4G-CDU025M-VTU,4G-CDU025M12-VTU,10.67797,107.26821,42,160,0,60,6
UL_CDU026M_LAN,4G-CDU026M13-LAN,10.525248,106.610412,34,280,0,60,6
UL_CDU027M_LAN,4G-CDU027M11-LAN,10.500304,106.602339,40,280,0,60,6
UL_CDU027M_LAN,4G-CDU027M13-LAN,10.500304,106.602339,40,210,0,60,6
UL_CDU028M_LAN,4G-CDU028M11-LAN,10.6098,106.5549,34,330,0,60,6
4G-CDU029M-LAN,4G-CDU029M11-LAN,10.474618,106.600427,40,0,0,60,6
4G-CDU029M-LAN,4G-CDU029M12-LAN,10.474618,106.600427,40,120,0,60,6
4G-CDU030M-LAN,4G-CDU030M12-LAN,10.485787,106.693555,40,170,0,60,6
4G-CDU031M-LAN,4G-CDU031M12-LAN,10.46597,106.62672,41,120,0,60,6
4G-CDU031M-LAN,4G-CDU031M13-LAN,10.46597,106.62672,41,220,0,60,6
4G-CDU031M-VTU,4G-CDU031M13-VTU,10.721311,107.152898,33.5,260,0,60,6
UL_CDU033M_LAN,4G-CDU033M12-LAN,10.61002,106.50235,34,100,0,60,6
4G-CDU033M-VTU,4G-CDU033M12-VTU,10.59442,107.18507,27,190,0,60,6
4G-CDU033M-VTU,4G-CDU033M13-VTU,10.59442,107.18507,27,280,0,60,6
UL_CDU034M_LAN,4G-CDU034M11-LAN,10.60856,106.48764,34,20,0,60,6
UL_CDU034M_LAN,4G-CDU034M12-LAN,10.60856,106.48764,34,130,0,60,6
4G-CDU035M-LAN,4G-CDU035M12-LAN,10.615023,106.576724,40.5,120,0,60,6
4G-CDU036M-LAN,4G-CDU036M11-LAN,10.59906,106.519099,40,0,0,60,6
4G-CDU036M-VTU,4G-CDU036M11-VTU,10.65373,107.21938,40,90,0,60,6
4G-CDU036M-LAN,4G-CDU036M12-LAN,10.59906,106.519099,40,100,0,60,6
4G-CDU036M-VTU,4G-CDU036M12-VTU,10.65373,107.21938,40,210,0,60,6
4G-CDU036M-LAN,4G-CDU036M13-LAN,10.59906,106.519099,40,240,0,60,6
4G-CDU036M-VTU,4G-CDU036M13-VTU,10.65373,107.21938,40,270,0,60,6
4G-CDU037M-LAN,4G-CDU037M11-LAN,10.512508,106.615874,36,350,0,60,6
4G-CDU037M-LAN,4G-CDU037M12-LAN,10.512508,106.615874,36,170,0,60,6
4G-CDU037M-LAN,4G-CDU037M13-LAN,10.512508,106.615874,36,260,0,60,6
UL_CDU040M_LAN,4G-CDU040M12-LAN,10.450059,106.608439,33,90,0,60,6
UL_CDU040M_LAN,4G-CDU040M13-LAN,10.450059,106.608439,33,220,0,60,6
UL_CDU041M_LAN,4G-CDU041M11-LAN,10.47834,106.628161,36,20,0,60,6
4G-CDU041M-VTU,4G-CDU041M12-VTU,10.65713,107.24244,40,120,0,60,6
UL_CDU042M_LAN,4G-CDU042M12-LAN,10.570249,106.610275,40,130,0,60,6
UL_CDU042M_LAN,4G-CDU042M13-LAN,10.570249,106.610275,40,310,0,60,6
UL_CDU043M_LAN,4G-CDU043M11-LAN,10.587273,106.518387,40,0,0,60,6
UL_CDU043M_LAN,4G-CDU043M12-LAN,10.587273,106.518387,40,100,0,60,6
UL_CDU043M_VTU,4G-CDU043M12-VTU,10.63939,107.248414,37,130,0,60,6
UL_CDU043M_VTU,4G-CDU043M13-VTU,10.63939,107.248414,37,230,0,60,6
UL_CDU044M_LAN,4G-CDU044M11-LAN,10.605898,106.494231,34,340,0,60,6
UL_CDU044M_VTU,4G-CDU044M11-VTU,10.58568,107.20945,36,0,0,60,6
UL_CDU044M_LAN,4G-CDU044M12-LAN,10.605898,106.494231,34,100,0,60,6
UL_CDU044M_LAN,4G-CDU044M13-LAN,10.605898,106.494231,34,210,0,60,6
UL_CDU045M_VTU,4G-CDU045M11-VTU,10.68234,107.2472,46.5,0,0,60,6
UL_CDU045M_VTU,4G-CDU045M13-VTU,10.68234,107.2472,46.5,240,0,60,6
UL_CDU047M_LAN,4G-CDU047M11-LAN,10.588345,106.495143,34,40,0,60,6
UL_CDU047M_VTU,4G-CDU047M12-VTU,10.64417,107.31789,31,150,0,60,6
UL_CDU048M_LAN,4G-CDU048M11-LAN,10.49821,106.610593,34,0,0,60,6
UL_CDU048M_LAN,4G-CDU048M12-LAN,10.49821,106.610593,34,130,0,60,6
UL_CDU049M_LAN,4G-CDU049M11-LAN,10.58616,106.57252,40.5,20,0,60,6
UL_CDU050M_VTU,4G-CDU050M11-VTU,10.6436,107.17688,43,330,0,60,6
UL_CDU050M_LAN,4G-CDU050M13-LAN,10.563813,106.52956,42,260,0,60,6
UL_CDU051M_LAN,4G-CDU051M12-LAN,10.58901,106.55603,39,80,0,60,6
UL_CDU051M_VTU,4G-CDU051M13-VTU,10.694297,107.223455,35,260,0,60,6
UL_CDU052M_LAN,4G-CDU052M11-LAN,10.5022,106.618762,36,330,0,60,6
UL_CDU052M_LAN,4G-CDU052M13-LAN,10.5022,106.618762,34,190,0,60,6
UL_CDU052M_VTU,4G-CDU052M13-VTU,10.72814,107.23932,33,290,0,60,6
UL_CDU053M_VTU,4G-CDU053M11-VTU,10.70623,107.22336,40,0,0,60,6
UL_CDU053M_VTU,4G-CDU053M13-VTU,10.70623,107.22336,40,260,0,60,6
UL_CDU055M_VTU,4G-CDU055M12-VTU,10.684527,107.234339,36,100,0,60,6
4G-CDU056M-LAN,4G-CDU056M11-LAN,10.55137,106.62565,34,50,0,60,6
4G-CDU057M-LAN,4G-CDU057M13-LAN,10.488606,106.605126,36,260,0,60,6
UL_CDU058M_VTU,4G-CDU058M11-VTU,10.71519,107.239898,34.5,0,0,60,6
UL_CDU059M_LAN,4G-CDU059M12-LAN,10.61337,106.48729,34,140,0,60,6
UL_CDU060M_VTU,4G-CDU060M11-VTU,10.656204,107.32428,34.5,0,0,60,6
UL_CDU060M_VTU,4G-CDU060M12-VTU,10.656204,107.32428,34.5,160,0,60,6
UL_CDU061M_VTU,4G-CDU061M12-VTU,10.62158,107.33275,34,130,0,60,6
UL_CDU062M_VTU,4G-CDU062M11-VTU,10.58873,107.20095,35,0,0,60,6
UL_CDU062M_VTU,4G-CDU062M12-VTU,10.58873,107.20095,35,120,0,60,6
UL_CDU062M_VTU,4G-CDU062M13-VTU,10.58873,107.20095,35,240,0,60,6
UL_CDU063M_VTU,4G-CDU063M11-VTU,10.601017,107.23283,34,30,0,60,6
UL_CDU063M_VTU,4G-CDU063M12-VTU,10.601017,107.23283,34,200,0,60,6
UL_CDU063M_VTU,4G-CDU063M13-VTU,10.601017,107.23283,34,290,0,60,6
4G-CDU064M-LAN,4G-CDU064M11-LAN,10.59025,106.58726,36,0,0,60,6
4G-CDU064M-LAN,4G-CDU064M13-LAN,10.59025,106.58726,36,190,0,60,6
UL_CDU065M_VTU,4G-CDU065M13-VTU,10.699308,107.296109,34,240,0,60,6
UL_CDU069M_VTU,4G-CDU069M11-VTU,10.58585,107.30509,40,30,0,60,6
UL_CDU069M_VTU,4G-CDU069M13-VTU,10.58585,107.30509,40,290,0,60,6
UL_CDU084M_VTU,4G-CDU084M11-VTU,10.62822,107.25626,33,350,0,60,6
UL_CDU084M_VTU,4G-CDU084M13-VTU,10.62822,107.25626,33,250,0,60,6
UL_CDU086M_VTU,4G-CDU086M12-VTU,10.6643,107.3253,34.5,130,0,60,6
UL_CDU087M_VTU,4G-CDU087M13-VTU,10.617722,107.282566,40,210,0,60,6
UL_CDU088M_VTU,4G-CDU088M11-VTU,10.577199,107.316725,34.5,330,0,60,6
UL_CDU088M_VTU,4G-CDU088M13-VTU,10.577199,107.316725,34.5,170,0,60,6
UL_CDU089M_VTU,4G-CDU089M12-VTU,10.562431,107.314708,34.5,140,0,60,6
UL_CDU090M_VTU,4G-CDU090M11-VTU,10.572221,107.235412,34,40,0,60,6
UL_CDU090M_VTU,4G-CDU090M13-VTU,10.572221,107.235412,34,300,0,60,6
4G-CDU100M-VTU,4G-CDU100M13-VTU,10.67441,107.19905,40,270,0,60,6
4G-CDU115M-VTU,4G-CDU115M11-VTU,10.592757,107.266914,40,0,0,60,6
4G-CDU115M-VTU,4G-CDU115M12-VTU,10.592757,107.266914,40,80,0,60,6
4G-CDU115M-VTU,4G-CDU115M13-VTU,10.592757,107.266914,40,270,0,60,6
4G-CDU118M-VTU,4G-CDU118M11-VTU,10.64441,107.22353,40,0,0,60,6
4G-CDU119M-VTU,4G-CDU119M11-VTU,10.601346,107.170228,27,20,0,60,6
4G-CDU120M-VTU,4G-CDU120M13-VTU,10.590983,107.167961,27,240,0,60,6
4G-CDU122M-VTU,4G-CDU122M12-VTU,10.585522,107.220672,34.5,120,0,60,6
4G-CDU122M-VTU,4G-CDU122M13-VTU,10.585522,107.220672,34.5,230,0,60,6
4G-CDU123M-VTU,4G-CDU123M13-VTU,10.693647,107.237433,28.5,240,0,60,6
4G-CDU124M-VTU,4G-CDU124M11-VTU,10.660544,107.338671,34.5,40,0,60,6
4G-CDU125M-VTU,4G-CDU125M11-VTU,10.64636,107.36087,34.5,0,0,60,6
4G-CDU125M-VTU,4G-CDU125M13-VTU,10.64636,107.36087,34.5,230,0,60,6
UL_CDU700B_VTU,4G-CDU700M12-VTU,10.72307,107.15599,13,270,0,60,6
4G-CDU702B-LAN,4G-CDU702M11-LAN,10.59062,106.53782,17,350,0,60,6
UL_CDU703B_VTU,4G-CDU703M11-VTU,10.563652,107.196752,30,190,0,60,6
UL_CDU703B_VTU,4G-CDU703M12-VTU,10.563652,107.196752,30,280,0,60,6
UL_CDU703B_VTU,4G-CDU704M11-VTU,10.563652,107.196752,30,100,0,60,6
UL_CDU705B_VTU,4G-CDU705M11-VTU,10.563925,107.194569,30,170,0,60,6
UL_CDU705B_VTU,4G-CDU705M12-VTU,10.563925,107.194569,30,280,0,60,6
UL_CDU706B_VTU,4G-CDU706M11-VTU,10.565144,107.196011,30,100,0,60,6
UL_CDU706B_VTU,4G-CDU706M12-VTU,10.565144,107.196011,30,270,0,60,6
4G-CGA002M-TGG,4G-CGA002M12-TGG,10.41691,106.35291,35,120,0,60,6
4G-CGA002M-TGG,4G-CGA002M13-TGG,10.41691,106.35291,35,270,0,60,6
SL-CGA011M-TGG,4G-CGA011M11-TGG,10.39011,106.42803,34,10,0,60,6
SL-CGA011M-TGG,4G-CGA011M12-TGG,10.39011,106.42803,34,100,0,60,6
SL-CGA011M-TGG,4G-CGA011M13-TGG,10.39011,106.42803,34,270,0,60,6
4G-CGA014M-TGG,4G-CGA014M12-TGG,10.3512,106.44281,33,120,0,60,6
4G-CGA015M-TGG,4G-CGA015M11-TGG,10.38851,106.36755,35,330,0,60,6
4G-CGA015M-TGG,4G-CGA015M12-TGG,10.38851,106.36755,35,60,0,60,6
4G-CGA019M-TGG,4G-CGA019M12-TGG,10.44113,106.39718,38,110,0,60,6
4G-CGA020M-TGG,4G-CGA020M13-TGG,10.4399,106.36777,36,240,0,60,6
SL-CGA021M-TGG,4G-CGA021M11-TGG,10.4232,106.38317,40,10,0,60,6
SL-CGA021M-TGG,4G-CGA021M13-TGG,10.4232,106.38317,40,250,0,60,6
4G-CGA022M-TGG,4G-CGA022M12-TGG,10.39846,106.51075,33,150,0,60,6
4G-CGA022M-TGG,4G-CGA022M13-TGG,10.39846,106.51075,33,260,0,60,6
4G-CGA024M-TGG,4G-CGA024M11-TGG,10.37888,106.4077,39,50,0,60,6
4G-CGA024M-TGG,4G-CGA024M12-TGG,10.37888,106.4077,39,140,0,60,6
4G-CGA024M-TGG,4G-CGA024M13-TGG,10.37888,106.4077,39,240,0,60,6
4G-CGA027M-TGG,4G-CGA027M12-TGG,10.451422,106.44044,34,150,0,60,6
4G-CGA028M-TGG,4G-CGA028M11-TGG,10.37479,106.48663,36,20,0,60,6
4G-CGA028M-TGG,4G-CGA028M12-TGG,10.37479,106.48663,36,190,0,60,6
4G-CGA028M-TGG,4G-CGA028M13-TGG,10.37479,106.48663,36,270,0,60,6
4G-CGA035M-TGG,4G-CGA035M11-TGG,10.31253,106.53698,38,350,0,60,6
4G-CGA035M-TGG,4G-CGA035M12-TGG,10.31253,106.53698,38,120,0,60,6
4G-CGA035M-TGG,4G-CGA035M13-TGG,10.31253,106.53698,38,260,0,60,6
4G-CGA039M-TGG,4G-CGA039M13-TGG,10.31921,106.44418,36,300,0,60,6
4G-CGA041M-TGG,4G-CGA041M11-TGG,10.407919,106.433704,42,30,0,60,6
4G-CGA042M-TGG,4G-CGA042M11-TGG,10.313771,106.473801,39,0,0,60,6
SL-CGA046M-TGG,4G-CGA046M12-TGG,10.37539,106.42903,36,190,0,60,6
SL-CGA046M-TGG,4G-CGA046M13-TGG,10.37539,106.42903,36,280,0,60,6
UL_CGA049M_TGG,4G-CGA049M11-TGG,10.4049,106.3651,40,0,0,60,6
UL_CGA051M_TGG,4G-CGA051M12-TGG,10.455,106.4013,40,120,0,60,6
UL_CGA051M_TGG,4G-CGA051M13-TGG,10.455,106.4013,40,250,0,60,6
UL_CGA052M_TGG,4G-CGA052M12-TGG,10.3236,106.5229,40,140,0,60,6
UL_CGA054M_TGG,4G-CGA054M12-TGG,10.31158,106.50443,40,120,0,60,6
UL_CGA056M_TGG,4G-CGA056M13-TGG,10.41305,106.5059,42,210,0,60,6
UL_CGA057M_TGG,4G-CGA057M11-TGG,10.378444,106.468715,34,10,0,60,6
UL_CGA060M_TGG,4G-CGA060M11-TGG,10.35307,106.46709,40,320,0,60,6
4G-CGA061M-TGG,4G-CGA061M12-TGG,10.354527,106.428335,42,130,0,60,6
4G-CGA061M-TGG,4G-CGA061M13-TGG,10.354527,106.428335,42,230,0,60,6
4G-CGA065M-TGG,4G-CGA065M11-TGG,10.40938,106.34684,40,0,0,60,6
4G-CGA066M-TGG,4G-CGA066M11-TGG,10.43495,106.35522,40,0,0,60,6
4G-CGA067M-TGG,4G-CGA067M11-TGG,10.39333,106.46923,36,80,0,60,6
UL_CGA068M_TGG,4G-CGA068M11-TGG,10.41004,106.35968,40,330,0,60,6
UL_CGA070M_TGG,4G-CGA070M11-TGG,10.3636,106.4746,40,20,0,60,6
UL_CGA070M_TGG,4G-CGA070M12-TGG,10.3636,106.4746,40,130,0,60,6
UL_CGA070M_TGG,4G-CGA070M13-TGG,10.3636,106.4746,40,250,0,60,6
UL_CGA071M_TGG,4G-CGA071M12-TGG,10.3599,106.4649,40.5,140,0,60,6
UL_CGA071M_TGG,4G-CGA071M13-TGG,10.3599,106.4649,40.5,250,0,60,6
UL_CGA073M_TGG,4G-CGA073M11-TGG,10.451419,106.358492,40,20,0,60,6
UL_CGA073M_TGG,4G-CGA073M12-TGG,10.451419,106.358492,40,140,0,60,6
4G-CGA074M-TGG,4G-CGA074M11-TGG,10.448762,106.373302,40,40,0,60,6
4G-CGA074M-TGG,4G-CGA074M12-TGG,10.448762,106.373302,40,160,0,60,6
4G-CGA074M-TGG,4G-CGA074M13-TGG,10.448762,106.373302,40,280,0,60,6
4G-CGA075M-TGG,4G-CGA075M13-TGG,10.38677,106.51673,40,230,0,60,6
4G-CGA077M-TGG,4G-CGA077M12-TGG,10.40922,106.39593,40.5,70,0,60,6
4G-CGA077M-TGG,4G-CGA077M13-TGG,10.40922,106.39593,40.5,250,0,60,6
4G-CGA084M-TGG,4G-CGA084M11-TGG,10.38777,106.49673,40,50,0,60,6
4G-CGI001M-LAN,4G-CGI001M12-LAN,10.63195,106.68948,40,90,0,60,6
4G-CGI002M-LAN,4G-CGI002M13-LAN,10.569662,106.680632,33,210,0,60,6
4G-CGI003M-LAN,4G-CGI003M12-LAN,10.5348,106.69287,40,100,0,60,6
4G-CGI003M-HCM,4G-CGI003M13-HCM,10.5412,106.8328,30,280,0,60,6
UL_CGI005M_HCM,4G-CGI005M12-HCM,10.66455,106.77597,35,130,0,60,6
UL_CGI006M_LAN,4G-CGI006M13-LAN,10.56269,106.63349,34,230,0,60,6
UL_CGI008M_HCM,4G-CGI008M11-HCM,10.494142,106.869039,42,330,0,60,6
UL_CGI008M_HCM,4G-CGI008M12-HCM,10.494142,106.869039,42,170,0,60,6
UL_CGI010M_LAN,4G-CGI010M13-LAN,10.58486,106.64588,37,220,0,60,6
4G-CGI011M-LAN,4G-CGI011M11-LAN,10.54968,106.64774,38,10,0,60,6
4G-CGI012M-LAN,4G-CGI012M13-LAN,10.60618,106.63116,40,280,0,60,6
4G-CGI013M-HCM,4G-CGI013M12-HCM,10.4047,106.93292,33,110,0,60,6
UL_CGI016M_HCM,4G-CGI016M13-HCM,10.552352,106.797499,24,270,0,60,6
4G-CGI017M-LAN,4G-CGI017M12-LAN,10.64625,106.58347,40,100,0,60,6
UL_CGI022M_HCM,4G-CGI022M12-HCM,10.465853,106.771755,27,110,0,60,6
UL_CGI024M_HCM,4G-CGI024M11-HCM,10.614,106.8439,27,350,0,60,6
GL_CGI025M_HCM,4G-CGI025M11-HCM,10.38659,106.91923,33,0,0,60,6
4G-CGI026M-HCM,4G-CGI026M11-HCM,10.5871,106.8511,34,350,0,60,6
UL_CGI027M_LAN,4G-CGI027M13-LAN,10.637214,106.659009,35,220,0,60,6
UL_CGI032M_HCM,4G-CGI032M12-HCM,10.521099,106.953789,51,160,0,60,6
UL_CGI032M_HCM,4G-CGI032M13-HCM,10.521099,106.953789,51,300,0,60,6
UL_CGI033M_LAN,4G-CGI033M11-LAN,10.632759,106.62723,34,350,0,60,6
UL_CGI033M_HCM,4G-CGI033M12-HCM,10.408828,106.964989,27,100,0,60,6
UL_CGI033M_LAN,4G-CGI033M12-LAN,10.632759,106.62723,34,180,0,60,6
UL_CGI033M_HCM,4G-CGI033M13-HCM,10.408828,106.964989,27,210,0,60,6
UL_CGI033M_LAN,4G-CGI033M13-LAN,10.632759,106.62723,34,260,0,60,6
UL_CGI034M_HCM,4G-CGI034M13-HCM,10.402381,106.921653,27,240,0,60,6
UL_CGI035M_HCM,4G-CGI035M12-HCM,10.658919,106.769726,27,110,0,60,6
UL_CGI036M_LAN,4G-CGI036M13-LAN,10.599317,106.597387,40,230,0,60,6
UL_CGI040M_HCM,4G-CGI040M11-HCM,10.394141,106.933858,32,0,0,60,6
UL_CGI041M_HCM,4G-CGI041M12-HCM,10.647097,106.786676,38.5,100,0,60,6
UL_CGI042B_HCM,4G-CGI042M12-HCM,10.615593,106.8175,35,170,0,60,6
UL_CGI045M_LAN,4G-CGI045M13-LAN,10.622354,106.602881,40,240,0,60,6
UL_CGI047M_LAN,4G-CGI047M11-LAN,10.64374,106.5661,35,0,0,60,6
UL_CGI034M_HCM,4G-CGI049M11-HCM,10.40522,106.93699,18,70,0,60,6
UL_CGI034M_HCM,4G-CGI049M12-HCM,10.40522,106.93699,18,170,0,60,6
UL_CGI049M_LAN,4G-CGI049W12-LAN,10.60809,106.662063,34,130,0,60,6
UL_CGI049M_LAN,4G-CGI049W13-LAN,10.60809,106.662063,34,270,0,60,6
UL_CGI050M_LAN,4G-CGI050M11-LAN,10.602216,106.65408,34,50,0,60,6
UL_CGI033M_HCM,4G-CGI050M12-HCM,10.40255,106.95003,18,90,0,60,6
UL_CGI050M_LAN,4G-CGI050M12-LAN,10.602216,106.65408,34,160,0,60,6
UL_CGI050M_LAN,4G-CGI050M13-LAN,10.602216,106.65408,34,290,0,60,6
UL_CGI052M_LAN,4G-CGI052M12-LAN,10.607622,106.64347,33,120,0,60,6
UL_CGI054M_LAN,4G-CGI054M11-LAN,10.598478,106.673219,34,10,0,60,6
UL_CGI056M_LAN,4G-CGI056M12-LAN,10.633648,106.549576,35,130,0,60,6
UL_CGI059M_LAN,4G-CGI059M13-LAN,10.64119,106.548698,35,240,0,60,6
UL_CGI060M_LAN,4G-CGI060M11-LAN,10.651494,106.590189,27,350,0,60,6
UL_CGI061M_LAN,4G-CGI061M13-LAN,10.62576,106.68306,34.5,240,0,60,6
UL_CGI062M_LAN,4G-CGI062M12-LAN,10.59321,106.65393,34.5,80,0,60,6
UL_CGI062M_LAN,4G-CGI062M13-LAN,10.59321,106.65393,34.5,200,0,60,6
UL_CGI064M_LAN,4G-CGI064M11-LAN,10.5306,106.73885,34.5,350,0,60,6
UL_CGI064M_LAN,4G-CGI064M12-LAN,10.5306,106.73885,34.5,190,0,60,6
UL_CGI065M_LAN,4G-CGI065M13-LAN,10.65227,106.58017,35,240,0,60,6
4G-CGI066M-LAN,4G-CGI066M11-LAN,10.609887,106.61609,33,10,0,60,6
4G-CGI066M-LAN,4G-CGI066M12-LAN,10.609887,106.61609,33,150,0,60,6
4G-CGI066M-LAN,4G-CGI066M13-LAN,10.609887,106.61609,33,290,0,60,6
UL_CGI067M_LAN,4G-CGI067M11-LAN,10.5497,106.7297,34,0,0,60,6
4G-CGI067M-HCM,4G-CGI067M12-HCM,10.388905,106.912731,28,110,0,60,6
4G-CGI067M-HCM,4G-CGI067M13-HCM,10.388905,106.912731,28,200,0,60,6
UL_CGI067M_LAN,4G-CGI067M13-LAN,10.5497,106.7297,34,240,0,60,6
4G-CGI069M-LAN,4G-CGI069M11-LAN,10.65522,106.5674,32,340,0,60,6
4G-CGI069M-LAN,4G-CGI069M12-LAN,10.65522,106.5674,32,120,0,60,6
4G-CGI069M-LAN,4G-CGI069M13-LAN,10.65522,106.5674,32,200,0,60,6
4G-CGI070M-LAN,4G-CGI070M11-LAN,10.59191,106.62202,40,30,0,60,6
4G-CGI070M-LAN,4G-CGI070M12-LAN,10.59191,106.62202,40,220,0,60,6
4G-CGI070M-LAN,4G-CGI070M13-LAN,10.59191,106.62202,40,290,0,60,6
4G-CGI071M-LAN,4G-CGI071M12-LAN,10.57486,106.738948,34,230,0,60,6
4G-CGI071M-LAN,4G-CGI071M13-LAN,10.57486,106.738948,34,280,0,60,6
4G-CGI075M-HCM,4G-CGI075M11-HCM,10.393497,106.927187,6,320,0,60,6
4G-CGI075M-HCM,4G-CGI075M12-HCM,10.393497,106.927187,6,90,0,60,6
4G-CGI075M-HCM,4G-CGI075M13-HCM,10.393497,106.927187,6,180,0,60,6
4G-CGI076M-LAN,4G-CGI076M13-LAN,10.589766,106.669638,37,190,0,60,6
4G-CGI077M-LAN,4G-CGI077M11-LAN,10.53751,106.65615,39,310,0,60,6
4G-CGI077M-LAN,4G-CGI077M12-LAN,10.53751,106.65615,39,90,0,60,6
4G-CGI084B-HCM,4G-CGI084M12-HCM,10.569237,106.826741,16,180,0,60,6
4G-CGI085B-HCM,4G-CGI085M12-HCM,10.550706,106.834131,16,200,0,60,6
4G-CGI087B-HCM,4G-CGI087M11-HCM,10.434709,106.917661,16,0,0,60,6
4G-CGI088M-HCM,4G-CGI088M11-HCM,10.388122,106.970309,34,320,0,60,6
4G-CGI088M-HCM,4G-CGI088M13-HCM,10.388122,106.970309,34,190,0,60,6
4G-CGI700B-LAN,4G-CGI700M11-LAN,10.65213,106.60989,34,350,0,60,6
4G-CGI701B-LAN,4G-CGI701M11-LAN,10.638618,106.617984,40,30,0,60,6
4G-CGI701B-LAN,4G-CGI701M12-LAN,10.638618,106.617984,40,130,0,60,6
4G-CGI701B-LAN,4G-CGI701M13-LAN,10.638618,106.617984,40,300,0,60,6
UL_CGI999M_HCM,4G-CGI999M11-HCM,10.394478,106.927636,6,90,0,60,6
UL_CGI999M_HCM,4G-CGI999M12-HCM,10.394478,106.927636,6,150,0,60,6
UL_CGI999M_HCM,4G-CGI999M13-HCM,10.394478,106.927636,6,210,0,60,6
LN-CKE003M-TVH,4G-CKE003M12-TVH,9.87255,106.05615,41,140,0,60,6
4G-CKE008M-TVH,4G-CKE008M11-TVH,9.85481,106.03118,32,50,0,60,6
4G-CKE009M-TVH,4G-CKE009M12-TVH,9.79742,106.08001,35,130,0,60,6
4G-CKE012M-TVH,4G-CKE012M12-TVH,9.89814,106.04543,35,100,0,60,6
4G-CKE014M-TVH,4G-CKE014M11-TVH,9.90657,105.97291,40,10,0,60,6
4G-CKE017M-TVH,4G-CKE017M11-TVH,9.90167,106.10187,39.5,0,0,60,6
4G-CKE017M-TVH,4G-CKE017M13-TVH,9.90167,106.10187,39.5,240,0,60,6
4G-CKE018M-TVH,4G-CKE018M12-TVH,9.83428,106.04749,35,60,0,60,6
4G-CKE021M-TVH,4G-CKE021M11-TVH,9.90071,106.02365,37.5,30,0,60,6
4G-CKE021M-TVH,4G-CKE021M13-TVH,9.90071,106.02365,37.5,200,0,60,6
4G-CKE022M-TVH,4G-CKE022M12-TVH,9.84338,106.06436,41,90,0,60,6
4G-CKE024M-TVH,4G-CKE024M13-TVH,9.85838,106.15117,41,250,0,60,6
4G-CKE026M-TVH,4G-CKE026M13-TVH,9.87741,106.03297,38,260,0,60,6
4G-CKE028M-TVH,4G-CKE028M12-TVH,9.862713,106.047465,41,50,0,60,6
4G-CKE028M-TVH,4G-CKE028M13-TVH,9.862713,106.047465,41,230,0,60,6
4G-CKE032M-TVH,4G-CKE032M13-TVH,9.84846,106.09626,41,310,0,60,6
4G-CKE035M-TVH,4G-CKE035M13-TVH,9.86484,106.06456,40,200,0,60,6
4G-CKE037M-TVH,4G-CKE037M11-TVH,9.82721,106.07867,40,30,0,60,6
4G-CKE037M-TVH,4G-CKE037M13-TVH,9.82721,106.07867,40,240,0,60,6
4G-CKE038M-TVH,4G-CKE038M12-TVH,9.85289,106.12469,40,80,0,60,6
4G-CKE041M-TVH,4G-CKE041M12-TVH,9.88674,106.02291,40,0,0,60,6
4G-CKE044M-TVH,4G-CKE044M12-TVH,9.8788,106.0899,40,200,0,60,6
4G-CKE044M-TVH,4G-CKE044M13-TVH,9.8788,106.0899,40,300,0,60,6
4G-CKE502S-TVH,4G-CKE502S11-TVH,9.9209,106.07618,10,10,0,60,6
UL_CLA001M_DTP,4G-CLA001M11-DTP,10.46198,105.60828,23,30,0,60,6
5G-CLA001M-BTE,4G-CLA001M12-BTE,10.2067,106.21573,37,160,0,60,6
5G-CLA002M-BTE,4G-CLA002M12-BTE,10.25792,106.12086,38,150,0,60,6
4G-CLA003M-BTE,4G-CLA003M11-BTE,10.24728,106.15273,42,0,0,60,6
4G-CLA003M-BTE,4G-CLA003M12-BTE,10.24728,106.15273,42,120,0,60,6
UL_CLA004M_BTE,4G-CLA004M11-BTE,10.17818,106.23049,40,330,0,60,6
UL_CLA004M_BTE,4G-CLA004M13-BTE,10.17818,106.23049,40,200,0,60,6
UL_CLA005M_BTE,4G-CLA005M13-BTE,10.15531,106.258,37,270,0,60,6
UL_CLA007M_BTE,4G-CLA007M11-BTE,10.27369,106.0673,39,20,0,60,6
UL_CLA007M_BTE,4G-CLA007M12-BTE,10.27369,106.0673,39,110,0,60,6
UL_CLA007M_BTE,4G-CLA007M13-BTE,10.27369,106.0673,39,250,0,60,6
4G-CLA009M-BTE,4G-CLA009M12-BTE,10.27561,106.04921,40,250,0,60,6
4G-CLA009M-BTE,4G-CLA009M13-BTE,10.27561,106.04921,40,350,0,60,6
LN-CLA011M-BTE,4G-CLA011M11-BTE,10.23302,106.18707,40,120,0,60,6
LN-CLA011M-BTE,4G-CLA011M13-BTE,10.23302,106.18707,40,300,0,60,6
4G-CLA014M-BTE,4G-CLA014M12-BTE,10.26701,106.08826,40,180,0,60,6
4G-CLA014M-BTE,4G-CLA014M13-BTE,10.26701,106.08826,40,280,0,60,6
UL_CLA018M_BTE,4G-CLA018M13-BTE,10.2431,106.1282,40,270,0,60,6
4G-CLA020M-BTE,4G-CLA020M13-BTE,10.26242,106.11097,38,260,0,60,6
UL_CLA021M_DTP,4G-CLA021M13-DTP,10.44487,105.64993,28,250,0,60,6
UL_CLA022M_BTE,4G-CLA022M11-BTE,10.21175,106.1652,40,30,0,60,6
UL_CLA022M_DTP,4G-CLA022M11-DTP,10.421023,105.641108,31.5,350,0,60,6
UL_CLA022M_BTE,4G-CLA022M12-BTE,10.21175,106.1652,40,150,0,60,6
UL_CLA022M_DTP,4G-CLA022M12-DTP,10.421023,105.641108,31.5,90,0,60,6
UL_CLA022M_BTE,4G-CLA022M13-BTE,10.21175,106.1652,40,270,0,60,6
UL_CLA023M_BTE,4G-CLA023M11-BTE,10.20872,106.19247,40,0,0,60,6
UL_CLA024M_BTE,4G-CLA024M12-BTE,10.179909,106.198906,40,110,0,60,6
UL_CLA025M_BTE,4G-CLA025M11-BTE,10.225043,106.24116,40,320,0,60,6
UL_CLA025M_BTE,4G-CLA025M12-BTE,10.225043,106.24116,40,130,0,60,6
UL_CLA025M_BTE,4G-CLA025M13-BTE,10.225043,106.24116,40,250,0,60,6
4G-CLA026M-TGG,4G-CLA026M11-TGG,10.38037,106.18546,36,0,0,60,6
4G-CLA027M-BTE,4G-CLA027M11-BTE,10.175833,106.248889,39,0,0,60,6
UL_CLA028M_BTE,4G-CLA028M11-BTE,10.19157,106.22114,40,320,0,60,6
UL_CLA028M_BTE,4G-CLA028M12-BTE,10.19157,106.22114,40,130,0,60,6
UL_CLA029M_BTE,4G-CLA029M12-BTE,10.25283,106.06502,37,110,0,60,6
UL_CLA029M_BTE,4G-CLA029M13-BTE,10.25283,106.06502,37,250,0,60,6
UL_CLA030M_BTE,4G-CLA030M11-BTE,10.265223,106.13107,40,20,0,60,6
UL_CLA031M_BTE,4G-CLA031M13-BTE,10.162231,106.23697,40,280,0,60,6
UL_CLA032M_BTE,4G-CLA032M12-BTE,10.25363,106.09829,42,130,0,60,6
UL_CLA032M_BTE,4G-CLA032M13-BTE,10.25363,106.09829,42,270,0,60,6
UL_CLA035M_DTP,4G-CLA035M12-DTP,10.42652,105.58853,37.5,150,0,60,6
UL_CLA035M_DTP,4G-CLA035M13-DTP,10.42652,105.58853,37.5,250,0,60,6
UL_CLA036M_BTE,4G-CLA036M13-BTE,10.23678,106.13855,40,285,0,60,6
4G-CLA039M-DTP,4G-CLA039M11-DTP,10.49863,105.63689,37.5,350,0,60,6
4G-CLA039M-TGG,4G-CLA039M11-TGG,10.38701,106.0951,40,350,0,60,6
4G-CLA039M-DTP,4G-CLA039M13-DTP,10.49863,105.63689,37.5,200,0,60,6
4G-CLA040M-BTE,4G-CLA040M11-BTE,10.26571,106.10031,40,350,0,60,6
4G-CLA040M-BTE,4G-CLA040M12-BTE,10.26571,106.10031,40,80,0,60,6
4G-CLA040M-BTE,4G-CLA040M13-BTE,10.26571,106.10031,40,250,0,60,6
SL-CLA041M-BTE,4G-CLA041M11-BTE,10.278153,106.107632,40,40,0,60,6
SL-CLA041M-BTE,4G-CLA041M12-BTE,10.278153,106.107632,40,140,0,60,6
SL-CLA041M-BTE,4G-CLA041M13-BTE,10.278153,106.107632,40,290,0,60,6
UL_CLA045M_DTP,4G-CLA045M11-DTP,10.41798,105.64664,40,330,0,60,6
UL_CLA045M_DTP,4G-CLA045M12-DTP,10.41798,105.64664,40,120,0,60,6
4G-CLA045M-TGG,4G-CLA045M13-TGG,10.40979,106.1102,24,200,0,60,6
4G-CLA048M-TGG,4G-CLA048M11-TGG,10.44162,106.11306,31,20,0,60,6
4G-CLA048M-TGG,4G-CLA048M12-TGG,10.44162,106.11306,31,180,0,60,6
4G-CLA048M-TGG,4G-CLA048M13-TGG,10.44162,106.11306,31,260,0,60,6
UL_CLA051M_DTP,4G-CLA051M11-DTP,10.47558,105.64004,38,340,0,60,6
SL-CLA061M-TGG,4G-CLA061M12-TGG,10.395038,106.150211,40.5,80,0,60,6
UL_CLA062M_DTP,4G-CLA062M12-DTP,10.434948,105.643984,37.5,80,0,60,6
UL_CLA064M_DTP,4G-CLA064M11-DTP,10.491798,105.596368,36,30,0,60,6
UL_CLA064M_DTP,4G-CLA064M13-DTP,10.491798,105.596368,36,300,0,60,6
UL_CLA065M_TGG,4G-CLA065M11-TGG,10.41213,106.14031,34,320,0,60,6
UL_CLA065M_DTP,4G-CLA065M12-DTP,10.517015,105.595748,40.5,180,0,60,6
UL_CLA065M_TGG,4G-CLA065M12-TGG,10.41213,106.14031,34,90,0,60,6
UL_CLA065M_DTP,4G-CLA065M13-DTP,10.517015,105.595748,40.5,260,0,60,6
UL_CLA066M_DTP,4G-CLA066M11-DTP,10.482469,105.644223,41,340,0,60,6
UL_CLA066M_DTP,4G-CLA066M12-DTP,10.482469,105.644223,41,90,0,60,6
UL_CLA067M_DTP,4G-CLA067M12-DTP,10.457345,105.632261,31,130,0,60,6
4G-CLA068M-TGG,4G-CLA068M11-TGG,10.41341,106.11596,36,0,0,60,6
4G-CLA068M-TGG,4G-CLA068M12-TGG,10.41341,106.11596,36,200,0,60,6
4G-CLA068M-TGG,4G-CLA068M13-TGG,10.41341,106.11596,36,130,0,60,6
4G-CLA069M-TGG,4G-CLA069M13-TGG,10.42325,106.15747,41,250,0,60,6
4G-CLA070M-TGG,4G-CLA070M13-TGG,10.40148,106.17506,41,240,0,60,6
4G-CLA071M-TGG,4G-CLA071M11-TGG,10.42385,106.1778,41,0,0,60,6
4G-CLA071M-TGG,4G-CLA071M12-TGG,10.42385,106.1778,41,90,0,60,6
4G-CLA071M-TGG,4G-CLA071M13-TGG,10.42385,106.1778,41,270,0,60,6
UL_CLA072M_DTP,4G-CLA072M11-DTP,10.470101,105.612555,37.5,0,0,60,6
4G-CLA072M-TGG,4G-CLA072M12-TGG,10.45831,106.13674,41,140,0,60,6
4G-CLA073M-TGG,4G-CLA073M11-TGG,10.42473,106.13705,41,90,0,60,6
4G-CLA073M-TGG,4G-CLA073M12-TGG,10.42473,106.13705,41,180,0,60,6
4G-CLA073M-DTP,4G-CLA073M13-DTP,10.49995,105.57875,40,270,0,60,6
4G-CLA074M-TGG,4G-CLA074M11-TGG,10.40522,106.14954,41,0,0,60,6
4G-CLA074M-DTP,4G-CLA074M13-DTP,10.49021,105.65511,40,210,0,60,6
4G-CLA076M-DTP,4G-CLA076M11-DTP,10.472542,105.6356,30,350,0,60,6
UL_CLA077M_TGG,4G-CLA077M11-TGG,10.485704,106.138155,40,0,0,60,6
UL_CLA077M_TGG,4G-CLA077M12-TGG,10.485704,106.138155,40,120,0,60,6
4G-CLA078M-DTP,4G-CLA078M11-DTP,10.465003,105.646883,40.5,0,0,60,6
4G-CLA079M-DTP,4G-CLA079M11-DTP,10.44885,105.634096,40.5,0,0,60,6
4G-CLA079M-DTP,4G-CLA079M13-DTP,10.44885,105.634096,40.5,240,0,60,6
4G-CLA080M-DTP,4G-CLA080M11-DTP,10.464911,105.600306,40,0,0,60,6
4G-CLA080M-DTP,4G-CLA080M13-DTP,10.464911,105.600306,40,240,0,60,6
UL_CLA080M_TGG,4G-CLA080M13-TGG,10.41277,106.16358,40.5,280,0,60,6
4G-CLA081M-DTP,4G-CLA081M13-DTP,10.442206,105.60471,40,300,0,60,6
SL-CLA082M-DTP,4G-CLA082M11-DTP,10.428263,105.626341,40,330,0,60,6
4G-CLA088M-TGG,4G-CLA088M11-TGG,10.3779,106.139141,40,10,0,60,6
4G-CLA088M-TGG,4G-CLA088M12-TGG,10.3779,106.139141,40,120,0,60,6
4G-CLA088M-TGG,4G-CLA088M13-TGG,10.3779,106.139141,40,250,0,60,6
4G-CLA089M-TGG,4G-CLA089M12-TGG,10.36724,106.14516,40.5,90,0,60,6
4G-CLA092M-TGG,4G-CLA092M11-TGG,10.3686,106.17144,40,0,0,60,6
4G-CLA092M-TGG,4G-CLA092M12-TGG,10.3686,106.17144,40,120,0,60,6
4G-CLA092M-TGG,4G-CLA092M13-TGG,10.3686,106.17144,40,230,0,60,6
UL_CLA701B_BTE,4G-CLA701M11-BTE,10.22603,106.21809,32,0,0,60,6
UL_CLA701B_TGG,4G-CLA701M11-TGG,10.46974,106.1262,38.5,0,0,60,6
4G-CLA703B-DTP,4G-CLA703M11-DTP,10.475488,105.611535,21,10,0,60,6
4G-CLA703B-DTP,4G-CLA703M12-DTP,10.475488,105.611535,21,110,0,60,6
4G-CLA703B-DTP,4G-CLA703M13-DTP,10.475488,105.611535,21,270,0,60,6
UL_CLA705B_BTE,4G-CLA705M11-BTE,10.20237,106.1743,40,20,0,60,6
UL_CLA706B_BTE,4G-CLA706M11-BTE,10.22383,106.16801,41,330,0,60,6
UL_CLA706B_DTP,4G-CLA706M11-DTP,10.433266,105.58077,16,350,0,60,6
UL_CLA707B_BTE,4G-CLA707M11-BTE,10.2627,106.1433,40,320,0,60,6
UL_CLA707B_BTE,4G-CLA707M12-BTE,10.2627,106.1433,40,180,0,60,6
UL_CLA708B_BTE,4G-CLA708M12-BTE,10.1803,106.2395,40,170,0,60,6
UL_CLA709B_DTP,4G-CLA709M11-DTP,10.444491,105.665632,40,30,0,60,6
UL_CLA709B_DTP,4G-CLA709M12-DTP,10.444491,105.665632,40,220,0,60,6
SL-CLD004M-STG,4G-CLD004M13-STG,9.51514,106.23429,39,250,0,60,6
SL-CLD008M-STG,4G-CLD008M11-STG,9.54363,106.25919,39,320,0,60,6
SL-CLD008M-STG,4G-CLD008M12-STG,9.54363,106.25919,39,80,0,60,6
SL-CLD008M-STG,4G-CLD008M13-STG,9.54363,106.25919,39,210,0,60,6
SL-CLD011M-STG,4G-CLD011M13-STG,9.67317,106.15327,39,150,0,60,6
SL-CLD014M-STG,4G-CLD014M12-STG,9.723205,106.110412,39,150,0,60,6
LN-CLD019M-STG,4G-CLD019M11-STG,9.669038,106.168317,41,330,0,60,6
LN-CLD019M-STG,4G-CLD019M12-STG,9.669038,106.168317,41,140,0,60,6
4G-CLO003M-TVH,4G-CLO003M11-TVH,10.01795,106.19461,35,0,0,60,6
4G-CLO003M-TVH,4G-CLO003M12-TVH,10.01795,106.19461,35,120,0,60,6
4G-CLO006M-TVH,4G-CLO006M11-TVH,10.01535,106.30911,35,310,0,60,6
4G-CLO014M-TVH,4G-CLO014M11-TVH,10.06421,106.24753,32,340,0,60,6
4G-CLO014M-TVH,4G-CLO014M12-TVH,10.06421,106.24753,32,140,0,60,6
4G-CLO014M-TVH,4G-CLO014M13-TVH,10.06421,106.24753,32,240,0,60,6
4G-CLO017M-TVH,4G-CLO017M13-TVH,9.92596,106.22934,33,290,0,60,6
4G-CLO020M-TVH,4G-CLO020M11-TVH,10.047815,106.237339,41,0,0,60,6
4G-CLO020M-TVH,4G-CLO020M13-TVH,10.047815,106.237339,41,190,0,60,6
4G-CLO021M-TVH,4G-CLO021M11-TVH,9.97829,106.26788,41,0,0,60,6
4G-CLO021M-TVH,4G-CLO021M12-TVH,9.97829,106.26788,41,120,0,60,6
4G-CLO022M-TVH,4G-CLO022M12-TVH,9.93887,106.27927,35,130,0,60,6
4G-CLO024M-TVH,4G-CLO024M11-TVH,9.91013,106.15337,41,310,0,60,6
4G-CLO026M-TVH,4G-CLO026M11-TVH,9.95876,106.15159,41,40,0,60,6
4G-CLO026M-TVH,4G-CLO026M12-TVH,9.95876,106.15159,41,120,0,60,6
4G-CLO029M-TVH,4G-CLO029M11-TVH,9.90519,106.23103,40.5,340,0,60,6
4G-CLO031M-TVH,4G-CLO031M12-TVH,10.02196,106.27556,41,160,0,60,6
4G-CLO034M-TVH,4G-CLO034M12-TVH,9.95154,106.26425,58,130,0,60,6
4G-CLO036M-TVH,4G-CLO036M12-TVH,9.99765,106.15366,40,90,0,60,6
4G-CLO037M-TVH,4G-CLO037M11-TVH,10.05401,106.26514,40,320,0,60,6
4G-CLO037M-TVH,4G-CLO037M12-TVH,10.05401,106.26514,40,130,0,60,6
4G-CLO042M-TVH,4G-CLO042M13-TVH,10.01939,106.24823,41,270,0,60,6
4G-CLO044M-TVH,4G-CLO044M13-TVH,9.91588,106.24258,40.5,200,0,60,6
4G-CLO045M-TVH,4G-CLO045M11-TVH,9.89893,106.16033,41,350,0,60,6
4G-CLO046M-TVH,4G-CLO046M12-TVH,10.02345,106.29647,41,60,0,60,6
4G-CLO046M-TVH,4G-CLO046M13-TVH,10.02345,106.29647,41,270,0,60,6
4G-CLO047M-TVH,4G-CLO047M12-TVH,9.91292,106.21752,40.5,170,0,60,6
4G-CLO047M-TVH,4G-CLO047M13-TVH,9.91292,106.21752,40.5,240,0,60,6
4G-CLO050M-TVH,4G-CLO050M11-TVH,9.9106,106.1726,40,50,0,60,6
4G-CLO050M-TVH,4G-CLO050M12-TVH,9.9106,106.1726,40,130,0,60,6
4G-CLO050M-TVH,4G-CLO050M13-TVH,9.9106,106.1726,40,260,0,60,6
4G-CLO060M-TVH,4G-CLO060M11-TVH,10.000785,106.187419,40,340,0,60,6
4G-CLO060M-TVH,4G-CLO060M12-TVH,10.000785,106.187419,40,120,0,60,6
4G-CLO060M-TVH,4G-CLO060M13-TVH,10.000785,106.187419,40,230,0,60,6
4G-CMO005M-AGG,4G-CMO005M11-AGG,10.461156,105.566772,33.5,350,0,60,6
4G-CMO005M-AGG,4G-CMO005M12-AGG,10.461156,105.566772,33.5,170,0,60,6
4G-CMO005M-AGG,4G-CMO005M13-AGG,10.461156,105.566772,33.5,260,0,60,6
4G-CMO009M-AGG,4G-CMO009M11-AGG,10.541206,105.458014,37.5,20,0,60,6
4G-CMO009M-AGG,4G-CMO009M13-AGG,10.541206,105.458014,37.5,290,0,60,6
LN-CMO012M-AGG,4G-CMO012M11-AGG,10.39442,105.4563,36.5,90,0,60,6
LN-CMO012M-AGG,4G-CMO012M13-AGG,10.39442,105.4563,36.5,250,0,60,6
4G-CMO056M-AGG,4G-CMO012M14-AGG,10.39442,105.4563,30,0,0,60,6
4G-CMO015M-AGG,4G-CMO015M12-AGG,10.559055,105.379652,40.5,110,0,60,6
4G-CMO015M-AGG,4G-CMO015M13-AGG,10.559055,105.379652,40.5,310,0,60,6
4G-CMO016M-AGG,4G-CMO016M11-AGG,10.494982,105.406243,40.5,310,0,60,6
LN-CMO017M-AGG,4G-CMO017M13-AGG,10.509144,105.431575,34.5,250,0,60,6
4G-CMO023M-AGG,4G-CMO023M11-AGG,10.45533,105.41335,40.5,0,0,60,6
4G-CMO023M-AGG,4G-CMO023M13-AGG,10.45533,105.41335,40.5,250,0,60,6
4G-CMO026M-AGG,4G-CMO026M12-AGG,10.53952,105.33018,30.5,160,0,60,6
4G-CMO028M-AGG,4G-CMO028M11-AGG,10.52524,105.47982,36,320,0,60,6
4G-CMO028M-AGG,4G-CMO028M12-AGG,10.52524,105.47982,36,140,0,60,6
4G-CMO030M-AGG,4G-CMO030M12-AGG,10.486418,105.502558,37.5,100,0,60,6
4G-CMO030M-AGG,4G-CMO030M13-AGG,10.486418,105.502558,37.5,220,0,60,6
4G-CMO033M-AGG,4G-CMO033M11-AGG,10.35322,105.4893,40.5,330,0,60,6
4G-CMO034M-AGG,4G-CMO034M13-AGG,10.52491,105.50416,42,260,0,60,6
4G-CMO035M-AGG,4G-CMO035M11-AGG,10.5142,105.34232,37.5,330,0,60,6
4G-CMO035M-AGG,4G-CMO035M13-AGG,10.5142,105.34232,37.5,180,0,60,6
4G-CMO037M-AGG,4G-CMO037M12-AGG,10.45539,105.55093,35,120,0,60,6
4G-CMO037M-AGG,4G-CMO037M13-AGG,10.45539,105.55093,35,240,0,60,6
UL_CMO038M_AGG,4G-CMO038M13-AGG,10.385504,105.525314,40.5,280,0,60,6
UL_CMO039M_AGG,4G-CMO039M12-AGG,10.45002,105.43674,40,150,0,60,6
UL_CMO039M_AGG,4G-CMO039M13-AGG,10.45002,105.43674,40,280,0,60,6
4G-CMO040M-AGG,4G-CMO040M11-AGG,10.45364,105.39984,40.5,30,0,60,6
UL_CMO041M_AGG,4G-CMO041M11-AGG,10.54705,105.4212,40.5,70,0,60,6
UL_CMO043M_AGG,4G-CMO043M12-AGG,10.47812,105.559497,40.5,150,0,60,6
UL_CMO044M_AGG,4G-CMO044M11-AGG,10.536498,105.402813,36,20,0,60,6
UL_CMO044M_AGG,4G-CMO044M12-AGG,10.536498,105.402813,36,140,0,60,6
UL_CMO044M_AGG,4G-CMO044M13-AGG,10.536498,105.402813,36,280,0,60,6
UL_CMO045M_AGG,4G-CMO045M11-AGG,10.52673,105.53149,40.5,30,0,60,6
UL_CMO045M_AGG,4G-CMO045M12-AGG,10.52673,105.53149,40.5,80,0,60,6
UL_CMO046M_AGG,4G-CMO046M11-AGG,10.47816,105.36894,40.5,320,0,60,6
UL_CMO047M_AGG,4G-CMO047M11-AGG,10.521375,105.426392,40.5,320,0,60,6
UL_CMO048M_AGG,4G-CMO048M11-AGG,10.4675,105.45802,37,0,0,60,6
UL_CMO049M_AGG,4G-CMO049M11-AGG,10.38131,105.46687,38,20,0,60,6
UL_CMO050M_AGG,4G-CMO050M12-AGG,10.53414,105.46928,37.5,120,0,60,6
UL_CMO051M_AGG,4G-CMO051M11-AGG,10.459899,105.521043,40,330,0,60,6
UL_CMO051M_AGG,4G-CMO051M12-AGG,10.459899,105.521043,40,110,0,60,6
UL_CMO051M_AGG,4G-CMO051M13-AGG,10.459899,105.521043,40,240,0,60,6
UL_CMO052M_AGG,4G-CMO052M11-AGG,10.41401,105.45722,40.5,350,0,60,6
UL_CMO054M_AGG,4G-CMO054M11-AGG,10.51142,105.54723,40.5,330,0,60,6
UL_CMO054M_AGG,4G-CMO054M12-AGG,10.51142,105.54723,40.5,120,0,60,6
4G-CMO056M-AGG,4G-CMO056M13-AGG,10.40058,105.475156,37.5,230,0,60,6
UL_CMO059M_AGG,4G-CMO059M12-AGG,10.43191,105.55156,40,150,0,60,6
UL_CMO060M_AGG,4G-CMO060M11-AGG,10.36473,105.49271,40.5,10,0,60,6
4G-CMO062M-AGG,4G-CMO062M12-AGG,10.56605,105.3658,40.5,120,0,60,6
4G-CMO063M-AGG,4G-CMO063M11-AGG,10.445295,105.562582,41,310,0,60,6
4G-CMO063M-AGG,4G-CMO063M12-AGG,10.445295,105.562582,41,130,0,60,6
4G-CMO065M-AGG,4G-CMO065M11-AGG,10.4427,105.45191,37.5,20,0,60,6
4G-CMO065M-AGG,4G-CMO065M13-AGG,10.4427,105.45191,37.5,290,0,60,6
UL_CMO066M_AGG,4G-CMO066M11-AGG,10.4603,105.53363,40,330,0,60,6
UL_CMO066M_AGG,4G-CMO066M12-AGG,10.4603,105.53363,40,70,0,60,6
UL_CMO066M_AGG,4G-CMO066M13-AGG,10.4603,105.53363,40,140,0,60,6
SL-CMO069M-AGG,4G-CMO069M13-AGG,10.420976,105.467589,40.5,270,0,60,6
4G-CMO070M-AGG,4G-CMO070M12-AGG,10.546135,105.392508,40.5,140,0,60,6
UL_CMO071M_AGG,4G-CMO071M12-AGG,10.500677,105.442603,40.5,70,0,60,6
UL_CMO072M_AGG,4G-CMO072M11-AGG,10.52703,105.33709,40,30,0,60,6
UL_CMO072M_AGG,4G-CMO072M13-AGG,10.52703,105.33709,40,320,0,60,6
UL_CMO073M_AGG,4G-CMO073M13-AGG,10.496329,105.495535,40,240,0,60,6
4G-CMO075M-AGG,4G-CMO075M11-AGG,10.50063,105.51102,41,310,0,60,6
4G-CMO075M-AGG,4G-CMO075M12-AGG,10.50063,105.51102,41,130,0,60,6
4G-CMO076M-AGG,4G-CMO076M13-AGG,10.44311,105.46914,40.5,260,0,60,6
4G-CMO078M-AGG,4G-CMO078M11-AGG,10.48617,105.46075,30,290,0,60,6
4G-CMO078M-AGG,4G-CMO078M13-AGG,10.48617,105.46075,30,200,0,60,6
UL_CMO081M_AGG,4G-CMO081M11-AGG,10.54124,105.5026,40,340,0,60,6
UL_CMO081M_AGG,4G-CMO081M12-AGG,10.54124,105.5026,40,100,0,60,6
UL_CMO083M_AGG,4G-CMO083M11-AGG,10.531029,105.419976,40.5,10,0,60,6
UL_CMO085M_AGG,4G-CMO085M13-AGG,10.38461,105.48164,40.5,230,0,60,6
UL_CMO087M_AGG,4G-CMO087M12-AGG,10.412743,105.523279,39,110,0,60,6
UL_CMO094M_AGG,4G-CMO094M11-AGG,10.39866,105.50577,41,310,0,60,6
4G-CMO097M-AGG,4G-CMO097M11-AGG,10.439617,105.52186,40.5,40,0,60,6
4G-CMO098M-AGG,4G-CMO098M11-AGG,10.361482,105.479597,40.5,20,0,60,6
4G-CMO098M-AGG,4G-CMO098M12-AGG,10.361482,105.479597,40.5,110,0,60,6
4G-CMO099M-AGG,4G-CMO099M13-AGG,10.458791,105.387637,40.5,260,0,60,6
UL_CMO100M_AGG,4G-CMO100M12-AGG,10.4173,105.5518,40,120,0,60,6
UL_CMO201B_AGG,4G-CMO201M11-AGG,10.55306,105.39703,40,30,0,60,6
4G-CMY003M-DNI,4G-CMY003M12-DNI,10.78646,107.2259,39,160,0,60,6
4G-CMY008M-DNI,4G-CMY008M11-DNI,10.8661,107.2814,36,330,0,60,6
4G-CMY008M-DNI,4G-CMY008M13-DNI,10.8661,107.2814,36,200,0,60,6
4G-CMY010M-DNI,4G-CMY010M12-DNI,10.81411,107.18956,31,200,0,60,6
4G-CMY011M-DNI,4G-CMY011M13-DNI,10.76971,107.23695,36,320,0,60,6
4G-CMY016M-DNI,4G-CMY016M11-DNI,10.84391,107.17178,33,330,0,60,6
4G-CMY027M-DNI,4G-CMY027M11-DNI,10.69379,107.32116,34,0,0,60,6
4G-CMY030M-DNI,4G-CMY030M11-DNI,10.80923,107.32979,35,330,0,60,6
UL_CMY039M_DNI,4G-CMY039M13-DNI,10.74297,107.35043,29,180,0,60,6
UL_CMY046M_DNI,4G-CMY046M11-DNI,10.779777,107.247456,40,0,0,60,6
UL_CMY046M_DNI,4G-CMY046M12-DNI,10.779777,107.247456,40,100,0,60,6
UL_CMY046M_DNI,4G-CMY046M13-DNI,10.779777,107.247456,40,230,0,60,6
UL_CMY049M_DNI,4G-CMY049M13-DNI,10.764789,107.324959,40,230,0,60,6
UL_CMY051M_DNI,4G-CMY051M11-DNI,10.743743,107.326424,40,19,0,60,6
UL_CMY051M_DNI,4G-CMY051M12-DNI,10.743743,107.326424,40,130,0,60,6
UL_CMY051M_DNI,4G-CMY051M13-DNI,10.743743,107.326424,40,260,0,60,6
UL_CMY054M_DNI,4G-CMY054M13-DNI,10.7582,107.11708,40,240,0,60,6
UL_CMY056M_DNI,4G-CMY056M11-DNI,10.8347,107.2738,40,0,0,60,6
UL_CMY057M_DNI,4G-CMY057M13-DNI,10.8355,107.2325,37,270,0,60,6
4G-CMY072M-DNI,4G-CMY072M11-DNI,10.84657,107.12686,33,30,0,60,6
4G-CMY072M-DNI,4G-CMY072M13-DNI,10.84657,107.12686,33,320,0,60,6
4G-CMY078M-DNI,4G-CMY078M11-DNI,10.681,107.3137,36,30,0,60,6
4G-CMY078M-DNI,4G-CMY078M12-DNI,10.681,107.3137,36,120,0,60,6
4G-CMY078M-DNI,4G-CMY078M13-DNI,10.681,107.3137,36,210,0,60,6
UL_CMY701B_DNI,4G-CMY701M12-DNI,10.843164,107.403038,28,210,0,60,6
4G-CNG001M-TVH,4G-CNG001M11-TVH,9.79044,106.47668,39.5,330,0,60,6
LN-CNG003M-TVH,4G-CNG003M11-TVH,9.79547,106.45301,36,310,0,60,6
LN-CNG003M-TVH,4G-CNG003M13-TVH,9.79547,106.45301,36,250,0,60,6
4G-CNG005M-TVH,4G-CNG005M11-TVH,9.81111,106.40701,34,10,0,60,6
4G-CNG006M-TVH,4G-CNG006M13-TVH,9.73198,106.47705,34,320,0,60,6
4G-CNG007M-TVH,4G-CNG007M11-TVH,9.76789,106.49103,35,340,0,60,6
4G-CNG007M-TVH,4G-CNG007M12-TVH,9.76789,106.49103,35,50,0,60,6
4G-CNG007M-TVH,4G-CNG007M13-TVH,9.76789,106.49103,35,190,0,60,6
4G-CNG008M-TVH,4G-CNG008M11-TVH,9.85754,106.40831,39.5,310,0,60,6
4G-CNG008M-TVH,4G-CNG008M12-TVH,9.85754,106.40831,39.5,80,0,60,6
4G-CNG008M-TVH,4G-CNG008M13-TVH,9.85754,106.40831,39.5,180,0,60,6
4G-CNG009M-TVH,4G-CNG009M11-TVH,9.73612,106.36859,39.5,20,0,60,6
4G-CNG010M-TVH,4G-CNG010M13-TVH,9.68546,106.40353,35,240,0,60,6
4G-CNG011M-TVH,4G-CNG011M12-TVH,9.749523,106.441729,31,190,0,60,6
4G-CNG012M-TVH,4G-CNG012M11-TVH,9.80955,106.50754,34,340,0,60,6
4G-CNG013M-TVH,4G-CNG013M12-TVH,9.82298,106.48162,37,50,0,60,6
4G-CNG014M-TVH,4G-CNG014M11-TVH,9.75334,106.51909,35,350,0,60,6
4G-CNG019M-TVH,4G-CNG019M11-TVH,9.85186,106.45124,34,350,0,60,6
4G-CNG021M-TVH,4G-CNG021M11-TVH,9.77291,106.46244,39,35,0,60,6
4G-CNG022M-TVH,4G-CNG022M12-TVH,9.73005,106.41444,35,110,0,60,6
4G-CNG023M-TVH,4G-CNG023M11-TVH,9.83472,106.40911,35.5,10,0,60,6
4G-CNG023M-TVH,4G-CNG023M12-TVH,9.83472,106.40911,35.5,160,0,60,6
4G-CNG023M-TVH,4G-CNG023M13-TVH,9.83472,106.40911,35.5,260,0,60,6
4G-CNG027M-TVH,4G-CNG027M11-TVH,9.732026,106.435976,40,20,0,60,6
4G-CNG027M-TVH,4G-CNG027M13-TVH,9.732026,106.435976,40,210,0,60,6
4G-CNG028M-TVH,4G-CNG028M13-TVH,9.85863,106.42777,40,285,0,60,6
4G-CNG031M-TVH,4G-CNG031M12-TVH,9.8321,106.45704,40.5,70,0,60,6
4G-CNG032M-TVH,4G-CNG032M13-TVH,9.80359,106.46797,41,270,0,60,6
4G-CNG035M-TVH,4G-CNG035M11-TVH,9.80475,106.45267,40,0,0,60,6
4G-CNG035M-TVH,4G-CNG035M12-TVH,9.80475,106.45267,40,110,0,60,6
4G-CNG035M-TVH,4G-CNG035M13-TVH,9.80475,106.45267,40,250,0,60,6
4G-CNG036M-TVH,4G-CNG036M11-TVH,9.7425,106.45977,40,0,0,60,6
4G-CNG036M-TVH,4G-CNG036M12-TVH,9.7425,106.45977,40,100,0,60,6
4G-CNG036M-TVH,4G-CNG036M13-TVH,9.7425,106.45977,40,290,0,60,6
4G-CNG702B-TVH,4G-CNG702M11-TVH,9.691,106.4244,41,60,0,60,6
4G-CNG702B-TVH,4G-CNG702M12-TVH,9.691,106.4244,41,160,0,60,6
4G-CNG702B-TVH,4G-CNG702M13-TVH,9.691,106.4244,41,240,0,60,6
4G-CNG704B-TVH,4G-CNG704M13-TVH,9.77385,106.44572,40.5,250,0,60,6
4G-CPH001M-AGG,4G-CPH001M11-AGG,10.681442,105.161184,40,350,0,60,6
4G-CPH001M-AGG,4G-CPH001M12-AGG,10.681442,105.161184,40,100,0,60,6
4G-CPH001M-AGG,4G-CPH001M13-AGG,10.681442,105.161184,40,210,0,60,6
4G-CPH006M-AGG,4G-CPH006M11-AGG,10.538221,105.250396,36,330,0,60,6
4G-CPH007M-AGG,4G-CPH007M11-AGG,10.553374,105.209113,39,20,0,60,6
4G-CPH007M-AGG,4G-CPH007M13-AGG,10.553374,105.209113,39,230,0,60,6
4G-CPH011M-AGG,4G-CPH011M11-AGG,10.519612,105.322992,37.5,40,0,60,6
4G-CPH011M-AGG,4G-CPH011M12-AGG,10.519612,105.322992,37.5,200,0,60,6
4G-CPH011M-AGG,4G-CPH011M13-AGG,10.519612,105.322992,37.5,280,0,60,6
4G-CPH013M-AGG,4G-CPH013M11-AGG,10.555816,105.266146,28.5,310,0,60,6
4G-CPH017M-AGG,4G-CPH017M11-AGG,10.682844,105.194016,40.5,10,0,60,6
4G-CPH017M-AGG,4G-CPH017M12-AGG,10.682844,105.194016,40.5,120,0,60,6
4G-CPH018M-AGG,4G-CPH018M13-AGG,10.630564,105.098913,35,250,0,60,6
4G-CPH021M-AGG,4G-CPH021M12-AGG,10.628216,105.160742,37,140,0,60,6
4G-CPH021M-AGG,4G-CPH021M13-AGG,10.628216,105.160742,37,230,0,60,6
4G-CPH024M-AGG,4G-CPH024M11-AGG,10.595361,105.221336,37.5,30,0,60,6
4G-CPH024M-AGG,4G-CPH024M12-AGG,10.595361,105.221336,37.5,130,0,60,6
4G-CPH024M-AGG,4G-CPH024M13-AGG,10.595361,105.221336,37.5,250,0,60,6
LN-CPH025M-AGG,4G-CPH025M11-AGG,10.615722,105.209726,32.5,0,0,60,6
LN-CPH025M-AGG,4G-CPH025M12-AGG,10.615722,105.209726,32.5,140,0,60,6
LN-CPH025M-AGG,4G-CPH025M13-AGG,10.615722,105.209726,32.5,240,0,60,6
UL_CPH029M_AGG,4G-CPH029M11-AGG,10.505731,105.318414,37,0,0,60,6
UL_CPH029M_AGG,4G-CPH029M12-AGG,10.505731,105.318414,37,160,0,60,6
4G-CPH031M-AGG,4G-CPH031M11-AGG,10.588211,105.230416,37,350,0,60,6
UL_CPH032M_AGG,4G-CPH032M13-AGG,10.692133,105.177624,35,290,0,60,6
UL_CPH035M_AGG,4G-CPH035M13-AGG,10.553351,105.280272,36,180,0,60,6
4G-CPH037M-AGG,4G-CPH037M11-AGG,10.682314,105.153214,27,350,0,60,6
UL_CPH038M_AGG,4G-CPH038M12-AGG,10.668336,105.169451,41,120,0,60,6
UL_CPH038M_AGG,4G-CPH038M13-AGG,10.668336,105.169451,41,270,0,60,6
UL_CPH039M_AGG,4G-CPH039M13-AGG,10.545973,105.256833,38,270,0,60,6
UL_CPH040M_AGG,4G-CPH040M12-AGG,10.657613,105.213211,38,90,0,60,6
UL_CPH040M_AGG,4G-CPH040M13-AGG,10.657613,105.213211,38,170,0,60,6
UL_CPH042M_AGG,4G-CPH042M11-AGG,10.571312,105.242353,34,10,0,60,6
UL_CPH042M_AGG,4G-CPH042M12-AGG,10.571312,105.242353,34,10,0,60,6
UL_CPH045M_AGG,4G-CPH045M11-AGG,10.572771,105.216333,37,30,0,60,6
UL_CPH046M_AGG,4G-CPH046M12-AGG,10.628912,105.205792,40,110,0,60,6
4G-CPH047M-AGG,4G-CPH047M11-AGG,10.604183,105.198694,40,0,0,60,6
4G-CPH047M-AGG,4G-CPH047M13-AGG,10.604183,105.198694,40,240,0,60,6
UL_CPH048M_AGG,4G-CPH048M12-AGG,10.693064,105.161253,41,60,0,60,6
UL_CPH048M_AGG,4G-CPH048M13-AGG,10.693064,105.161253,41,220,0,60,6
UL_CPH052M_AGG,4G-CPH052M13-AGG,10.544926,105.314322,39,290,0,60,6
4G-CPH055M-AGG,4G-CPH055M11-AGG,10.615556,105.149262,41,40,0,60,6
UL_CPH057M_AGG,4G-CPH057M13-AGG,10.501231,105.249431,40,300,0,60,6
UL_CPH060M_AGG,4G-CPH060M11-AGG,10.558659,105.15764,41,40,0,60,6
UL_CPH060M_AGG,4G-CPH060M13-AGG,10.558659,105.15764,41,210,0,60,6
SL-CPH062M-AGG,4G-CPH062M11-AGG,10.661111,105.188179,40.5,0,0,60,6
SL-CPH062M-AGG,4G-CPH062M13-AGG,10.661111,105.188179,40.5,240,0,60,6
SL-CPH064M-AGG,4G-CPH064M11-AGG,10.561176,105.243992,40.5,330,0,60,6
SL-CPH064M-AGG,4G-CPH064M12-AGG,10.561176,105.243992,40.5,160,0,60,6
SL-CPH065M-AGG,4G-CPH065M11-AGG,10.605193,105.215842,40.5,340,0,60,6
SL-CPH065M-AGG,4G-CPH065M12-AGG,10.605193,105.215842,40.5,130,0,60,6
SL-CPH066M-AGG,4G-CPH066M11-AGG,10.527878,105.241084,40.5,30,0,60,6
UL_CPH067M_AGG,4G-CPH067M13-AGG,10.670011,105.207231,41,210,0,60,6
UL_CPH068M_AGG,4G-CPH068M11-AGG,10.580951,105.223021,40,60,0,60,6
4G-CPH070M-AGG,4G-CPH070M11-AGG,10.527391,105.135319,40,20,0,60,6
4G-CPH071M-AGG,4G-CPH071M11-AGG,10.58062,105.23683,38.5,20,0,60,6
4G-CPH071M-AGG,4G-CPH071M12-AGG,10.58062,105.23683,38.5,130,0,60,6
4G-CPH071M-AGG,4G-CPH071M13-AGG,10.58062,105.23683,38.5,270,0,60,6
4G-CPH072M-AGG,4G-CPH072M13-AGG,10.568308,105.24069,41.5,230,0,60,6
4G-CPH501S-AGG,4G-CPH501S11-AGG,10.53159,105.21687,42,320,0,60,6
4G-CPH502S-AGG,4G-CPH502S11-AGG,10.49116,105.15532,42,320,0,60,6
4G-CRA007M-CTO,4G-CRA007M11-CTO,10.002096,105.758757,31,320,0,60,6
4G-CRA007M-CTO,4G-CRA007M13-CTO,10.002096,105.758757,31,250,0,60,6
4G-CRA011M-CTO,4G-CRA011M12-CTO,9.991273,105.793175,34.5,140,0,60,6
4G-CRA012M-CTO,4G-CRA012M11-CTO,9.958454,105.760996,33.5,0,0,60,6
4G-CRA012M-CTO,4G-CRA012M12-CTO,9.958454,105.760996,33.5,120,0,60,6
4G-CRA012M-CTO,4G-CRA012M13-CTO,9.958454,105.760996,33.5,230,0,60,6
LN-CRA018M-CTO,4G-CRA018M11-CTO,10.006455,105.80093,27.5,10,0,60,6
4G-CRA022M-CTO,4G-CRA022M13-CTO,9.979926,105.802714,37,250,0,60,6
4G-CRA023M-CTO,4G-CRA023M12-CTO,9.974889,105.754495,34.5,160,0,60,6
4G-CRA024M-CTO,4G-CRA024M12-CTO,9.98358,105.780901,34.5,170,0,60,6
4G-CRA024M-CTO,4G-CRA024M13-CTO,9.98358,105.780901,34.5,260,0,60,6
4G-CRA025M-CTO,4G-CRA025M13-CTO,9.984627,105.815778,29,250,0,60,6
4G-CRA028M-CTO,4G-CRA028M12-CTO,10.033018,105.792018,28.5,120,0,60,6
4G-CRA036M-CTO,4G-CRA036M12-CTO,9.982771,105.831966,29,130,0,60,6
4G-CRA044M-CTO,4G-CRA044M13-CTO,9.98561,105.75445,34,200,0,60,6
4G-CRA046M-CTO,4G-CRA046M13-CTO,9.99862,105.7984,30,180,0,60,6
4G-CRA048M-CTO,4G-CRA048M13-CTO,9.965418,105.756379,31.5,170,0,60,6
4G-CRA049M-CTO,4G-CRA049M13-CTO,9.994749,105.742471,34.5,230,0,60,6
4G-CRA054M-CTO,4G-CRA054M13-CTO,10.001525,105.782309,27.5,180,0,60,6
UL_CRA060M_CTO,4G-CRA060M11-CTO,10.037762,105.802685,28,290,0,60,6
UL_CRA062M_CTO,4G-CRA062M13-CTO,9.99833,105.81963,34,240,0,60,6
SL-CRA080M-CTO,4G-CRA080M13-CTO,10.0006,105.7903,41,240,0,60,6
4G-CTH001M-BTE,4G-CTH001M11-BTE,10.276698,106.28748,38,0,0,60,6
4G-CTH001M-LAN,4G-CTH001M11-LAN,10.46121,106.54131,40,20,0,60,6
UL_CTH001M_TVH,4G-CTH001M11-TVH,9.85717,106.52567,30,330,0,60,6
4G-CTH001M-BTE,4G-CTH001M12-BTE,10.276698,106.28748,38,100,0,60,6
UL_CTH001M_TVH,4G-CTH001M12-TVH,9.85717,106.52567,30,100,0,60,6
UL_CTH001M_TVH,4G-CTH001M13-TVH,9.85717,106.52567,30,190,0,60,6
LN-CTH002M-TGG,4G-CTH002M11-TGG,10.46843,106.35659,30,10,0,60,6
4G-CTH002M-TVH,4G-CTH002M11-TVH,9.870873,106.348592,40,330,0,60,6
4G-CTH002M-LAN,4G-CTH002M12-LAN,10.43614,106.47595,35,150,0,60,6
4G-CTH002M-TVH,4G-CTH002M12-TVH,9.870873,106.348592,40,80,0,60,6
4G-CTH002M-TVH,4G-CTH002M13-TVH,9.870873,106.348592,40,170,0,60,6
4G-CTH003M-TVH,4G-CTH003M12-TVH,9.84785,106.35199,33,70,0,60,6
4G-CTH004M-AGG,4G-CTH004M12-AGG,10.429669,105.380318,40.5,140,0,60,6
4G-CTH004M-TGG,4G-CTH004M12-TGG,10.33873,106.29398,28,120,0,60,6
4G-CTH004M-AGG,4G-CTH004M13-AGG,10.429669,105.380318,40.5,240,0,60,6
4G-CTH004M-LAN,4G-CTH004M13-LAN,10.459194,106.451389,40,220,0,60,6
4G-CTH004M-TGG,4G-CTH004M13-TGG,10.33873,106.29398,28,240,0,60,6
4G-CTH005M-AGG,4G-CTH005M11-AGG,10.445054,105.367124,37.5,10,0,60,6
4G-CTH005M-TVH,4G-CTH005M11-TVH,9.911071,106.379381,28,20,0,60,6
4G-CTH005M-AGG,4G-CTH005M13-AGG,10.445054,105.367124,37.5,280,0,60,6
4G-CTH005M-TVH,4G-CTH005M13-TVH,9.911071,106.379381,28,280,0,60,6
4G-CTH006M-LAN,4G-CTH006M12-LAN,10.41447,106.45064,30,120,0,60,6
UL_CTH006M_BTE,4G-CTH006M13-BTE,10.25861,106.31741,43,280,0,60,6
4G-CTH007M-AGG,4G-CTH007M11-AGG,10.48945,105.335118,31.5,330,0,60,6
4G-CTH007M-LAN,4G-CTH007M11-LAN,10.4842,106.4998,40,0,0,60,6
4G-CTH007M-LAN,4G-CTH007M12-LAN,10.4842,106.4998,40,140,0,60,6
4G-CTH008M-TVH,4G-CTH008M11-TVH,9.90363,106.42001,39.5,320,0,60,6
LN-CTH008M-TGG,4G-CTH008M12-TGG,10.40146,106.21098,34,60,0,60,6
4G-CTH008M-TVH,4G-CTH008M12-TVH,9.90363,106.42001,39.5,100,0,60,6
4G-CTH008M-BTE,4G-CTH008M13-BTE,10.310136,106.34635,36,240,0,60,6
LN-CTH008M-TGG,4G-CTH008M13-TGG,10.40146,106.21098,34,280,0,60,6
4G-CTH008M-TVH,4G-CTH008M13-TVH,9.90363,106.42001,39.5,240,0,60,6
4G-CTH008M-AGG,4G-CTH008W11-AGG,10.46158,105.343102,30.5,340,0,60,6
4G-CTH008M-AGG,4G-CTH008W14-AGG,10.46158,105.343102,30.5,340,0,60,6
UL_CTH009M_TVH,4G-CTH009M11-TVH,9.88794,106.49773,27,325,0,60,6
4G-CTH009M-BTE,4G-CTH009M12-BTE,10.26951,106.33168,28,130,0,60,6
UL_CTH009M_TVH,4G-CTH009M12-TVH,9.88794,106.49773,27,140,0,60,6
UL_CTH009M_TVH,4G-CTH009M13-TVH,9.88794,106.49773,27,240,0,60,6
4G-CTH010M-DTP,4G-CTH010M11-DTP,10.197023,105.818735,23.5,0,0,60,6
4G-CTH010M-DTP,4G-CTH010M12-DTP,10.197023,105.818735,23.5,140,0,60,6
UL_CTH010M_TVH,4G-CTH010M12-TVH,9.94904,106.41017,34.5,195,0,60,6
4G-CTH010M-LAN,4G-CTH010M13-LAN,10.4505,106.465806,33,240,0,60,6
4G-CTH011M-LAN,4G-CTH011M11-LAN,10.49277,106.45275,40,30,0,60,6
4G-CTH011M-TVH,4G-CTH011M11-TVH,9.90251,106.31929,27,325,0,60,6
4G-CTH011M-AGG,4G-CTH011M12-AGG,10.428012,105.396765,40.5,120,0,60,6
4G-CTH011M-TGG,4G-CTH011M12-TGG,10.40054,106.25035,40,120,0,60,6
4G-CTH011M-TGG,4G-CTH011M13-TGG,10.40054,106.25035,40,180,0,60,6
4G-CTH012M-BTE,4G-CTH012M11-BTE,10.33547,106.36385,40,60,0,60,6
4G-CTH012M-TVH,4G-CTH012M11-TVH,9.85921,106.28101,32,40,0,60,6
4G-CTH012M-BTE,4G-CTH012M12-BTE,10.33547,106.36385,40,130,0,60,6
UL_CTH012M_DTP,4G-CTH012M12-DTP,10.27049,105.799545,35.5,120,0,60,6
4G-CTH012M-TVH,4G-CTH012M12-TVH,9.85921,106.28101,32,170,0,60,6
4G-CTH012M-BTE,4G-CTH012M13-BTE,10.33547,106.36385,40,250,0,60,6
UL_CTH012M_DTP,4G-CTH012M13-DTP,10.27049,105.799545,41.5,280,0,60,6
4G-CTH012M-TGG,4G-CTH012M13-TGG,10.39341,106.28082,31,240,0,60,6
4G-CTH013M-DTP,4G-CTH013M11-DTP,10.269884,105.830203,31,290,0,60,6
4G-CTH013M-LAN,4G-CTH013M13-LAN,10.42388,106.43683,33,280,0,60,6
4G-CTH014M-DTP,4G-CTH014M11-DTP,10.242437,105.880373,37.5,340,0,60,6
4G-CTH014M-TVH,4G-CTH014M12-TVH,9.92869,106.36509,40.5,150,0,60,6
4G-CTH014M-DTP,4G-CTH014M13-DTP,10.242437,105.880373,37.5,240,0,60,6
UL_CTH015M_DTP,4G-CTH015M11-DTP,10.237204,105.863719,34.5,0,0,60,6
4G-CTH015M-TVH,4G-CTH015M12-TVH,9.93208,106.30851,31,110,0,60,6
4G-CTH016M-BTE,4G-CTH016M11-BTE,10.279086,106.35674,39,10,0,60,6
4G-CTH016M-BTE,4G-CTH016M12-BTE,10.279086,106.35674,39,180,0,60,6
4G-CTH016M-AGG,4G-CTH016M13-AGG,10.447243,105.205161,37.5,260,0,60,6
4G-CTH016M-BTE,4G-CTH016M13-BTE,10.279086,106.35674,39,280,0,60,6
4G-CTH017M-TVH,4G-CTH017M11-TVH,9.88097,106.39591,31.5,340,0,60,6
4G-CTH017M-DTP,4G-CTH017M12-DTP,10.226332,105.818957,36,150,0,60,6
4G-CTH017M-DTP,4G-CTH017M13-DTP,10.226332,105.818957,36,300,0,60,6
UL_CTH017M_LAN,4G-CTH017M13-LAN,10.41852,106.57081,40,200,0,60,6
4G-CTH018M-BTE,4G-CTH018M11-BTE,10.28598,106.16615,39,0,0,60,6
4G-CTH018M-TVH,4G-CTH018M11-TVH,9.93476,106.38913,39.5,325,0,60,6
4G-CTH018M-TVH,4G-CTH018M12-TVH,9.93476,106.38913,39.5,130,0,60,6
4G-CTH018M-TVH,4G-CTH018M13-TVH,9.93476,106.38913,39.5,240,0,60,6
4G-CTH019M-DTP,4G-CTH019M11-DTP,10.254474,105.735763,33,100,0,60,6
LN-CTH019M-BTE,4G-CTH019W12-BTE,10.30372,106.38868,39,100,0,60,6
4G-CTH020M-TGG,4G-CTH020M11-TGG,10.41527,106.29412,40,30,0,60,6
4G-CTH021M-DTP,4G-CTH021M11-DTP,10.255055,105.813588,37.5,340,0,60,6
4G-CTH021M-TGG,4G-CTH021M11-TGG,10.44145,106.29963,40,350,0,60,6
UL_CTH022M_LAN,4G-CTH022M11-LAN,10.43646,106.52635,40,330,0,60,6
4G-CTH023M-DTP,4G-CTH023M11-DTP,10.248682,105.762524,36,30,0,60,6
4G-CTH023M-LAN,4G-CTH023M11-LAN,10.43824,106.58282,37,340,0,60,6
UL_CTH023M_TVH,4G-CTH023M11-TVH,9.95265,106.37683,34.5,355,0,60,6
UL_CTH023M_TVH,4G-CTH023M12-TVH,9.95265,106.37683,34.5,150,0,60,6
4G-CTH023M-BTE,4G-CTH023M13-BTE,10.308646,106.27399,43,270,0,60,6
UL_CTH023M_TVH,4G-CTH023M13-TVH,9.95265,106.37683,34.5,245,0,60,6
4G-CTH024M-AGG,4G-CTH024M11-AGG,10.413569,105.225908,40.5,0,0,60,6
UL_CTH024M_BTE,4G-CTH024M11-BTE,10.3096,106.412,40,350,0,60,6
4G-CTH024M-DTP,4G-CTH024M11-DTP,10.199641,105.84802,40.5,30,0,60,6
4G-CTH024M-AGG,4G-CTH024M12-AGG,10.413569,105.225908,40.5,120,0,60,6
4G-CTH024M-DTP,4G-CTH024M12-DTP,10.199641,105.84802,40.5,230,0,60,6
4G-CTH024M-AGG,4G-CTH024M13-AGG,10.413569,105.225908,40.5,180,0,60,6
UL_CTH024M_LAN,4G-CTH024M13-LAN,10.463501,106.473801,40,200,0,60,6
UL_CTH025M_BTE,4G-CTH025M11-BTE,10.28895,106.23131,36,20,0,60,6
UL_CTH025M_BTE,4G-CTH025M12-BTE,10.28895,106.23131,36,140,0,60,6
UL_CTH025M_LAN,4G-CTH025M12-LAN,10.48588,106.56577,42,140,0,60,6
4G-CTH025M-TGG,4G-CTH025M12-TGG,10.47742,106.32969,43,100,0,60,6
UL_CTH025M_LAN,4G-CTH025M13-LAN,10.48588,106.56577,42,220,0,60,6
4G-CTH026M-TGG,4G-CTH026M11-TGG,10.364016,106.305004,36,0,0,60,6
4G-CTH026M-TVH,4G-CTH026M11-TVH,9.91992,106.40263,39.5,320,0,60,6
UL_CTH026M_DTP,4G-CTH026M12-DTP,10.261093,105.865755,36,180,0,60,6
UL_CTH026M_BTE,4G-CTH026M13-BTE,10.272518,106.320794,40,270,0,60,6
UL_CTH026M_DTP,4G-CTH026M13-DTP,10.261093,105.865755,36,270,0,60,6
4G-CTH026M-TVH,4G-CTH026M13-TVH,9.91992,106.40263,39.5,150,0,60,6
4G-CTH027M-AGG,4G-CTH027M11-AGG,10.444262,105.377811,40.5,340,0,60,6
4G-CTH027M-BTE,4G-CTH027M11-BTE,10.29039,106.21011,30,0,0,60,6
4G-CTH027M-DTP,4G-CTH027M11-DTP,10.251404,105.841104,36,0,0,60,6
UL_CTH027M_LAN,4G-CTH027M11-LAN,10.518098,106.45729,40.5,300,0,60,6
4G-CTH027M-TGG,4G-CTH027M11-TGG,10.37465,106.28802,36,0,0,60,6
UL_CTH027M_LAN,4G-CTH027M12-LAN,10.518098,106.45729,40.5,100,0,60,6
4G-CTH028M-BTE,4G-CTH028M11-BTE,10.29425,106.25472,39,0,0,60,6
UL_CTH028M_DTP,4G-CTH028M11-DTP,10.210803,105.900047,39,300,0,60,6
UL_CTH029M_BTE,4G-CTH029M11-BTE,10.26577,106.20821,40,0,0,60,6
4G-CTH029M-LAN,4G-CTH029M11-LAN,10.448623,106.547617,40,290,0,60,6
UL_CTH030M_DTP,4G-CTH030M12-DTP,10.266214,105.840719,40.5,180,0,60,6
4G-CTH030M-AGG,4G-CTH030M13-AGG,10.412366,105.365991,33,310,0,60,6
UL_CTH030M_DTP,4G-CTH030M13-DTP,10.266214,105.840719,40.5,290,0,60,6
UL_CTH031M_DTP,4G-CTH031M11-DTP,10.28464,105.842491,39,310,0,60,6
4G-CTH031M-LAN,4G-CTH031M11-LAN,10.4771,106.45763,40,10,0,60,6
UL_CTH031M_DTP,4G-CTH031M12-DTP,10.28464,105.842491,39,120,0,60,6
4G-CTH031M-LAN,4G-CTH031M12-LAN,10.4771,106.45763,40,130,0,60,6
UL_CTH031M_DTP,4G-CTH031M13-DTP,10.28464,105.842491,39,240,0,60,6
4G-CTH031M-LAN,4G-CTH031M13-LAN,10.4771,106.45763,40,260,0,60,6
UL_CTH032M_BTE,4G-CTH032M12-BTE,10.27497,106.18572,37,170,0,60,6
4G-CTH033M-TVH,4G-CTH033M11-TVH,9.87519,106.41812,40.5,70,0,60,6
4G-CTH033M-TVH,4G-CTH033M12-TVH,9.87519,106.41812,40.5,150,0,60,6
4G-CTH034M-AGG,4G-CTH034M11-AGG,10.39851,105.354592,40.5,40,0,60,6
4G-CTH034M-DTP,4G-CTH034M11-DTP,10.224502,105.743973,40,230,0,60,6
UL_CTH034M_BTE,4G-CTH034M12-BTE,10.325013,106.34414,39,140,0,60,6
4G-CTH034M-DTP,4G-CTH034M12-DTP,10.224502,105.743973,40,330,0,60,6
UL_CTH035M_DTP,4G-CTH035M13-DTP,10.254562,105.713229,39,290,0,60,6
4G-CTH035M-TVH,4G-CTH035M13-TVH,9.88587,106.24305,39,250,0,60,6
UL_CTH036M_AGG,4G-CTH036M11-AGG,10.467882,105.349047,36.5,30,0,60,6
4G-CTH036M-TGG,4G-CTH036M11-TGG,10.40923,106.276166,36,0,0,60,6
UL_CTH036M_DTP,4G-CTH036M13-DTP,10.212192,105.87143,39,210,0,60,6
UL_CTH037M_DTP,4G-CTH037M11-DTP,10.210994,105.822443,39,0,0,60,6
4G-CTH038M-AGG,4G-CTH038M11-AGG,10.422222,105.372707,37,340,0,60,6
UL_CTH038M_DTP,4G-CTH038M12-DTP,10.230344,105.841018,39,110,0,60,6
4G-CTH038M-TVH,4G-CTH038M13-TVH,9.91284,106.27451,40.5,240,0,60,6
UL_CTH039M_BTE,4G-CTH039M11-BTE,10.28398,106.40368,41,330,0,60,6
UL_CTH039M_BTE,4G-CTH039M12-BTE,10.28398,106.40368,41,100,0,60,6
4G-CTH039M-TGG,4G-CTH039M12-TGG,10.354659,106.301466,40,90,0,60,6
4G-CTH039M-TVH,4G-CTH039M12-TVH,9.82658,106.37651,40.5,160,0,60,6
UL_CTH039M_BTE,4G-CTH039M13-BTE,10.28398,106.40368,41,240,0,60,6
4G-CTH039M-TVH,4G-CTH039M13-TVH,9.82658,106.37651,40.5,260,0,60,6
UL_CTH040M_DTP,4G-CTH040M11-DTP,10.168426,105.865861,40.5,10,0,60,6
UL_CTH041M_DTP,4G-CTH041M11-DTP,10.19521,105.770902,39,30,0,60,6
UL_CTH041M_DTP,4G-CTH041M12-DTP,10.19521,105.770902,39,150,0,60,6
4G-CTH041M-TVH,4G-CTH041M12-TVH,9.88192,106.34395,40.5,100,0,60,6
4G-CTH041M-TVH,4G-CTH041M13-TVH,9.88192,106.34395,40.5,200,0,60,6
UL_CTH042M_DTP,4G-CTH042M11-DTP,10.238688,105.813078,40.5,0,0,60,6
4G-CTH042M-TVH,4G-CTH042M11-TVH,9.91432,106.36404,40.5,340,0,60,6
4G-CTH042M-AGG,4G-CTH042M12-AGG,10.45602,105.27143,40.5,190,0,60,6
UL_CTH042M_DTP,4G-CTH042M13-DTP,10.238688,105.813078,40.5,210,0,60,6
4G-CTH042M-TVH,4G-CTH042M13-TVH,9.91432,106.36404,40.5,170,0,60,6
UL_CTH043M_BTE,4G-CTH043M11-BTE,10.29636,106.28205,36,0,0,60,6
UL_CTH043M_DTP,4G-CTH043M11-DTP,10.186752,105.835631,40.5,60,0,60,6
UL_CTH043M_TVH,4G-CTH043M11-TVH,9.84059,106.53186,40.5,35,0,60,6
UL_CTH043M_BTE,4G-CTH043M12-BTE,10.29636,106.28205,36,180,0,60,6
UL_CTH043M_DTP,4G-CTH043M12-DTP,10.186752,105.835631,40.5,170,0,60,6
4G-CTH043M-TGG,4G-CTH043M12-TGG,10.485353,106.370395,40,90,0,60,6
UL_CTH043M_DTP,4G-CTH043M13-DTP,10.186752,105.835631,40.5,290,0,60,6
UL_CTH043M_TVH,4G-CTH043M13-TVH,9.84059,106.53186,40.5,320,0,60,6
UL_CTH044M_BTE,4G-CTH044M11-BTE,10.305974,106.20816,40,0,0,60,6
UL_CTH045M_AGG,4G-CTH045M11-AGG,10.445313,105.265514,40,70,0,60,6
4G-CTH045M-TVH,4G-CTH045M11-TVH,9.89739,106.40511,40,60,0,60,6
4G-CTH045M-TVH,4G-CTH045M13-TVH,9.89739,106.40511,40,250,0,60,6
UL_CTH046M_BTE,4G-CTH046M11-BTE,10.2501,106.20149,40,350,0,60,6
4G-CTH046M-TVH,4G-CTH046M11-TVH,9.88332,106.31877,40,45,0,60,6
4G-CTH046M-TVH,4G-CTH046M12-TVH,9.88332,106.31877,40,150,0,60,6
4G-CTH046M-TVH,4G-CTH046M13-TVH,9.88332,106.31877,40,220,0,60,6
UL_CTH047M_BTE,4G-CTH047M11-BTE,10.2568,106.42739,41,10,0,60,6
4G-CTH047M-DTP,4G-CTH047M11-DTP,10.22402,105.86778,40,320,0,60,6
UL_CTH047M_TVH,4G-CTH047M11-TVH,9.97002,106.35912,40,40,0,60,6
UL_CTH047M_BTE,4G-CTH047M12-BTE,10.2568,106.42739,41,120,0,60,6
UL_CTH047M_TVH,4G-CTH047M12-TVH,9.97002,106.35912,40,165,0,60,6
UL_CTH047M_TVH,4G-CTH047M13-TVH,9.97002,106.35912,40,280,0,60,6
4G-CTH048M-DTP,4G-CTH048M11-DTP,10.20651,105.88169,40,30,0,60,6
4G-CTH048M-TVH,4G-CTH048M11-TVH,9.86232,106.34711,40.5,330,0,60,6
4G-CTH048M-TVH,4G-CTH048M12-TVH,9.86232,106.34711,40.5,110,0,60,6
4G-CTH048M-TVH,4G-CTH048M13-TVH,9.86232,106.34711,40.5,200,0,60,6
UL_CTH049M_AGG,4G-CTH049M11-AGG,10.45409,105.28198,40,0,0,60,6
4G-CTH049M-TVH,4G-CTH049M11-TVH,9.83747,106.35516,40.5,15,0,60,6
4G-CTH049M-BTE,4G-CTH049M12-BTE,10.26416,106.40235,36,120,0,60,6
4G-CTH049M-DTP,4G-CTH049M12-DTP,10.2792,105.7983,40,180,0,60,6
4G-CTH049M-TVH,4G-CTH049M12-TVH,9.83747,106.35516,40.5,130,0,60,6
UL_CTH049M_AGG,4G-CTH049M13-AGG,10.45409,105.28198,40,230,0,60,6
4G-CTH050M-DTP,4G-CTH050M11-DTP,10.229612,105.703299,43,340,0,60,6
4G-CTH050M-TVH,4G-CTH050M11-TVH,9.85421,106.38572,40.5,350,0,60,6
UL_CTH050M_BTE,4G-CTH050M12-BTE,10.275899,106.30596,40,140,0,60,6
4G-CTH050M-DTP,4G-CTH050M12-DTP,10.229612,105.703299,43,80,0,60,6
4G-CTH050M-TGG,4G-CTH050M12-TGG,10.450547,106.33323,41,150,0,60,6
4G-CTH050M-TVH,4G-CTH050M12-TVH,9.85421,106.38572,40.5,230,0,60,6
UL_CTH050M_BTE,4G-CTH050M13-BTE,10.275899,106.30596,40,300,0,60,6
4G-CTH050M-DTP,4G-CTH050M13-DTP,10.229612,105.703299,43,260,0,60,6
4G-CTH051M-TVH,4G-CTH051M11-TVH,9.85733,106.25082,40.5,330,0,60,6
4G-CTH051M-TVH,4G-CTH051M12-TVH,9.85733,106.25082,40.5,85,0,60,6
UL_CTH052M_BTE,4G-CTH052M11-BTE,10.283857,106.34357,40,230,0,60,6
4G-CTH052M-DTP,4G-CTH052M11-DTP,10.227173,105.759836,40,0,0,60,6
UL_CTH052M_TGG,4G-CTH052M11-TGG,10.32533,106.22619,41,0,0,60,6
UL_CTH052M_AGG,4G-CTH052M12-AGG,10.350404,105.353078,40.5,90,0,60,6
4G-CTH052M-DTP,4G-CTH052M12-DTP,10.227173,105.759836,40,100,0,60,6
UL_CTH052M_TVH,4G-CTH052M12-TVH,9.934186,106.416798,40.5,50,0,60,6
UL_CTH052M_AGG,4G-CTH052M13-AGG,10.350404,105.353078,40.5,230,0,60,6
UL_CTH052M_BTE,4G-CTH052M13-BTE,10.283857,106.34357,40,230,0,60,6
4G-CTH052M-DTP,4G-CTH052M13-DTP,10.227173,105.759836,40,190,0,60,6
UL_CTH052M_TVH,4G-CTH052M13-TVH,9.934186,106.416798,40.5,130,0,60,6
4G-CTH053M-DTP,4G-CTH053M11-DTP,10.218843,105.800716,40,30,0,60,6
4G-CTH053M-TVH,4G-CTH053M11-TVH,9.8457,106.2806,40.5,350,0,60,6
4G-CTH053M-DTP,4G-CTH053M12-DTP,10.218843,105.800716,40,130,0,60,6
4G-CTH053M-DTP,4G-CTH053M13-DTP,10.218843,105.800716,40,220,0,60,6
UL_CTH053M_TGG,4G-CTH053M13-TGG,10.37926,106.20088,42,180,0,60,6
UL_CTH053M_BTE,4G-CTH053W12-BTE,10.29327,106.40594,40,130,0,60,6
4G-CTH054M-TGG,4G-CTH054M12-TGG,10.4807,106.35154,40,220,0,60,6
4G-CTH054M-TVH,4G-CTH054M12-TVH,9.89833,106.38618,40.5,60,0,60,6
UL_CTH054M_BTE,4G-CTH054M13-BTE,10.269194,106.43705,40,200,0,60,6
UL_CTH055M_AGG,4G-CTH055M11-AGG,10.39498,105.16096,43,0,0,60,6
4G-CTH055M-DTP,4G-CTH055M11-DTP,10.289191,105.8322,40,0,0,60,6
4G-CTH055M-TGG,4G-CTH055M11-TGG,10.45332,106.1904,40,350,0,60,6
UL_CTH055M_TVH,4G-CTH055M11-TVH,9.86949,106.51414,40.5,330,0,60,6
4G-CTH055M-DTP,4G-CTH055M12-DTP,10.289191,105.8322,40,120,0,60,6
4G-CTH055M-TGG,4G-CTH055M12-TGG,10.45332,106.1904,40,80,0,60,6
UL_CTH055M_TVH,4G-CTH055M12-TVH,9.86949,106.51414,40.5,150,0,60,6
UL_CTH055M_AGG,4G-CTH055M13-AGG,10.39498,105.16096,43,270,0,60,6
UL_CTH055M_BTE,4G-CTH055M13-BTE,10.31712,106.39829,40,240,0,60,6
4G-CTH055M-DTP,4G-CTH055M13-DTP,10.289191,105.8322,40,240,0,60,6
4G-CTH055M-TGG,4G-CTH055M13-TGG,10.45332,106.1904,40,190,0,60,6
UL_CTH055M_TVH,4G-CTH055M13-TVH,9.86949,106.51414,40.5,250,0,60,6
4G-CTH056M-TGG,4G-CTH056M11-TGG,10.35211,106.28001,42,330,0,60,6
UL_CTH056M_BTE,4G-CTH056M12-BTE,10.259264,106.18886,40,100,0,60,6
4G-CTH056M-TGG,4G-CTH056M12-TGG,10.35211,106.28001,42,70,0,60,6
UL_CTH056M_BTE,4G-CTH056M13-BTE,10.259264,106.18886,40,290,0,60,6
4G-CTH056M-TGG,4G-CTH056M13-TGG,10.35211,106.28001,42,160,0,60,6
UL_CTH057M_BTE,4G-CTH057M11-BTE,10.295716,106.439156,40,10,0,60,6
UL_CTH057M_AGG,4G-CTH057M12-AGG,10.369361,105.267731,40.5,110,0,60,6
4G-CTH058M-AGG,4G-CTH058M11-AGG,10.476885,105.346407,40.5,320,0,60,6
UL_CTH058M_TVH,4G-CTH058M11-TVH,9.9149,106.29824,40,30,0,60,6
UL_CTH058M_TVH,4G-CTH058M13-TVH,9.9149,106.29824,40,260,0,60,6
4G-CTH059M-AGG,4G-CTH059M11-AGG,10.4508,105.30465,40.5,310,0,60,6
UL_CTH059M_TGG,4G-CTH059M11-TGG,10.38132,106.26613,36,330,0,60,6
4G-CTH059M-TVH,4G-CTH059M11-TVH,9.85376,106.34509,40,340,0,60,6
4G-CTH059M-AGG,4G-CTH059M12-AGG,10.4508,105.30465,40.5,90,0,60,6
4G-CTH059M-TVH,4G-CTH059M12-TVH,9.85376,106.34509,40,130,0,60,6
4G-CTH059M-AGG,4G-CTH059M13-AGG,10.4508,105.30465,40.5,180,0,60,6
4G-CTH060M-BTE,4G-CTH060M11-BTE,10.27742,106.25297,40,30,0,60,6
UL_CTH060M_TGG,4G-CTH060M11-TGG,10.33706,106.2814,41,0,0,60,6
SL-CTH060M-TVH,4G-CTH060M11-TVH,9.86675,106.33816,40,40,0,60,6
4G-CTH060M-BTE,4G-CTH060M12-BTE,10.27742,106.25297,40,165,0,60,6
SL-CTH060M-TVH,4G-CTH060M12-TVH,9.86675,106.33816,40,120,0,60,6
4G-CTH060M-BTE,4G-CTH060M13-BTE,10.27742,106.25297,40,280,0,60,6
SL-CTH060M-TVH,4G-CTH060M13-TVH,9.86675,106.33816,40,270,0,60,6
SL-CTH062M-BTE,4G-CTH062M12-BTE,10.26966,106.23322,40,110,0,60,6
UL_CTH062M_TGG,4G-CTH062M12-TGG,10.36401,106.20846,41,110,0,60,6
4G-CTH062M-TVH,4G-CTH062M12-TVH,9.82119,106.33524,40,80,0,60,6
UL_CTH062M_TGG,4G-CTH062M13-TGG,10.36401,106.20846,41,270,0,60,6
4G-CTH062M-TVH,4G-CTH062M13-TVH,9.82119,106.33524,40,250,0,60,6
SL-CTH063M-BTE,4G-CTH063M11-BTE,10.31533,106.26285,40,0,0,60,6
SL-CTH063M-BTE,4G-CTH063M13-BTE,10.31533,106.26285,40,240,0,60,6
SL-CTH064M-BTE,4G-CTH064M11-BTE,10.27736,106.22525,40,10,0,60,6
SL-CTH065M-BTE,4G-CTH065M13-BTE,10.2704,106.1675,40,250,0,60,6
4G-CTH065M-TVH,4G-CTH065M13-TVH,9.94638,106.31315,40,220,0,60,6
4G-CTH067M-BTE,4G-CTH067M11-BTE,10.3188,106.2771,40,90,0,60,6
4G-CTH067M-BTE,4G-CTH067M12-BTE,10.3188,106.2771,40,180,0,60,6
4G-CTH067M-BTE,4G-CTH067M13-BTE,10.3188,106.2771,40,270,0,60,6
SL-CTH069M-BTE,4G-CTH069M11-BTE,10.3,106.2141,40,20,0,60,6
SL-CTH069M-BTE,4G-CTH069M12-BTE,10.3,106.2141,40,130,0,60,6
SL-CTH069M-BTE,4G-CTH069M13-BTE,10.3,106.2141,40,250,0,60,6
SL-CTH071M-BTE,4G-CTH071M11-BTE,10.27802,106.20341,40,0,0,60,6
SL-CTH071M-BTE,4G-CTH071M12-BTE,10.27802,106.20341,40,120,0,60,6
UL_CTH071M_TGG,4G-CTH071M12-TGG,10.5014,106.35764,41,160,0,60,6
UL_CTH071M_TGG,4G-CTH071M13-TGG,10.5014,106.35764,41,260,0,60,6
4G-CTH072M-TGG,4G-CTH072M11-TGG,10.43971,106.31298,43,30,0,60,6
SL-CTH073M-BTE,4G-CTH073M11-BTE,10.26598,106.26442,40,0,0,60,6
4G-CTH073M-TGG,4G-CTH073M11-TGG,10.43401,106.28439,42,0,0,60,6
SL-CTH073M-BTE,4G-CTH073M12-BTE,10.26598,106.26442,40,90,0,60,6
4G-CTH073M-TGG,4G-CTH073M13-TGG,10.43401,106.28439,42,270,0,60,6
4G-CTH074M-TGG,4G-CTH074M11-TGG,10.339211,106.235149,38,0,0,60,6
4G-CTH074M-TGG,4G-CTH074M12-TGG,10.339211,106.235149,38,120,0,60,6
4G-CTH074M-TGG,4G-CTH074M13-TGG,10.339211,106.235149,38,240,0,60,6
4G-CTH076M-TGG,4G-CTH076M11-TGG,10.362445,106.261165,41,30,0,60,6
4G-CTH079M-TGG,4G-CTH079M11-TGG,10.390165,106.230763,41,0,0,60,6
4G-CTH080M-TGG,4G-CTH080M13-TGG,10.4008,106.30533,41,250,0,60,6
4G-CTH081M-TGG,4G-CTH081M11-TGG,10.4238,106.20403,41,330,0,60,6
4G-CTH082M-TGG,4G-CTH082M11-TGG,10.40367,106.19824,41,280,0,60,6
4G-CTH083M-TGG,4G-CTH083M11-TGG,10.400284,106.265138,41,0,0,60,6
4G-CTH083M-TGG,4G-CTH083M12-TGG,10.400284,106.265138,41,90,0,60,6
4G-CTH083M-TGG,4G-CTH083M13-TGG,10.400284,106.265138,41,270,0,60,6
UL_CTH084M_TGG,4G-CTH084M11-TGG,10.42761,106.32161,42,30,0,60,6
4G-CTH085M-TGG,4G-CTH085M11-TGG,10.52383,106.35435,41,30,0,60,6
4G-CTH085M-TGG,4G-CTH085M12-TGG,10.52383,106.35435,41,140,0,60,6
4G-CTH085M-TGG,4G-CTH085M13-TGG,10.52383,106.35435,41,210,0,60,6
4G-CTH086M-TGG,4G-CTH086M11-TGG,10.389607,106.213375,42,350,0,60,6
UL_CTH087M_TGG,4G-CTH087M13-TGG,10.4622,106.33622,42,240,0,60,6
UL_CTH088M_TGG,4G-CTH088M11-TGG,10.49293,106.33513,41,0,0,60,6
UL_CTH088M_TGG,4G-CTH088M12-TGG,10.49293,106.33513,41,200,0,60,6
UL_CTH088M_TGG,4G-CTH088M13-TGG,10.49293,106.33513,41,300,0,60,6
UL_CTH089M_TGG,4G-CTH089M12-TGG,10.47013,106.34406,35,160,0,60,6
UL_CTH089M_TGG,4G-CTH089M13-TGG,10.47013,106.34406,35,240,0,60,6
4G-CTH091M-TGG,4G-CTH091M11-TGG,10.33897,106.24677,40,330,0,60,6
4G-CTH091M-TGG,4G-CTH091M12-TGG,10.33897,106.24677,40,90,0,60,6
4G-CTH091M-TGG,4G-CTH091M13-TGG,10.33897,106.24677,40,220,0,60,6
4G-CTH092M-TGG,4G-CTH092M11-TGG,10.39127,106.24537,37,0,0,60,6
4G-CTH092M-TGG,4G-CTH092M13-TGG,10.39127,106.24537,37,250,0,60,6
4G-CTH093M-TGG,4G-CTH093M11-TGG,10.41459,106.32664,40,0,0,60,6
4G-CTH093M-TGG,4G-CTH093M12-TGG,10.41459,106.32664,40,120,0,60,6
UL_CTH094M_TGG,4G-CTH094M11-TGG,10.349043,106.307548,40,0,0,60,6
UL_CTH094M_TGG,4G-CTH094M12-TGG,10.349043,106.307548,40,120,0,60,6
4G-CTH102M-TGG,4G-CTH102M12-TGG,10.41724,106.23287,40,150,0,60,6
4G-CTH102M-TGG,4G-CTH102M13-TGG,10.41724,106.23287,40,270,0,60,6
4G-CTH104M-TGG,4G-CTH104M11-TGG,10.388377,106.258553,40,340,0,60,6
4G-CTH104M-TGG,4G-CTH104M12-TGG,10.388377,106.258553,40,100,0,60,6
4G-CTH104M-TGG,4G-CTH104M13-TGG,10.388377,106.258553,40,220,0,60,6
4G-CTH109M-TGG,4G-CTH109M11-TGG,10.3735,106.23282,40.5,20,0,60,6
4G-CTH109M-TGG,4G-CTH109M12-TGG,10.3735,106.23282,40.5,140,0,60,6
4G-CTH109M-TGG,4G-CTH109M13-TGG,10.3735,106.23282,40.5,260,0,60,6
4G-CTH111M-TGG,4G-CTH111M12-TGG,10.36488,106.29151,40,110,0,60,6
4G-CTH111M-TGG,4G-CTH111M13-TGG,10.36488,106.29151,40,230,0,60,6
4G-CTH112M-TGG,4G-CTH112M11-TGG,10.43341,106.30098,40,50,0,60,6
4G-CTH112M-TGG,4G-CTH112M13-TGG,10.43341,106.30098,40,290,0,60,6
4G-CTH200B-AGG,4G-CTH200M11-AGG,10.454707,105.342552,16,340,0,60,6
4G-CTH200B-AGG,4G-CTH200M12-AGG,10.454707,105.342552,16,100,0,60,6
4G-CTH200B-AGG,4G-CTH200M13-AGG,10.454707,105.342552,16,200,0,60,6
4G-CTH200B-AGG,4G-CTH200M14-AGG,10.454707,105.342552,16,340,0,60,6
UL_CTH700B_DTP,4G-CTH700M11-DTP,10.26391,105.82022,40,100,0,60,6
UL_CTH701B_BTE,4G-CTH701M11-BTE,10.306336,106.402616,36,90,0,60,6
UL_CTH701B_LAN,4G-CTH701M11-LAN,10.468268,106.50478,40,0,0,60,6
UL_CTH701B_BTE,4G-CTH701M12-BTE,10.306336,106.402616,36,230,0,60,6
UL_CTH702B_DTP,4G-CTH702M11-DTP,10.24741,105.78642,40,310,0,60,6
UL_CTH703B_DTP,4G-CTH703M11-DTP,10.18976,105.87754,40,10,0,60,6
UL_CTH703B_TGG,4G-CTH703M11-TGG,10.425441,106.333108,7,170,0,60,6
UL_CTH708B_BTE,4G-CTH708M11-BTE,10.27813,106.43349,40,0,0,60,6
UL_CTH709B_BTE,4G-CTH709M11-BTE,10.26167,106.21978,40,0,0,60,6
UL_CTH709B_BTE,4G-CTH709M12-BTE,10.26167,106.21978,40,160,0,60,6
UL_CTH710B_BTE,4G-CTH710M11-BTE,10.3125,106.3133,43,350,0,60,6
UL_CTH710B_BTE,4G-CTH710M12-BTE,10.3125,106.3133,43,155,0,60,6
4G-CTH031M-BTE,4G-CTH713M11-BTE,10.29721,106.31709,40,0,0,60,6
4G-CTH031M-BTE,4G-CTH713M12-BTE,10.29721,106.31709,40,130,0,60,6
4G-CTH715B-BTE,4G-CTH715M11-BTE,10.31944,106.31808,40,80,0,60,6
4G-CTH717B-BTE,4G-CTH717M12-BTE,10.328,106.3748,40,160,0,60,6
4G-DAN001M-BDG,4G-DAN001M12-BDG,10.94641,106.756576,27,140,0,60,6
UL_DAN010M_BDG,4G-DAN010M12-BDG,10.903595,106.750056,26,90,0,60,6
LN-DAN014M-BDG,4G-DAN014M11-BDG,10.895659,106.790905,29,350,0,60,6
UL_DAN026M_BDG,4G-DAN026M11-BDG,10.909652,106.749962,28,0,0,60,6
UL_DAN026M_BDG,4G-DAN026M12-BDG,10.909652,106.749962,28,120,0,60,6
UL_DAN032M_BDG,4G-DAN032M12-BDG,10.871584,106.759899,32,100,0,60,6
UL_DAN034M_BDG,4G-DAN034W16-BDG,10.890149,106.778069,29,300,0,60,6
UL_DAN039M_BDG,4G-DAN039M11-BDG,10.878426,106.748662,24,0,0,60,6
UL_DAN039M_BDG,4G-DAN039M12-BDG,10.878426,106.748662,24,150,0,60,6
UL_DAN046M_BDG,4G-DAN046M13-BDG,10.896002,106.827782,26,250,0,60,6
UL_DAN052M_BDG,4G-DAN052W11-BDG,10.891588,106.784372,21,330,0,60,6
UL_DAN052M_BDG,4G-DAN052W12-BDG,10.891588,106.784372,21,80,0,60,6
UL_DAN052M_BDG,4G-DAN052W14-BDG,10.891588,106.784372,21,30,0,60,6
UL_DAN052M_BDG,4G-DAN052W15-BDG,10.891588,106.784372,21,140,0,60,6
UL_DAN052M_BDG,4G-DAN052W16-BDG,10.891588,106.784372,21,260,0,60,6
UL_DAN062M_BDG,4G-DAN062M12-BDG,10.897616,106.756886,26,140,0,60,6
UL_DAN077M_BDG,4G-DAN077W12-BDG,10.895891,106.818471,30,100,0,60,6
UL_DAN077M_BDG,4G-DAN077W15-BDG,10.895891,106.818471,30,160,0,60,6
UL_DAN079M_BDG,4G-DAN079M12-BDG,10.890266,106.760636,20,120,0,60,6
UL_DAN079M_BDG,4G-DAN079W16-BDG,10.890266,106.760636,20,270,0,60,6
UL_DAN082M_BDG,4G-DAN082M12-BDG,10.884602,106.748711,28,120,0,60,6
UL_DAN083M_BDG,4G-DAN083M11-BDG,10.925291,106.777467,28,0,0,60,6
UL_DAN083M_BDG,4G-DAN083M13-BDG,10.925291,106.777467,28,250,0,60,6
UL_DAN084M_BDG,4G-DAN084M13-BDG,10.904686,106.745045,27,210,0,60,6
UL_DAN093M_BDG,4G-DAN093M11-BDG,10.875545,106.752998,21,0,0,60,6
UL_DAN093M_BDG,4G-DAN093M13-BDG,10.875545,106.752998,21,250,0,60,6
UL_DAN100M_BDG,4G-DAN100M13-BDG,10.895363,106.781228,31,260,0,60,6
UL_DAN105M_BDG,4G-DAN105M13-BDG,10.902669,106.798511,30,240,0,60,6
UL_DAN110M_BDG,4G-DAN110M12-BDG,10.930161,106.782598,25,140,0,60,6
UL_DAN110M_BDG,4G-DAN110M13-BDG,10.930161,106.782598,25,240,0,60,6
UL_DAN112M_BDG,4G-DAN112M11-BDG,10.965326,106.758528,23.5,330,0,60,6
UL_DAN122M_BDG,4G-DAN122M11-BDG,10.902283,106.755236,29,5,0,60,6
UL_DAN122M_BDG,4G-DAN122M12-BDG,10.902283,106.755236,29,100,0,60,6
UL_DAN122M_BDG,4G-DAN122M13-BDG,10.902283,106.755236,29,230,0,60,6
UL_DAN124M_BDG,4G-DAN124M12-BDG,10.874596,106.758576,24,110,0,60,6
UL_DAN124M_BDG,4G-DAN124M13-BDG,10.874596,106.758576,24,240,0,60,6
UL_DAN130M_BDG,4G-DAN130M11-BDG,10.939393,106.768801,35,40,0,60,6
UL_DAN131M_BDG,4G-DAN131M11-BDG,10.906797,106.776808,25,0,0,60,6
UL_DAN131M_BDG,4G-DAN131M12-BDG,10.906797,106.776808,25,120,0,60,6
UL_DAN131M_BDG,4G-DAN131M13-BDG,10.906797,106.776808,25,240,0,60,6
UL_DAN133M_BDG,4G-DAN133M11-BDG,10.935324,106.782326,22,330,0,60,6
UL_DAN133M_BDG,4G-DAN133M13-BDG,10.935324,106.782326,22,220,0,60,6
UL_DAN143M_BDG,4G-DAN143M12-BDG,10.884585,106.753735,21,90,0,60,6
UL_DAN143M_BDG,4G-DAN143M13-BDG,10.884585,106.753735,21,230,0,60,6
UL_DAN144M_BDG,4G-DAN144M12-BDG,10.922591,106.788037,31,80,0,60,6
UL_DAN148M_BDG,4G-DAN148M11-BDG,10.934831,106.768623,16,310,0,60,6
UL_DAN148M_BDG,4G-DAN148M12-BDG,10.934831,106.768623,16,100,0,60,6
UL_DAN148M_BDG,4G-DAN148M13-BDG,10.934831,106.768623,16,220,0,60,6
UL_DAN160M_BDG,4G-DAN160M13-BDG,10.956861,106.747301,25.5,270,0,60,6
UL_DAN164M_BDG,4G-DAN164M11-BDG,10.91414,106.796373,28,10,0,60,6
UL_DAN164M_BDG,4G-DAN164M12-BDG,10.91414,106.796373,28,120,0,60,6
UL_DAN166M_BDG,4G-DAN166M12-BDG,10.8921,106.75039,28,120,0,60,6
UL_DAN172F_BDG,4G-DAN172F11-BDG,10.890894,106.785492,7,0,0,60,6
UL_DAN172F_BDG,4G-DAN172F12-BDG,10.890894,106.785492,7,180,0,60,6
4G-DAN176M-BDG,4G-DAN176M11-BDG,10.9002,106.752,28,0,0,60,6
4G-DAN177M-BDG,4G-DAN177M11-BDG,10.9269,106.74482,26,10,0,60,6
UL_DAN183M_BDG,4G-DAN183M11-BDG,10.901031,106.771675,26,0,0,60,6
UL_DAN184M_BDG,4G-DAN184M12-BDG,10.9002,106.7763,23,100,0,60,6
UL_DAN184M_BDG,4G-DAN184M13-BDG,10.9002,106.7763,23,200,0,60,6
UL_DAN188M_BDG,4G-DAN188M12-BDG,10.91911,106.76061,21,100,0,60,6
UL_DAN188M_BDG,4G-DAN188M13-BDG,10.91911,106.76061,21,240,0,60,6
UL_DAN190M_BDG,4G-DAN190M11-BDG,10.886302,106.78328,21,0,0,60,6
UL_DAN190M_BDG,4G-DAN190M12-BDG,10.886302,106.78328,21,120,0,60,6
UL_DAN191M_BDG,4G-DAN191M11-BDG,10.891425,106.789009,28,0,0,60,6
4G-DAN195M-BDG,4G-DAN195M13-BDG,10.90274,106.74113,28,240,0,60,6
4G-DAN198M-BDG,4G-DAN198M11-BDG,10.90664,106.76638,23,330,0,60,6
4G-DAN198M-BDG,4G-DAN198M12-BDG,10.90664,106.76638,23,100,0,60,6
4G-DAN208M-BDG,4G-DAN208M12-BDG,10.92316,106.76642,24,70,0,60,6
4G-DAN208M-BDG,4G-DAN208M13-BDG,10.92316,106.76642,24,180,0,60,6
4G-DAN217M-BDG,4G-DAN217M11-BDG,10.9289,106.7536,25,330,0,60,6
4G-DAN217M-BDG,4G-DAN217M12-BDG,10.9289,106.7536,25,80,0,60,6
4G-DAN217M-BDG,4G-DAN217M13-BDG,10.9289,106.7536,25,220,0,60,6
4G-DAN220M-BDG,4G-DAN220M11-BDG,10.93112,106.77414,24,300,0,60,6
4G-DAN220M-BDG,4G-DAN220M12-BDG,10.93112,106.77414,24,80,0,60,6
4G-DAN220M-BDG,4G-DAN220M13-BDG,10.93112,106.77414,24,190,0,60,6
4G-DAN221M-BDG,4G-DAN221M11-BDG,10.941807,106.765534,29,30,0,60,6
4G-DAN221M-BDG,4G-DAN221M13-BDG,10.941807,106.765534,29,260,0,60,6
4G-DAN522S-BDG,4G-DAN522S11-BDG,10.889754,106.785677,7,0,0,60,6
4G-DAN187F-BDG,4G-DAN703F11-BDG,10.874686,106.753077,7,0,0,60,6
4G-DDO003M-VTU,4G-DDO003M12-VTU,10.49885,107.28755,40,100,0,60,6
4G-DDO003M-VTU,4G-DDO003M13-VTU,10.49885,107.28755,40,200,0,60,6
4G-DDO004M-VTU,4G-DDO004M11-VTU,10.396448,107.264928,33,40,0,60,6
4G-DDO005M-VTU,4G-DDO005M13-VTU,10.50284,107.33322,40,270,0,60,6
4G-DDO006M-VTU,4G-DDO006M12-VTU,10.45503,107.32837,27,90,0,60,6
4G-DDO006M-VTU,4G-DDO006M13-VTU,10.45503,107.32837,27,270,0,60,6
4G-DDO007M-VTU,4G-DDO007M11-VTU,10.43567,107.26201,38,20,0,60,6
4G-DDO007M-VTU,4G-DDO007M12-VTU,10.43567,107.26201,38,130,0,60,6
4G-DDO007M-VTU,4G-DDO007M13-VTU,10.43567,107.26201,38,240,0,60,6
4G-DDO008M-VTU,4G-DDO008M12-VTU,10.54148,107.27319,35,180,0,60,6
4G-DDO008M-VTU,4G-DDO008M13-VTU,10.54148,107.27319,35,280,0,60,6
4G-DDO013M-VTU,4G-DDO013M13-VTU,10.55203,107.32686,36,280,0,60,6
4G-DDO019M-VTU,4G-DDO019M11-VTU,10.5152,107.2662,32,30,0,60,6
4G-DDO019M-VTU,4G-DDO019M12-VTU,10.5152,107.2662,32,150,0,60,6
4G-DDO019M-VTU,4G-DDO019M13-VTU,10.5152,107.2662,32,300,0,60,6
4G-DDO020M-VTU,4G-DDO020M12-VTU,10.422499,107.287813,40,120,0,60,6
4G-DDO021M-VTU,4G-DDO021M11-VTU,10.51679,107.35029,40,340,0,60,6
4G-DDO022M-VTU,4G-DDO022M12-VTU,10.463003,107.347996,39,200,0,60,6
UL_DDO025M_VTU,4G-DDO025M11-VTU,10.4004,107.2718,24,10,0,60,6
UL_DDO028M_VTU,4G-DDO028M11-VTU,10.38466,107.25576,33,50,0,60,6
UL_DDO028M_VTU,4G-DDO028M13-VTU,10.38466,107.25576,33,200,0,60,6
UL_DDO032M_VTU,4G-DDO032M11-VTU,10.45892,107.33493,40,30,0,60,6
UL_DDO032M_VTU,4G-DDO032M12-VTU,10.45892,107.33493,40,140,0,60,6
UL_DDO033M_VTU,4G-DDO033M13-VTU,10.480773,107.26526,34,240,0,60,6
UL_DDO044M_VTU,4G-DDO044M11-VTU,10.479414,107.29476,40,10,0,60,6
UL_DDO044M_VTU,4G-DDO044M12-VTU,10.479414,107.29476,40,130,0,60,6
UL_DDO046M_VTU,4G-DDO046M12-VTU,10.50983,107.34066,34,100,0,60,6
UL_DDO046M_VTU,4G-DDO046M13-VTU,10.50983,107.34066,34,210,0,60,6
UL_DDO048M_VTU,4G-DDO048M13-VTU,10.449425,107.296665,34,290,0,60,6
UL_DDO049M_VTU,4G-DDO049M11-VTU,10.553265,107.343759,34,30,0,60,6
UL_DDO049M_VTU,4G-DDO049M12-VTU,10.553265,107.343759,34,140,0,60,6
UL_DDO049M_VTU,4G-DDO049M13-VTU,10.553265,107.343759,34,260,0,60,6
UL_DDO050M_VTU,4G-DDO050M12-VTU,10.54703,107.3551,40,160,0,60,6
UL_DDO050M_VTU,4G-DDO050M13-VTU,10.54703,107.3551,40,250,0,60,6
UL_DDO051M_VTU,4G-DDO051M13-VTU,10.47112,107.32108,40,310,0,60,6
UL_DDO052M_VTU,4G-DDO052M13-VTU,10.45536,107.26248,40,210,0,60,6
4G-DDO053M-VTU,4G-DDO053M11-VTU,10.51241,107.30299,32,30,0,60,6
4G-DDO053M-VTU,4G-DDO053M12-VTU,10.51241,107.30299,32,110,0,60,6
4G-DDO053M-VTU,4G-DDO053M13-VTU,10.51241,107.30299,32,270,0,60,6
4G-DHA002M-TVH,4G-DHA002M11-TVH,9.68201,106.52824,41,90,0,60,6
4G-DHA003M-TVH,4G-DHA003M11-TVH,9.701761,106.517641,41,0,0,60,6
4G-DHA003M-TVH,4G-DHA003M12-TVH,9.701761,106.517641,41,180,0,60,6
4G-DHA005M-TVH,4G-DHA005M11-TVH,9.62881,106.56162,34,20,0,60,6
4G-DHA005M-TVH,4G-DHA005M12-TVH,9.62881,106.56162,34,200,0,60,6
4G-DHA005M-TVH,4G-DHA005M13-TVH,9.62881,106.56162,34,290,0,60,6
4G-DHA007M-TVH,4G-DHA007M11-TVH,9.61808,106.47262,35,50,0,60,6
4G-DHA007M-TVH,4G-DHA007M13-TVH,9.61808,106.47262,35,240,0,60,6
LN-DHA010M-TVH,4G-DHA010W11-TVH,9.63238,106.49499,43,30,0,60,6
LN-DHA010M-TVH,4G-DHA010W12-TVH,9.63238,106.49499,43,240,0,60,6
LN-DHA010M-TVH,4G-DHA010W13-TVH,9.63238,106.49499,43,340,0,60,6
LN-DHA010M-TVH,4G-DHA010W14-TVH,9.63238,106.49499,39,60,0,60,6
LN-DHA010M-TVH,4G-DHA010W16-TVH,9.63238,106.49499,42,340,0,60,6
LN-DHA011M-TVH,4G-DHA011M12-TVH,9.64621,106.50121,35,170,0,60,6
LN-DHA011M-TVH,4G-DHA011M13-TVH,9.64621,106.50121,35,250,0,60,6
4G-DHA013M-TVH,4G-DHA013M12-TVH,9.72141,106.52216,34,190,0,60,6
4G-DHA013M-TVH,4G-DHA013M13-TVH,9.72141,106.52216,34,270,0,60,6
4G-DHA014M-TVH,4G-DHA014M11-TVH,9.61612,106.54047,35,60,0,60,6
4G-DHA014M-TVH,4G-DHA014M12-TVH,9.61612,106.54047,35,230,0,60,6
4G-DHA014M-TVH,4G-DHA014M13-TVH,9.61612,106.54047,35,300,0,60,6
4G-DHA016M-TVH,4G-DHA016M11-TVH,9.68565,106.51004,34.5,350,0,60,6
4G-DHA016M-TVH,4G-DHA016M12-TVH,9.68565,106.51004,34.5,120,0,60,6
4G-DHA021M-TVH,4G-DHA021M12-TVH,9.61449,106.49782,31,120,0,60,6
4G-DHA024M-TVH,4G-DHA024M12-TVH,9.65059,106.56842,41,180,0,60,6
4G-DHA024M-TVH,4G-DHA024M13-TVH,9.65059,106.56842,41,250,0,60,6
4G-DHA025M-TVH,4G-DHA025M13-TVH,9.69616,106.47551,41,250,0,60,6
4G-DHA029M-TVH,4G-DHA029M12-TVH,9.66375,106.51375,41,120,0,60,6
4G-DHA035M-TVH,4G-DHA035M13-TVH,9.59382,106.52744,41,240,0,60,6
4G-DHA038M-TVH,4G-DHA038M11-TVH,9.6483,106.48349,40,0,0,60,6
4G-DHA038M-TVH,4G-DHA038M12-TVH,9.6483,106.48349,40,90,0,60,6
4G-DHA039M-TVH,4G-DHA039M13-TVH,9.64038,106.49665,40,260,0,60,6
LN-DHA040M-TVH,4G-DHA040M12-TVH,9.6204,106.5533,40,130,0,60,6
4G-DHA043M-TVH,4G-DHA043M12-TVH,9.6563,106.5052,40,130,0,60,6
4G-DHA044M-TVH,4G-DHA044M11-TVH,9.64959,106.46861,40,70,0,60,6
4G-DHA044M-TVH,4G-DHA044M12-TVH,9.64959,106.46861,40,180,0,60,6
4G-DHA044M-TVH,4G-DHA044M13-TVH,9.64959,106.46861,40,270,0,60,6
4G-DHA703B-TVH,4G-DHA703M12-TVH,9.62674,106.48404,40.5,125,0,60,6
4G-DHA703B-TVH,4G-DHA703M13-TVH,9.62674,106.48404,40.5,210,0,60,6
UL_DHO004M_LAN,4G-DHO004M11-LAN,10.96733,106.29297,34,340,0,60,6
UL_DHO004M_LAN,4G-DHO004M12-LAN,10.96733,106.29297,34,90,0,60,6
4G-DHO008M-LAN,4G-DHO008M12-LAN,11,106.28987,40,120,0,60,6
UL_DHO009M_LAN,4G-DHO009M11-LAN,10.93497,106.33663,42,0,0,60,6
UL_DHO009M_LAN,4G-DHO009M12-LAN,10.93497,106.33663,42,120,0,60,6
UL_DHO009M_LAN,4G-DHO009M13-LAN,10.93497,106.33663,42,240,0,60,6
UL_DHO015M_LAN,4G-DHO015M11-LAN,10.872975,106.444246,40,340,0,60,6
UL_DHO015M_LAN,4G-DHO015M12-LAN,10.872975,106.444246,40,110,0,60,6
UL_DHO015M_LAN,4G-DHO015M13-LAN,10.872975,106.444246,40,240,0,60,6
UL_DHO024M_LAN,4G-DHO024W11-LAN,10.87753,106.50697,47,330,0,60,6
UL_DHO024M_LAN,4G-DHO024W14-LAN,10.87753,106.50697,47,30,0,60,6
UL_DHO026M_LAN,4G-DHO026M11-LAN,10.925,106.37959,39,20,0,60,6
UL_DHO026M_LAN,4G-DHO026M12-LAN,10.925,106.37959,39,150,0,60,6
SR_DHO028M_LAN,4G-DHO028M11-LAN,10.83703,106.48703,30.5,350,0,60,6
UL_DHO029M_LAN,4G-DHO029M13-LAN,10.91257,106.31824,29,310,0,60,6
UL_DHO032M_LAN,4G-DHO032M12-LAN,10.8705,106.4025,42,150,0,60,6
UL_DHO034M_LAN,4G-DHO034W14-LAN,10.80031,106.463581,28,60,0,60,6
UL_DHO037M_LAN,4G-DHO037M11-LAN,10.89351,106.43219,33,10,0,60,6
UL_DHO037M_LAN,4G-DHO037M13-LAN,10.89351,106.43219,33,240,0,60,6
UL_DHO038M_LAN,4G-DHO038M11-LAN,10.87449,106.377,30,40,0,60,6
UL_DHO040M_LAN,4G-DHO040M12-LAN,10.82687,106.47552,40,150,0,60,6
UL_DHO043M_LAN,4G-DHO043M11-LAN,10.83892,106.43778,40,20,0,60,6
UL_DHO043M_LAN,4G-DHO043M12-LAN,10.83892,106.43778,40,100,0,60,6
UL_DHO044M_LAN,4G-DHO044M11-LAN,10.956,106.32888,40,0,0,60,6
UL_DHO044M_LAN,4G-DHO044W13-LAN,10.956,106.32888,40,200,0,60,6
UL_DHO044M_LAN,4G-DHO044W16-LAN,10.956,106.32888,40,260,0,60,6
UL_DHO046M_LAN,4G-DHO046M13-LAN,10.83309,106.38734,40,180,0,60,6
UL_DHO046M_LAN,4G-DHO046W12-LAN,10.83309,106.38734,40,60,0,60,6
UL_DHO046M_LAN,4G-DHO046W15-LAN,10.83309,106.38734,40,120,0,60,6
UL_DHO049M_LAN,4G-DHO049W11-LAN,10.777339,106.466406,33,20,0,60,6
UL_DHO050M_LAN,4G-DHO050M13-LAN,10.918938,106.305009,40,250,0,60,6
UL_DHO051M_LAN,4G-DHO051M13-LAN,10.873479,106.421387,40,260,0,60,6
UL_DHO053M_LAN,4G-DHO053M11-LAN,10.912447,106.384477,39,80,0,60,6
UL_DHO053M_LAN,4G-DHO053M12-LAN,10.912447,106.384477,39,140,0,60,6
UL_DHO053M_LAN,4G-DHO053M13-LAN,10.912447,106.384477,39,280,0,60,6
UL_DHO054M_LAN,4G-DHO054M12-LAN,10.914595,106.43119,40,80,0,60,6
UL_DHO054M_LAN,4G-DHO054M13-LAN,10.914595,106.43119,40,240,0,60,6
UL_DHO056M_LAN,4G-DHO056M11-LAN,10.83984,106.421199,32,80,0,60,6
UL_DHO056M_LAN,4G-DHO056M12-LAN,10.83984,106.421199,32,170,0,60,6
UL_DHO056M_LAN,4G-DHO056M13-LAN,10.83984,106.421199,32,330,0,60,6
UL_DHO061M_LAN,4G-DHO061M11-LAN,10.9022,106.4648,40,100,0,60,6
UL_DHO062M_LAN,4G-DHO062M13-LAN,10.9272,106.4205,39,220,0,60,6
UL_DHO064M_LAN,4G-DHO064M13-LAN,10.947306,106.336904,39,230,0,60,6
UL_DHO075M_LAN,4G-DHO075M11-LAN,10.805347,106.45414,36,10,0,60,6
UL_DHO075M_LAN,4G-DHO075M13-LAN,10.805347,106.45414,36,250,0,60,6
UL_DHO078M_LAN,4G-DHO078M11-LAN,10.901722,106.451217,40,10,0,60,6
UL_DHO078M_LAN,4G-DHO078M12-LAN,10.901722,106.451217,40,110,0,60,6
UL_DHO081M_LAN,4G-DHO081M11-LAN,10.926199,106.473258,36,50,0,60,6
UL_DHO081M_LAN,4G-DHO081M12-LAN,10.926199,106.473258,36,200,0,60,6
UL_DHO081M_LAN,4G-DHO081M13-LAN,10.926199,106.473258,36,300,0,60,6
UL_DHO082M_LAN,4G-DHO082M12-LAN,10.898796,106.406914,40,110,0,60,6
UL_DHO082M_LAN,4G-DHO082M13-LAN,10.898796,106.406914,40,240,0,60,6
UL_DHO087M_LAN,4G-DHO087M11-LAN,10.898553,106.388742,39,10,0,60,6
UL_DHO088M_LAN,4G-DHO088W13-LAN,10.880525,106.490779,36,180,0,60,6
UL_DHO089M_LAN,4G-DHO089M12-LAN,10.826482,106.48852,36,180,0,60,6
UL_DHO090M_LAN,4G-DHO090M12-LAN,10.78567,106.4605,34,110,0,60,6
UL_DHO090M_LAN,4G-DHO090M13-LAN,10.78567,106.4605,34,250,0,60,6
UL_DHO093M_LAN,4G-DHO093M12-LAN,10.806391,106.413996,40,140,0,60,6
UL_DHO094M_LAN,4G-DHO094M11-LAN,10.886101,106.384801,40,320,0,60,6
UL_DHO094M_LAN,4G-DHO094M12-LAN,10.886101,106.384801,40,50,0,60,6
UL_DHO098M_LAN,4G-DHO098M12-LAN,10.93647,106.44789,34,80,0,60,6
UL_DHO099M_LAN,4G-DHO099M11-LAN,10.807554,106.491782,36,340,0,60,6
UL_DHO102M_LAN,4G-DHO102M11-LAN,10.807855,106.442857,39,320,0,60,6
UL_DHO104M_LAN,4G-DHO104M11-LAN,10.934648,106.457201,36,0,0,60,6
UL_DHO104M_LAN,4G-DHO104M13-LAN,10.934648,106.457201,36,250,0,60,6
UL_DHO106M_LAN,4G-DHO106M12-LAN,10.860586,106.51076,36,120,0,60,6
UL_DHO106M_LAN,4G-DHO106M13-LAN,10.860586,106.51076,36,250,0,60,6
UL_DHO112M_LAN,4G-DHO112M11-LAN,10.785626,106.500273,33,50,0,60,6
UL_DHO112M_LAN,4G-DHO112M12-LAN,10.785626,106.500273,33,240,0,60,6
UL_DHO112M_LAN,4G-DHO112M13-LAN,10.785626,106.500273,33,310,0,60,6
UL_DHO113M_LAN,4G-DHO113M11-LAN,10.791738,106.442792,23,0,0,60,6
UL_DHO113M_LAN,4G-DHO113M13-LAN,10.791738,106.442792,23,250,0,60,6
UL_DHO115M_LAN,4G-DHO115M11-LAN,10.862267,106.431351,40.5,0,0,60,6
UL_DHO115M_LAN,4G-DHO115M12-LAN,10.862267,106.431351,40.5,100,0,60,6
UL_DHO116M_LAN,4G-DHO116M12-LAN,10.859144,106.410094,39,130,0,60,6
UL_DHO119M_LAN,4G-DHO119M12-LAN,10.958087,106.350741,40,130,0,60,6
UL_DHO121M_LAN,4G-DHO121M12-LAN,11.013482,106.3013,43.5,170,0,60,6
UL_DHO122M_LAN,4G-DHO122M11-LAN,10.9781,106.3612,39,30,0,60,6
UL_DHO123M_LAN,4G-DHO123M11-LAN,10.888,106.5231,36,0,0,60,6
UL_DHO123M_LAN,4G-DHO123M13-LAN,10.888,106.5231,36,240,0,60,6
UL_DHO125M_LAN,4G-DHO125M11-LAN,10.92661,106.45,35,40,0,60,6
UL_DHO125M_LAN,4G-DHO125M13-LAN,10.92661,106.45,35,270,0,60,6
UL_DHO129M_LAN,4G-DHO129M11-LAN,10.83589,106.476639,40,340,0,60,6
UL_DHO129M_LAN,4G-DHO129M12-LAN,10.83589,106.476639,40,80,0,60,6
UL_DHO131M_LAN,4G-DHO131M12-LAN,10.79272,106.4768,29,130,0,60,6
UL_DHO131M_LAN,4G-DHO131M13-LAN,10.79272,106.4768,29,230,0,60,6
UL_DHO132M_LAN,4G-DHO132M11-LAN,10.79879,106.4566,31,10,0,60,6
UL_DHO132M_LAN,4G-DHO132M12-LAN,10.79879,106.4566,31,120,0,60,6
UL_DHO132M_LAN,4G-DHO132M13-LAN,10.79879,106.4566,31,280,0,60,6
UL_DHO136M_LAN,4G-DHO136M11-LAN,10.90181,106.3975,34,350,0,60,6
UL_DHO138M_LAN,4G-DHO138M11-LAN,10.9466,106.4323,34,340,0,60,6
UL_DHO141M_LAN,4G-DHO141M12-LAN,10.78,106.4936,34,90,0,60,6
UL_DHO142M_LAN,4G-DHO142M12-LAN,10.8143,106.4677,34,130,0,60,6
UL_DHO148M_LAN,4G-DHO148M11-LAN,10.808969,106.508158,34,10,0,60,6
UL_DHO149M_LAN,4G-DHO149M11-LAN,10.78594,106.468853,34,30,0,60,6
UL_DHO149M_LAN,4G-DHO149M12-LAN,10.78594,106.468853,34,140,0,60,6
UL_DHO149M_LAN,4G-DHO149M13-LAN,10.78594,106.468853,34,220,0,60,6
UL_DHO151M_LAN,4G-DHO151M11-LAN,10.82236,106.50101,34,10,0,60,6
UL_DHO151M_LAN,4G-DHO151M12-LAN,10.82236,106.50101,34,190,0,60,6
UL_DHO152M_LAN,4G-DHO152M12-LAN,10.83811,106.50217,34,150,0,60,6
UL_DHO152M_LAN,4G-DHO152M13-LAN,10.83811,106.50217,34,250,0,60,6
UL_DHO154M_LAN,4G-DHO154M12-LAN,10.8031,106.47917,34,180,0,60,6
4G-DHO163M-LAN,4G-DHO163M12-LAN,10.82837,106.4233,40,90,0,60,6
4G-DHO164M-LAN,4G-DHO164M11-LAN,10.96002,106.36058,40,330,0,60,6
4G-DHO164M-LAN,4G-DHO164M12-LAN,10.96002,106.36058,40,160,0,60,6
4G-DHO165M-LAN,4G-DHO165M11-LAN,10.88931,106.50497,40,310,0,60,6
4G-DHO166M-LAN,4G-DHO166M11-LAN,10.88046,106.48,40,350,0,60,6
4G-DHO168M-LAN,4G-DHO168M11-LAN,10.88945,106.48893,40,350,0,60,6
4G-DHO169M-LAN,4G-DHO169M11-LAN,10.89236,106.5273,33,60,0,60,6
4G-DHO169M-LAN,4G-DHO169M12-LAN,10.89236,106.5273,33,200,0,60,6
4G-DHO172M-LAN,4G-DHO172M11-LAN,10.96919,106.31089,39,340,0,60,6
UL_DHO701B_LAN,4G-DHO701M12-LAN,10.873087,106.51518,23,100,0,60,6
UL_DHO704B_LAN,4G-DHO704W12-LAN,10.792878,106.468886,34,140,0,60,6
UL_DHU002M_LAN,4G-DHU002M11-LAN,10.90112,106.1599,39,10,0,60,6
4G-DHU005M-LAN,4G-DHU005M11-LAN,10.86826,106.30465,34,10,0,60,6
UL_DHU006M_LAN,4G-DHU006M13-LAN,10.77952,106.26599,39,160,0,60,6
UL_DHU008M_LAN,4G-DHU008M11-LAN,10.8089,106.3665,40,320,0,60,6
UL_DHU011M_LAN,4G-DHU011M11-LAN,10.94318,106.28316,41,0,0,60,6
UL_DHU011M_LAN,4G-DHU011M12-LAN,10.94318,106.28316,41,150,0,60,6
UL_DHU013M_LAN,4G-DHU013M11-LAN,10.857938,106.245675,40,340,0,60,6
UL_DHU014M_LAN,4G-DHU014M12-LAN,10.972463,106.213592,40,80,0,60,6
UL_DHU014M_LAN,4G-DHU014M13-LAN,10.972463,106.213592,40,190,0,60,6
4G-DHU015M-LAN,4G-DHU015M12-LAN,10.93746,106.25401,37,80,0,60,6
UL_DHU018M_LAN,4G-DHU018M12-LAN,10.82889,106.2549,40,160,0,60,6
UL_DHU020M_LAN,4G-DHU020M11-LAN,10.84727,106.3197,40,330,0,60,6
UL_DHU020M_LAN,4G-DHU020M13-LAN,10.84727,106.3197,40,220,0,60,6
UL_DHU021M_LAN,4G-DHU021M11-LAN,10.803375,106.245672,38,320,0,60,6
UL_DHU021M_LAN,4G-DHU021M12-LAN,10.803375,106.245672,38,70,0,60,6
UL_DHU022M_LAN,4G-DHU022M11-LAN,10.795907,106.19986,36,40,0,60,6
4G-DHU023M-LAN,4G-DHU023M12-LAN,10.92891,106.18418,43,70,0,60,6
UL_DHU025M_LAN,4G-DHU025M12-LAN,10.954161,106.188961,40.5,160,0,60,6
UL_DHU025M_LAN,4G-DHU025M13-LAN,10.954161,106.188961,40.5,260,0,60,6
UL_DHU028M_LAN,4G-DHU028M13-LAN,10.822396,106.356221,40,290,0,60,6
UL_DHU029M_LAN,4G-DHU029M11-LAN,10.909185,106.273151,40.5,330,0,60,6
UL_DHU029M_LAN,4G-DHU029M13-LAN,10.909185,106.273151,40.5,160,0,60,6
UL_DHU031M_LAN,4G-DHU031M13-LAN,10.845388,106.298905,40,300,0,60,6
UL_DHU035M_LAN,4G-DHU035M11-LAN,10.90047,106.31117,34,20,0,60,6
UL_DHU038M_LAN,4G-DHU038M11-LAN,10.8819,106.3064,40,30,0,60,6
UL_DHU039M_LAN,4G-DHU039M11-LAN,10.8087,106.2111,40,310,0,60,6
UL_DHU039M_LAN,4G-DHU039M12-LAN,10.8087,106.2111,40,60,0,60,6
UL_DHU041M_LAN,4G-DHU041M11-LAN,10.9053,106.2319,40,10,0,60,6
UL_DHU041M_LAN,4G-DHU041M12-LAN,10.9053,106.2319,40,100,0,60,6
UL_DHU041M_LAN,4G-DHU041M13-LAN,10.9053,106.2319,40,200,0,60,6
4G-DHU044M-LAN,4G-DHU044M11-LAN,10.830639,106.28425,40,340,0,60,6
4G-DHU044M-LAN,4G-DHU044M12-LAN,10.830639,106.28425,40,50,0,60,6
4G-DHU044M-LAN,4G-DHU044M13-LAN,10.830639,106.28425,40,150,0,60,6
4G-DHU700B-LAN,4G-DHU700M13-LAN,10.775768,106.341684,40,130,0,60,6
4G-DHU701B-LAN,4G-DHU701M11-LAN,10.88978,106.30486,6,90,0,60,6
4G-DQU003M-DNI,4G-DQU003M11-DNI,11.18489,107.34539,26,30,0,60,6
4G-DQU036M-DNI,4G-DQU036M11-DNI,11.168908,107.306163,43,0,0,60,6
4G-DQU048M-DNI,4G-DQU048M11-DNI,11.081061,107.202351,30,0,0,60,6
4G-DQU053M-DNI,4G-DQU053M13-DNI,11.20621,107.44511,33,240,0,60,6
4G-DQU060M-DNI,4G-DQU060M11-DNI,11.22713,107.43692,36,10,0,60,6
4G-DQU067M-DNI,4G-DQU067M12-DNI,11.209054,107.366727,40,180,0,60,6
UL_DQU068M_DNI,4G-DQU068M13-DNI,11.20233,107.37692,36,260,0,60,6
UL_DQU070M_DNI,4G-DQU070M12-DNI,11.17804,107.33612,40,80,0,60,6
4G-DQU071M-DNI,4G-DQU071M11-DNI,11.0522,107.288,35,120,0,60,6
4G-DQU071M-DNI,4G-DQU071M12-DNI,11.0522,107.288,35,0,0,60,6
4G-DQU071M-DNI,4G-DQU071M13-DNI,11.0522,107.288,35,240,0,60,6
UL_DQU073M_DNI,4G-DQU073M11-DNI,11.08353,107.17094,34.5,20,0,60,6
UL_DQU073M_DNI,4G-DQU073M12-DNI,11.08353,107.17094,34.5,120,0,60,6
UL_DQU075M_DNI,4G-DQU075M11-DNI,11.09268,107.20422,40,60,0,60,6
UL_DQU077M_DNI,4G-DQU077M13-DNI,11.14596,107.290926,38,170,0,60,6
UL_DQU080M_DNI,4G-DQU080M11-DNI,11.126702,107.293523,37,350,0,60,6
UL_DQU083M_DNI,4G-DQU083M13-DNI,11.182088,107.303579,40,250,0,60,6
UL_DQU084M_DNI,4G-DQU084M11-DNI,11.16581,107.29964,35,350,0,60,6
UL_DQU084M_DNI,4G-DQU084M12-DNI,11.16581,107.29964,35,70,0,60,6
UL_DQU084M_DNI,4G-DQU084M13-DNI,11.16581,107.29964,35,260,0,60,6
UL_DQU086M_DNI,4G-DQU086M13-DNI,11.08156,107.16543,34,220,0,60,6
UL_DQU087M_DNI,4G-DQU087M11-DNI,11.045171,107.273344,36,30,0,60,6
UL_DQU087M_DNI,4G-DQU087M12-DNI,11.045171,107.273344,36,130,0,60,6
UL_DQU087M_DNI,4G-DQU087M13-DNI,11.045171,107.273344,36,250,0,60,6
4G-DQU088M-DNI,4G-DQU088M11-DNI,11.20031,107.41244,40,0,0,60,6
UL_DQU096M_DNI,4G-DQU096M12-DNI,11.084862,107.222109,34,100,0,60,6
4G-DQU097M-DNI,4G-DQU097M11-DNI,11.18187,107.23777,40,0,0,60,6
4G-DQU103M-DNI,4G-DQU103M11-DNI,11.168515,107.313207,34,330,0,60,6
4G-DQU103M-DNI,4G-DQU103M12-DNI,11.168515,107.313207,34,60,0,60,6
4G-DQU103M-DNI,4G-DQU103M13-DNI,11.168515,107.313207,34,170,0,60,6
UL_DQU701B_DNI,4G-DQU701M11-DNI,11.2653,107.34203,19,60,0,60,6
UL_DQU702B_DNI,4G-DQU702M11-DNI,11.170383,107.20893,16,70,0,60,6
UL_DQU702B_DNI,4G-DQU702M12-DNI,11.170383,107.20893,16,280,0,60,6
UL_DQU705B_DNI,4G-DQU705M11-DNI,11.1995,107.44064,40,350,0,60,6
UL_DQU706B_DNI,4G-DQU706M11-DNI,11.191994,107.368351,22,20,0,60,6
UL_DQU706B_DNI,4G-DQU706M12-DNI,11.191994,107.368351,22,130,0,60,6
4G-DTI007M-BDG,4G-DTI007M11-BDG,11.258135,106.520694,37,70,0,60,6
4G-DTI007M-BDG,4G-DTI007M12-BDG,11.258135,106.520694,37,220,0,60,6
4G-DTI017M-BDG,4G-DTI017M12-BDG,11.376367,106.407321,37,160,0,60,6
4G-DTI020M-BDG,4G-DTI020M11-BDG,11.430689,106.415366,35,0,0,60,6
4G-DTI020M-BDG,4G-DTI020M12-BDG,11.430689,106.415366,35,190,0,60,6
4G-DTI020M-BDG,4G-DTI020M13-BDG,11.430689,106.415366,35,280,0,60,6
4G-DTI022M-BDG,4G-DTI022M11-BDG,11.191486,106.517415,31,10,0,60,6
4G-DTI022M-BDG,4G-DTI022M12-BDG,11.191486,106.517415,31,80,0,60,6
UL_DTI025M_BDG,4G-DTI025M11-BDG,11.267568,106.406779,31.5,0,0,60,6
4G-DTI026M-BDG,4G-DTI026M11-BDG,11.314211,106.492161,24,300,0,60,6
4G-DTI027M-BDG,4G-DTI027M12-BDG,11.277852,106.461758,28,120,0,60,6
4G-DTI034M-BDG,4G-DTI034M11-BDG,11.444378,106.456215,42,70,0,60,6
4G-DTI034M-BDG,4G-DTI034M12-BDG,11.444378,106.456215,42,160,0,60,6
4G-DTI034M-BDG,4G-DTI034M13-BDG,11.444378,106.456215,42,270,0,60,6
4G-DTI036M-BDG,4G-DTI036M11-BDG,11.476308,106.439343,45,30,0,60,6
4G-DTI036M-BDG,4G-DTI036M13-BDG,11.476308,106.439343,45,300,0,60,6
4G-DTI039M-BDG,4G-DTI039M13-BDG,11.345881,106.485537,32,220,0,60,6
UL_DTI041M_BDG,4G-DTI041M12-BDG,11.145281,106.513434,40,160,0,60,6
4G-DTI046M-BDG,4G-DTI046M12-BDG,11.185227,106.464878,42,90,0,60,6
4G-DTI046M-BDG,4G-DTI046M13-BDG,11.185227,106.464878,42,180,0,60,6
UL_DTI047M_BDG,4G-DTI047M11-BDG,11.170074,106.464522,38,10,0,60,6
UL_DTI047M_BDG,4G-DTI047M13-BDG,11.170074,106.464522,38,240,0,60,6
UL_DTI061M_BDG,4G-DTI061M11-BDG,11.276311,106.368321,38,0,0,60,6
UL_DTI061M_BDG,4G-DTI061M13-BDG,11.276311,106.368321,38.5,240,0,60,6
UL_DTI065M_BDG,4G-DTI065M13-BDG,11.390643,106.437187,31,200,0,60,6
4G-DTI075M-BDG,4G-DTI075M12-BDG,11.173481,106.529571,40,80,0,60,6
UL_DTI076M_BDG,4G-DTI076M12-BDG,11.249039,106.502338,34,150,0,60,6
4G-DTI084M-BDG,4G-DTI084M13-BDG,11.267899,106.464636,35,230,0,60,6
4G-DTI088M-BDG,4G-DTI088M11-BDG,11.328781,106.376281,33,30,0,60,6
4G-DTI088M-BDG,4G-DTI088M12-BDG,11.328781,106.376281,33,190,0,60,6
4G-DTI088M-BDG,4G-DTI088M13-BDG,11.328781,106.376281,33,270,0,60,6
4G-DTI089M-BDG,4G-DTI089M11-BDG,11.421691,106.442971,36.5,120,0,60,6
4G-DTI089M-BDG,4G-DTI089M12-BDG,11.421691,106.442971,36.5,220,0,60,6
4G-DTI089M-BDG,4G-DTI089M13-BDG,11.421691,106.442971,36.5,310,0,60,6
4G-DTI090M-BDG,4G-DTI090M11-BDG,11.466369,106.548655,39,80,0,60,6
4G-DTI090M-BDG,4G-DTI090M12-BDG,11.466369,106.548655,39,190,0,60,6
4G-DTI090M-BDG,4G-DTI090M13-BDG,11.466369,106.548655,39,270,0,60,6
UL_DTI096M_BDG,4G-DTI096M12-BDG,11.2072,106.3972,34,160,0,60,6
UL_DTI096M_BDG,4G-DTI096M13-BDG,11.2072,106.3972,34,240,0,60,6
UL_DTI097M_BDG,4G-DTI097M11-BDG,11.230109,106.479256,28,30,0,60,6
UL_DTI097M_BDG,4G-DTI097M12-BDG,11.230109,106.479256,28,220,0,60,6
UL_DTI097M_BDG,4G-DTI097M13-BDG,11.230109,106.479256,28,300,0,60,6
UL_DTI102M_BDG,4G-DTI102M11-BDG,11.34343,106.35708,34,20,0,60,6
UL_DTI102M_BDG,4G-DTI102M12-BDG,11.34343,106.35708,34,190,0,60,6
UL_DTI102M_BDG,4G-DTI102M13-BDG,11.34343,106.35708,34,270,0,60,6
UL_DTI103M_BDG,4G-DTI103M13-BDG,11.16576,106.43633,32,240,0,60,6
4G-DTI125M-BDG,4G-DTI125M12-BDG,11.43646,106.51544,34,210,0,60,6
4G-DTI128M-BDG,4G-DTI128M12-BDG,11.31685,106.48628,32,150,0,60,6
4G-DTI136M-BDG,4G-DTI136M12-BDG,11.27495,106.362155,30,120,0,60,6
4G-DTI137M-BDG,4G-DTI137M12-BDG,11.28201,106.36819,36,120,0,60,6
4G-DTI138M-BDG,4G-DTI138M11-BDG,11.30071,106.369074,40,10,0,60,6
4G-DTI703B-BDG,4G-DTI703M12-BDG,11.177069,106.444655,28,180,0,60,6
4G-GCD001M-TGG,4G-GCD001M12-TGG,10.35844,106.73778,42,100,0,60,6
4G-GCD002M-TGG,4G-GCD002M12-TGG,10.3356,106.729,40,130,0,60,6
LN-GCD006M-TGG,4G-GCD006M13-TGG,10.31994,106.71267,40,230,0,60,6
4G-GCD007M-TGG,4G-GCD007M13-TGG,10.38716,106.73945,33,290,0,60,6
4G-GCD008M-TGG,4G-GCD008M11-TGG,10.41979,106.7396,33,0,0,60,6
4G-GCD008M-TGG,4G-GCD008M13-TGG,10.41979,106.7396,33,240,0,60,6
4G-GCD009M-TGG,4G-GCD009M11-TGG,10.31288,106.68771,36,50,0,60,6
4G-GCD014M-TGG,4G-GCD014M11-TGG,10.401162,106.715945,36,20,0,60,6
4G-GCD014M-TGG,4G-GCD014M13-TGG,10.401162,106.715945,36,280,0,60,6
4G-GCD017M-TGG,4G-GCD017M11-TGG,10.27737,106.73355,33,10,0,60,6
4G-GCD017M-TGG,4G-GCD017M12-TGG,10.27737,106.73355,33,100,0,60,6
4G-GCD018M-TGG,4G-GCD018M12-TGG,10.41201,106.77059,34,150,0,60,6
4G-GCD019M-TGG,4G-GCD019M11-TGG,10.44338,106.71057,39,10,0,60,6
4G-GCD031M-TGG,4G-GCD031M12-TGG,10.34951,106.71187,36,120,0,60,6
4G-GCD033M-TGG,4G-GCD033M12-TGG,10.29733,106.74311,42,200,0,60,6
4G-GCD034M-TGG,4G-GCD034M11-TGG,10.30337,106.76403,33,20,0,60,6
4G-GCD034M-TGG,4G-GCD034M13-TGG,10.30337,106.76403,33,260,0,60,6
4G-GCD037M-TGG,4G-GCD037M11-TGG,10.42378,106.71835,40,340,0,60,6
4G-GCD037M-TGG,4G-GCD037M13-TGG,10.42378,106.71835,40,210,0,60,6
4G-GCD038M-TGG,4G-GCD038M11-TGG,10.384081,106.707601,40,40,0,60,6
4G-GCD038M-TGG,4G-GCD038M12-TGG,10.384081,106.707601,40,140,0,60,6
4G-GCD039M-TGG,4G-GCD039M11-TGG,10.335175,106.755318,40,0,0,60,6
4G-GCD039M-TGG,4G-GCD039M12-TGG,10.335175,106.755318,40,190,0,60,6
4G-GCD041M-TGG,4G-GCD041M12-TGG,10.404423,106.75245,40,120,0,60,6
4G-GCD042M-TGG,4G-GCD042M11-TGG,10.273324,106.746865,41,0,0,60,6
UL_GCD044M_TGG,4G-GCD044M13-TGG,10.37525,106.72279,39,170,0,60,6
4G-GCD047M-TGG,4G-GCD047M12-TGG,10.35708,106.75627,37,160,0,60,6
4G-GCD047M-TGG,4G-GCD047M13-TGG,10.35708,106.75627,37,260,0,60,6
UL_GCD049M_TGG,4G-GCD049M11-TGG,10.32824,106.69875,40,350,0,60,6
UL_GCD050M_TGG,4G-GCD050M12-TGG,10.45681,106.72087,42,140,0,60,6
UL_GCD051M_TGG,4G-GCD051M11-TGG,10.36014,106.72182,45,20,0,60,6
UL_GCD053M_TGG,4G-GCD053M11-TGG,10.312156,106.716314,40.5,10,0,60,6
UL_GCD053M_TGG,4G-GCD053M12-TGG,10.312156,106.716314,40.5,120,0,60,6
UL_GCD053M_TGG,4G-GCD053M13-TGG,10.312156,106.716314,40.5,240,0,60,6
4G-GCD054M-TGG,4G-GCD054M11-TGG,10.460174,106.708308,40,40,0,60,6
4G-GCD054M-TGG,4G-GCD054M13-TGG,10.460174,106.708308,40,220,0,60,6
UL_GCD055M_TGG,4G-GCD055M11-TGG,10.329541,106.720749,40,350,0,60,6
UL_GCD055M_TGG,4G-GCD055M13-TGG,10.329541,106.720749,40,230,0,60,6
4G-GCD056M-TGG,4G-GCD056M11-TGG,10.39406,106.72836,41,30,0,60,6
4G-GCD056M-TGG,4G-GCD056M12-TGG,10.39406,106.72836,41,150,0,60,6
4G-GCD059M-TGG,4G-GCD059M12-TGG,10.43362,106.72476,40.5,60,0,60,6
4G-GCD059M-TGG,4G-GCD059M13-TGG,10.43362,106.72476,40.5,250,0,60,6
4G-GCD061M-TGG,4G-GCD061M12-TGG,10.39625,106.74464,40.5,160,0,60,6
4G-GCD064M-TGG,4G-GCD064M12-TGG,10.33856,106.77566,40.5,90,0,60,6
4G-GCD064M-TGG,4G-GCD064M13-TGG,10.33856,106.77566,40.5,180,0,60,6
4G-GCD065M-TGG,4G-GCD065M12-TGG,10.37979,106.77618,40.5,90,0,60,6
4G-GCD065M-TGG,4G-GCD065M13-TGG,10.37979,106.77618,40.5,180,0,60,6
4G-GCD016M-TGG,4G-GCD702M14-TGG,10.358031,106.779718,41,10,0,60,6
4G-GCD016M-TGG,4G-GCD702M15-TGG,10.358031,106.779718,41,170,0,60,6
4G-GCO001M-TGG,4G-GCO001M12-TGG,10.35941,106.65964,36,100,0,60,6
4G-GCO002M-TGG,4G-GCO002M12-TGG,10.45663,106.63752,46,160,0,60,6
4G-GCO002M-TGG,4G-GCO002M13-TGG,10.45663,106.63752,46,10,0,60,6
4G-GCO007M-TGG,4G-GCO007M12-TGG,10.3619,106.68259,28,110,0,60,6
4G-GCO008M-TGG,4G-GCO008M11-TGG,10.37756,106.65138,34,30,0,60,6
4G-GCO008M-TGG,4G-GCO008M12-TGG,10.37756,106.65138,34,160,0,60,6
4G-GCO011M-TGG,4G-GCO011M11-TGG,10.36682,106.69392,40,40,0,60,6
4G-GCO012M-TGG,4G-GCO012M11-TGG,10.39991,106.67523,35,0,0,60,6
4G-GCO012M-TGG,4G-GCO012M12-TGG,10.39991,106.67523,35,120,0,60,6
4G-GCO012M-TGG,4G-GCO012M13-TGG,10.39991,106.67523,35,250,0,60,6
4G-GCO013M-TGG,4G-GCO013M13-TGG,10.37049,106.67271,32,220,0,60,6
4G-GCO015M-TGG,4G-GCO015M11-TGG,10.433364,106.607011,38,60,0,60,6
4G-GCO015M-TGG,4G-GCO015M12-TGG,10.433364,106.607011,38,130,0,60,6
4G-GCO015M-TGG,4G-GCO015M13-TGG,10.433364,106.607011,38,220,0,60,6
4G-GCO019M-TGG,4G-GCO019M12-TGG,10.356325,106.692659,42,150,0,60,6
4G-GCO020M-TGG,4G-GCO020M13-TGG,10.424558,106.689828,37.5,270,0,60,6
4G-GCO022M-TGG,4G-GCO022M12-TGG,10.40381,106.633,42,130,0,60,6
UL_GCO023M_TGG,4G-GCO023M11-TGG,10.41619,106.61461,42,300,0,60,6
UL_GCO024M_TGG,4G-GCO024M12-TGG,10.46981,106.65259,40,180,0,60,6
4G-GCO027M-TGG,4G-GCO027M12-TGG,10.3551,106.6623,35,90,0,60,6
4G-GCO027M-TGG,4G-GCO027M13-TGG,10.3551,106.6623,35,280,0,60,6
4G-GCO030M-TGG,4G-GCO030M11-TGG,10.390195,106.678353,39,330,0,60,6
4G-GCO030M-TGG,4G-GCO030M12-TGG,10.390195,106.678353,39,100,0,60,6
UL_GCO031M_TGG,4G-GCO031M12-TGG,10.45166,106.6489,40,180,0,60,6
UL_GCO032M_TGG,4G-GCO032M11-TGG,10.41618,106.67521,36,330,0,60,6
UL_GCO032M_TGG,4G-GCO032M13-TGG,10.41618,106.67521,36,190,0,60,6
4G-GCO033M-TGG,4G-GCO033M11-TGG,10.356,106.67061,33,0,0,60,6
UL_GCO037M_TGG,4G-GCO037M11-TGG,10.39134,106.64355,40,0,0,60,6
UL_GCO037M_TGG,4G-GCO037M12-TGG,10.39134,106.64355,40,120,0,60,6
UL_GCO037M_TGG,4G-GCO037M13-TGG,10.39134,106.64355,40,240,0,60,6
UL_GCO038M_TGG,4G-GCO038M11-TGG,10.34426,106.682,34,0,0,60,6
4G-GCT001M-TGG,4G-GCT001M12-TGG,10.35859,106.57676,36,130,0,60,6
4G-GCT002M-TGG,4G-GCT002M11-TGG,10.403204,106.597434,33,0,0,60,6
4G-GCT002M-TGG,4G-GCT002M13-TGG,10.403204,106.597434,33,240,0,60,6
4G-GCT003M-TGG,4G-GCT003M11-TGG,10.33058,106.65951,36,40,0,60,6
4G-GCT003M-TGG,4G-GCT003M12-TGG,10.33058,106.65951,36,120,0,60,6
4G-GCT004M-TGG,4G-GCT004M12-TGG,10.33568,106.67779,32,70,0,60,6
4G-GCT005M-TGG,4G-GCT005M13-TGG,10.40299,106.57242,39,270,0,60,6
LN-GCT006M-TGG,4G-GCT006M13-TGG,10.34453,106.58064,37,230,0,60,6
4G-GCT008M-TGG,4G-GCT008M11-TGG,10.31719,106.61172,36,310,0,60,6
4G-GCT008M-TGG,4G-GCT008M13-TGG,10.31719,106.61172,36,200,0,60,6
4G-GCT009M-TGG,4G-GCT009M13-TGG,10.29158,106.65331,34,270,0,60,6
4G-GCT014M-TGG,4G-GCT014M12-TGG,10.33652,106.5557,36,190,0,60,6
4G-GCT014M-TGG,4G-GCT014M13-TGG,10.33652,106.5557,36,270,0,60,6
4G-GCT016M-TGG,4G-GCT016M12-TGG,10.29624,106.57037,33,120,0,60,6
4G-GCT017M-TGG,4G-GCT017M12-TGG,10.3491,106.63084,34,170,0,60,6
4G-GCT022M-TGG,4G-GCT022M11-TGG,10.31808,106.63348,45,330,0,60,6
4G-GCT023M-TGG,4G-GCT023M11-TGG,10.34346,106.59729,34,0,0,60,6
4G-GCT024M-TGG,4G-GCT024M13-TGG,10.33792,106.62069,33,220,0,60,6
4G-GCT025M-TGG,4G-GCT025M12-TGG,10.30619,106.59217,37,150,0,60,6
4G-GCT027M-TGG,4G-GCT027M13-TGG,10.359083,106.645101,40,250,0,60,6
4G-GCT028M-TGG,4G-GCT028M11-TGG,10.3439,106.56918,40,0,0,60,6
4G-GCT028M-TGG,4G-GCT028M12-TGG,10.3439,106.56918,40,70,0,60,6
4G-GCT028M-TGG,4G-GCT028M13-TGG,10.3439,106.56918,40,270,0,60,6
LN-GCT029M-TGG,4G-GCT029M11-TGG,10.35083,106.57809,36,0,0,60,6
LN-GCT029M-TGG,4G-GCT029M12-TGG,10.35083,106.57809,36,120,0,60,6
4G-GCT032M-TGG,4G-GCT032M11-TGG,10.3772,106.579003,42,0,0,60,6
4G-GCT032M-TGG,4G-GCT032M13-TGG,10.3772,106.579003,42,220,0,60,6
4G-GCT035M-TGG,4G-GCT035M11-TGG,10.29163,106.59509,38,0,0,60,6
4G-GCT036M-TGG,4G-GCT036M13-TGG,10.31132,106.65162,37,240,0,60,6
4G-GCT037M-TGG,4G-GCT037M11-TGG,10.37276,106.55926,40,340,0,60,6
4G-GCT037M-TGG,4G-GCT037M12-TGG,10.37276,106.55926,40,70,0,60,6
4G-GCT037M-TGG,4G-GCT037M13-TGG,10.37276,106.55926,40,260,0,60,6
4G-GCT038M-TGG,4G-GCT038M12-TGG,10.34292,106.54284,42,100,0,60,6
UL_GCT039M_TGG,4G-GCT039M11-TGG,10.300577,106.550474,40,10,0,60,6
UL_GCT039M_TGG,4G-GCT039M12-TGG,10.300577,106.550474,40,80,0,60,6
4G-GCT041M-TGG,4G-GCT041M13-TGG,10.37331,106.59595,42,250,0,60,6
4G-GCT042M-TGG,4G-GCT042M11-TGG,10.356157,106.586206,42,340,0,60,6
4G-GCT045M-TGG,4G-GCT045M11-TGG,10.303904,106.641489,42,50,0,60,6
4G-GCT046M-TGG,4G-GCT046M12-TGG,10.357491,106.603813,42,100,0,60,6
4G-GCT047M-TGG,4G-GCT047M11-TGG,10.357239,106.61895,42,20,0,60,6
4G-GCT047M-TGG,4G-GCT047M13-TGG,10.357239,106.61895,42,260,0,60,6
4G-GCT048M-TGG,4G-GCT048M11-TGG,10.354674,106.541347,42,70,0,60,6
4G-GCT048M-TGG,4G-GCT048M13-TGG,10.354674,106.541347,42,290,0,60,6
4G-GCT049M-TGG,4G-GCT049M13-TGG,10.3567,106.63624,42,270,0,60,6
4G-GCT052M-TGG,4G-GCT052M11-TGG,10.309746,106.579089,40,30,0,60,6
4G-GCT052M-TGG,4G-GCT052M13-TGG,10.309746,106.579089,40,220,0,60,6
4G-GCT057M-TGG,4G-GCT057M11-TGG,10.32561,106.64479,40,0,0,60,6
4G-GCT057M-TGG,4G-GCT057M12-TGG,10.32561,106.64479,40,120,0,60,6
4G-GCT057M-TGG,4G-GCT057M13-TGG,10.32561,106.64479,40,240,0,60,6
4G-GCT059M-TGG,4G-GCT059M11-TGG,10.33115,106.56719,40.5,0,0,60,6
UL_GCT700B_TGG,4G-GCT700M11-TGG,10.411553,106.549436,35,320,0,60,6
4G-GTR003M-BTE,4G-GTR003M13-BTE,10.2196,106.4927,37,230,0,60,6
SL-GTR004M-BTE,4G-GTR004M11-BTE,10.21163,106.45799,42,10,0,60,6
SL-GTR004M-BTE,4G-GTR004M12-BTE,10.21163,106.45799,42,130,0,60,6
SL-GTR004M-BTE,4G-GTR004M13-BTE,10.21163,106.45799,42,290,0,60,6
LN-GTR005M-BTE,4G-GTR005M11-BTE,10.14986,106.5065,42,0,0,60,6
4G-GTR007M-BTE,4G-GTR007M11-BTE,10.09884,106.49899,40,0,0,60,6
4G-GTR009M-BTE,4G-GTR009M11-BTE,10.15107,106.44242,37,50,0,60,6
LN-GTR012M-BTE,4G-GTR012M11-BTE,10.22083,106.43695,39,310,0,60,6
LN-GTR012M-BTE,4G-GTR012M12-BTE,10.22083,106.43695,39,130,0,60,6
LN-GTR012M-BTE,4G-GTR012M13-BTE,10.22083,106.43695,39,240,0,60,6
4G-GTR017M-BTE,4G-GTR017M12-BTE,10.18645,106.38807,39,130,0,60,6
4G-GTR023M-BTE,4G-GTR023M12-BTE,10.1441,106.5202,42,90,0,60,6
4G-GTR027M-BTE,4G-GTR027M12-BTE,10.199739,106.512975,36,100,0,60,6
SL-GTR028M-BTE,4G-GTR028M12-BTE,10.12008,106.445581,40,120,0,60,6
4G-GTR032M-BTE,4G-GTR032M12-BTE,10.1133,106.5162,42,100,0,60,6
4G-GTR033M-BTE,4G-GTR033M11-BTE,10.209431,106.424025,41,0,0,60,6
4G-GTR036M-BTE,4G-GTR036M13-BTE,10.2063,106.5017,40.5,230,0,60,6
4G-GTR038M-BTE,4G-GTR038M13-BTE,10.155266,106.395881,39,240,0,60,6
4G-GTR039M-BTE,4G-GTR039M12-BTE,10.15856,106.516833,41,120,0,60,6
4G-GTR039M-BTE,4G-GTR039M13-BTE,10.15856,106.516833,41,260,0,60,6
4G-GTR041M-BTE,4G-GTR041M11-BTE,10.13551,106.50401,40,10,0,60,6
4G-GTR041M-BTE,4G-GTR041M12-BTE,10.13551,106.50401,40,140,0,60,6
4G-GTR042M-BTE,4G-GTR042M11-BTE,10.2368,106.436,40,0,0,60,6
4G-GTR042M-BTE,4G-GTR042M13-BTE,10.2368,106.436,40,230,0,60,6
4G-GTR043M-BTE,4G-GTR043M11-BTE,10.148267,106.416674,39,340,0,60,6
4G-GTR044M-BTE,4G-GTR044M12-BTE,10.130717,106.400758,40,150,0,60,6
4G-GTR044M-BTE,4G-GTR044M13-BTE,10.130717,106.400758,40,240,0,60,6
LN-GTR046M-BTE,4G-GTR046M13-BTE,10.165162,106.453245,40,250,0,60,6
LN-GTR047M-BTE,4G-GTR047M11-BTE,10.132032,106.461178,40.5,330,0,60,6
LN-GTR047M-BTE,4G-GTR047M12-BTE,10.132032,106.461178,40.5,110,0,60,6
LN-GTR047M-BTE,4G-GTR047M13-BTE,10.132032,106.461178,40.5,190,0,60,6
4G-GTR048M-BTE,4G-GTR048M13-BTE,10.119123,106.42769,40,280,0,60,6
UL_GTR049M_BTE,4G-GTR049M11-BTE,10.22819,106.42583,40,325,0,60,6
UL_GTR049M_BTE,4G-GTR049M12-BTE,10.22819,106.42583,40,85,0,60,6
UL_GTR049M_BTE,4G-GTR049M13-BTE,10.22819,106.42583,40,200,0,60,6
4G-GTR053M-BTE,4G-GTR053M13-BTE,10.117003,106.456541,40,225,0,60,6
4G-GTR054M-BTE,4G-GTR054M11-BTE,10.22398,106.48155,40,30,0,60,6
4G-GTR056M-BTE,4G-GTR056M12-BTE,10.150605,106.457203,40,140,0,60,6
4G-GTR057M-BTE,4G-GTR057M13-BTE,10.091324,106.492176,40,290,0,60,6
4G-GTR703B-BTE,4G-GTR703M11-BTE,10.160748,106.426063,40,290,0,60,6
4G-GTR703B-BTE,4G-GTR703M12-BTE,10.160748,106.426063,40,10,0,60,6
4G-GTR703B-BTE,4G-GTR703M13-BTE,10.160748,106.426063,40,110,0,60,6
4G-GTR704B-BTE,4G-GTR704M17-BTE,10.167435,106.389154,40,350,0,60,6
4G-GTR704B-BTE,4G-GTR704M18-BTE,10.167435,106.389154,40,160,0,60,6
UL_GTR705B_BTE,4G-GTR705M11-BTE,10.133017,106.490482,36,20,0,60,6
UL_GTR706B_BTE,4G-GTR706M11-BTE,10.113105,106.48673,40,310,0,60,6
UL_GTR706B_BTE,4G-GTR706M12-BTE,10.113105,106.48673,40,150,0,60,6
4G-GTR707B-BTE,4G-GTR707M11-BTE,10.100164,106.515301,40,90,0,60,6
4G-GTR707B-BTE,4G-GTR707M12-BTE,10.100164,106.515301,40,200,0,60,6
4G-GTR707B-BTE,4G-GTR707M13-BTE,10.100164,106.515301,40,280,0,60,6
UL_GTR708B_BTE,4G-GTR708M11-BTE,10.182474,106.574843,40,320,0,60,6
UL_GTR708B_BTE,4G-GTR708M12-BTE,10.182474,106.574843,40,110,0,60,6
UL_GVA055M_HCM,4G-GVA055M11-HCM,10.83124,106.64193,21,60,0,60,6
UL_GVA168M_HCM,4G-GVA168M11-HCM,10.8359,106.66956,33,15,0,60,6
UL_GVA170M_HCM,4G-GVA170M13-HCM,10.838351,106.652791,21,230,0,60,6
4G-HCL002M-DTP,4G-HCL002M13-DTP,10.382732,105.772032,35,270,0,60,6
4G-HCL002M-TGG,4G-HCL002M13-TGG,10.4455,106.07544,37,200,0,60,6
4G-HCL004M-DTP,4G-HCL004M12-DTP,10.46594,105.6644,37,90,0,60,6
4G-HCL006M-DTP,4G-HCL006M11-DTP,10.630354,105.667558,40.5,0,0,60,6
4G-HCL006M-TGG,4G-HCL006M11-TGG,10.40386,106.05025,34,60,0,60,6
4G-HCL006M-DTP,4G-HCL006M12-DTP,10.630354,105.667558,40.5,170,0,60,6
4G-HCL006M-DTP,4G-HCL006M13-DTP,10.630354,105.667558,40.5,260,0,60,6
4G-HCL007M-DTP,4G-HCL007M11-DTP,10.446036,105.778295,40.5,90,0,60,6
UL_HCL008M_DTP,4G-HCL008M12-DTP,10.528299,105.704451,37.5,120,0,60,6
4G-HCL010M-DTP,4G-HCL010M11-DTP,10.602602,105.665227,38,0,0,60,6
SL-HCL013M-DTP,4G-HCL013M11-DTP,10.318914,105.807674,40.5,350,0,60,6
4G-HCL016M-TGG,4G-HCL016M12-TGG,10.37331,106.04241,34,120,0,60,6
4G-HCL016M-DTP,4G-HCL016M13-DTP,10.459558,105.696939,40.5,210,0,60,6
UL_HCL018M_DTP,4G-HCL018M12-DTP,10.606022,105.635315,36,120,0,60,6
UL_HCL018M_DTP,4G-HCL018M13-DTP,10.606022,105.635315,36,200,0,60,6
4G-HCL019M-DTP,4G-HCL019M12-DTP,10.471968,105.742468,37.5,120,0,60,6
4G-HCL020M-DTP,4G-HCL020M12-DTP,10.601456,105.707839,40.5,110,0,60,6
4G-HCL022M-TGG,4G-HCL022M13-TGG,10.30223,106.06321,33,270,0,60,6
4G-HCL027M-DTP,4G-HCL027M11-DTP,10.447444,105.695046,40.5,0,0,60,6
4G-HCL028M-TGG,4G-HCL028M11-TGG,10.42438,106.09823,36,330,0,60,6
4G-HCL028M-TGG,4G-HCL028M12-TGG,10.42438,106.09823,36,90,0,60,6
4G-HCL028M-TGG,4G-HCL028M13-TGG,10.42438,106.09823,36,240,0,60,6
4G-HCL029M-DTP,4G-HCL029M12-DTP,10.435355,105.68784,34,170,0,60,6
4G-HCL030M-DTP,4G-HCL030M11-DTP,10.479037,105.716517,32.5,10,0,60,6
4G-HCL030M-DTP,4G-HCL030M12-DTP,10.479037,105.716517,32.5,120,0,60,6
4G-HCL030M-DTP,4G-HCL030M13-DTP,10.479037,105.716517,32.5,220,0,60,6
UL_HCL033M_DTP,4G-HCL033M11-DTP,10.502111,105.665356,41,10,0,60,6
UL_HCL033M_DTP,4G-HCL033M13-DTP,10.502111,105.665356,41,210,0,60,6
UL_HCL035M_TGG,4G-HCL035M12-TGG,10.286801,106.084201,40,120,0,60,6
4G-HCL036M-DTP,4G-HCL036M12-DTP,10.38755,105.805277,40,90,0,60,6
4G-HCL037M-DTP,4G-HCL037M12-DTP,10.641148,105.63679,35,110,0,60,6
UL_HCL038M_DTP,4G-HCL038M13-DTP,10.440244,105.696089,34.5,230,0,60,6
UL_HCL039M_TGG,4G-HCL039M11-TGG,10.40252,106.07984,40,30,0,60,6
UL_HCL041M_TGG,4G-HCL041M11-TGG,10.38891,106.10755,41,90,0,60,6
UL_HCL041M_TGG,4G-HCL041M13-TGG,10.38891,106.10755,41,280,0,60,6
UL_HCL043M_TGG,4G-HCL043M11-TGG,10.32495,106.07578,40,90,0,60,6
4G-HCL043M-DTP,4G-HCL043M12-DTP,10.339242,105.792775,37.5,120,0,60,6
UL_HCL043M_TGG,4G-HCL043M12-TGG,10.32495,106.07578,40,180,0,60,6
4G-HCL043M-DTP,4G-HCL043M13-DTP,10.339242,105.792775,37.5,240,0,60,6
UL_HCL043M_TGG,4G-HCL043M13-TGG,10.32495,106.07578,40,270,0,60,6
UL_HCL045M_DTP,4G-HCL045M11-DTP,10.366919,105.775945,40.5,350,0,60,6
UL_HCL045M_TGG,4G-HCL045M11-TGG,10.52277,106.08353,41,0,0,60,6
UL_HCL045M_TGG,4G-HCL045M12-TGG,10.52277,106.08353,41,150,0,60,6
4G-HCL046M-DTP,4G-HCL046M12-DTP,10.3173,105.78996,40.5,130,0,60,6
UL_HCL046M_TGG,4G-HCL046M12-TGG,10.33067,106.17369,39,50,0,60,6
4G-HCL049M-DTP,4G-HCL049M11-DTP,10.403389,105.786686,40,330,0,60,6
UL_HCL049M_TGG,4G-HCL049M11-TGG,10.33581,106.10471,41,0,0,60,6
4G-HCL049M-DTP,4G-HCL049M13-DTP,10.403389,105.786686,40,170,0,60,6
UL_HCL050M_TGG,4G-HCL050M12-TGG,10.3514,106.03797,38,120,0,60,6
UL_HCL050M_TGG,4G-HCL050M13-TGG,10.3514,106.03797,38,240,0,60,6
UL_HCL051M_TGG,4G-HCL051M11-TGG,10.41517,106.03661,36,0,0,60,6
UL_HCL052M_TGG,4G-HCL052M11-TGG,10.42221,106.08287,40,320,0,60,6
UL_HCL052M_TGG,4G-HCL052M12-TGG,10.42221,106.08287,40,100,0,60,6
UL_HCL053M_DTP,4G-HCL053M11-DTP,10.420085,105.742795,40.5,30,0,60,6
UL_HCL053M_DTP,4G-HCL053M12-DTP,10.420085,105.742795,40.5,120,0,60,6
4G-HCL053M-TGG,4G-HCL053M13-TGG,10.49874,106.08605,41.8,280,0,60,6
4G-HCL054M-TGG,4G-HCL054M11-TGG,10.30833,106.13466,41,0,0,60,6
UL_HCL055M_DTP,4G-HCL055M12-DTP,10.375543,105.759776,40.5,120,0,60,6
UL_HCL056M_DTP,4G-HCL056M11-DTP,10.425418,105.690985,39,310,0,60,6
4G-HCL056M-TGG,4G-HCL056M11-TGG,10.3864,106.0458,41,0,0,60,6
UL_HCL056M_DTP,4G-HCL056M12-DTP,10.425418,105.690985,39,120,0,60,6
4G-HCL056M-TGG,4G-HCL056M12-TGG,10.3864,106.0458,41,120,0,60,6
UL_HCL056M_DTP,4G-HCL056M13-DTP,10.425418,105.690985,39,230,0,60,6
4G-HCL056M-TGG,4G-HCL056M13-TGG,10.3864,106.0458,41,250,0,60,6
UL_HCL058M_DTP,4G-HCL058M13-DTP,10.5323,105.5976,37.5,270,0,60,6
UL_HCL059M_DTP,4G-HCL059M11-DTP,10.44423,105.685548,37.5,300,0,60,6
UL_HCL059M_DTP,4G-HCL059M12-DTP,10.44423,105.685548,37.5,90,0,60,6
UL_HCL059M_DTP,4G-HCL059M13-DTP,10.44423,105.685548,37.5,180,0,60,6
4G-HCL059M-TGG,4G-HCL059M13-TGG,10.41953,106.05595,41,240,0,60,6
UL_HCL060M_DTP,4G-HCL060M11-DTP,10.529649,105.660249,40.5,340,0,60,6
4G-HCL060M-TGG,4G-HCL060M11-TGG,10.46139,106.04432,41,350,0,60,6
UL_HCL060M_DTP,4G-HCL060M12-DTP,10.529649,105.660249,40.5,180,0,60,6
4G-HCL060M-TGG,4G-HCL060M12-TGG,10.46139,106.04432,41,100,0,60,6
UL_HCL060M_DTP,4G-HCL060M13-DTP,10.529649,105.660249,40.5,270,0,60,6
LN-HCL061M-TGG,4G-HCL061M11-TGG,10.407875,106.080649,40,30,0,60,6
LN-HCL061M-TGG,4G-HCL061M12-TGG,10.407875,106.080649,40,160,0,60,6
LN-HCL061M-TGG,4G-HCL061M13-TGG,10.407875,106.080649,40,270,0,60,6
4G-HCL063M-DTP,4G-HCL063M11-DTP,10.65148,105.65816,40,10,0,60,6
4G-HCL063M-DTP,4G-HCL063M12-DTP,10.65148,105.65816,40,110,0,60,6
UL_HCL064M_DTP,4G-HCL064M11-DTP,10.46835,105.70787,40,60,0,60,6
4G-HCL064M-TGG,4G-HCL064M12-TGG,10.469754,106.053437,40.5,90,0,60,6
4G-HCL064M-TGG,4G-HCL064M13-TGG,10.469754,106.053437,40.5,190,0,60,6
4G-HCL065M-TGG,4G-HCL065M11-TGG,10.4591,106.0734,40,0,0,60,6
4G-HCL065M-TGG,4G-HCL065M12-TGG,10.4591,106.0734,40,120,0,60,6
4G-HCL065M-TGG,4G-HCL065M13-TGG,10.4591,106.0734,40,240,0,60,6
4G-HCL066M-DTP,4G-HCL066M11-DTP,10.6023,105.6831,40,0,0,60,6
4G-HCL066M-DTP,4G-HCL066M13-DTP,10.6023,105.6831,40,190,0,60,6
4G-HCL067M-DTP,4G-HCL067M11-DTP,10.414625,105.700141,40,0,0,60,6
4G-HCL067M-DTP,4G-HCL067M12-DTP,10.414625,105.700141,40,120,0,60,6
4G-HCL067M-DTP,4G-HCL067M13-DTP,10.414625,105.700141,40,240,0,60,6
4G-HCL069M-DTP,4G-HCL069M12-DTP,10.441726,105.792936,40,120,0,60,6
4G-HCL069M-DTP,4G-HCL069M13-DTP,10.441726,105.792936,40,180,0,60,6
4G-HCL070M-TGG,4G-HCL070M11-TGG,10.40061,106.0612,42,350,0,60,6
4G-HCL070M-TGG,4G-HCL070M12-TGG,10.40061,106.0612,42,70,0,60,6
4G-HCL070M-TGG,4G-HCL070M13-TGG,10.40061,106.0612,42,230,0,60,6
4G-HCL073M-TGG,4G-HCL073M12-TGG,10.34044,106.07124,40,100,0,60,6
4G-HCL073M-TGG,4G-HCL073M13-TGG,10.34044,106.07124,40,180,0,60,6
4G-HCL075M-TGG,4G-HCL075M11-TGG,10.43527,106.09256,40,0,0,60,6
4G-HCL075M-TGG,4G-HCL075M12-TGG,10.43527,106.09256,40,160,0,60,6
4G-HCL075M-TGG,4G-HCL075M13-TGG,10.43527,106.09256,40,270,0,60,6
4G-HCL078M-TGG,4G-HCL078M11-TGG,10.32711,106.11295,40.5,0,0,60,6
4G-HCL078M-TGG,4G-HCL078M13-TGG,10.32711,106.11295,40.5,260,0,60,6
4G-HCL080M-TGG,4G-HCL080M12-TGG,10.34118,106.11482,40.5,80,0,60,6
4G-HCL080M-TGG,4G-HCL080M13-TGG,10.34118,106.11482,40.5,230,0,60,6
UL_HCL701B_TGG,4G-HCL701M11-TGG,10.33956,106.08161,40,10,0,60,6
UL_HCL701B_TGG,4G-HCL701M12-TGG,10.33956,106.08161,40,180,0,60,6
UL_HCL706B_DTP,4G-HCL706M11-DTP,10.449311,105.716294,40,60,0,60,6
UL_HCL707B_DTP,4G-HCL707M11-DTP,10.40341,105.72596,40,330,0,60,6
UL_HCL707B_DTP,4G-HCL707M12-DTP,10.40341,105.72596,40,170,0,60,6
UL_HCL708B_DTP,4G-HCL708M11-DTP,10.44461,105.72908,40,90,0,60,6
UL_HCL709B_DTP,4G-HCL709M11-DTP,10.42866,105.75076,40,10,0,60,6
UL_HCL710B_DTP,4G-HCL710M12-DTP,10.33746,105.76891,40,90,0,60,6
4G-HCL711B-DTP,4G-HCL711M11-DTP,10.3408,105.7758,37,30,0,60,6
4G-HCL711B-DTP,4G-HCL711M12-DTP,10.3408,105.7758,37,120,0,60,6
4G-HDH001M-TVH,4G-HDH001M12-TVH,9.56409,106.36304,35,130,0,60,6
4G-HDH003M-TVH,4G-HDH003M11-TVH,9.57731,106.48842,36,80,0,60,6
4G-HDH003M-TVH,4G-HDH003M12-TVH,9.57731,106.48842,36,130,0,60,6
4G-HDH003M-TVH,4G-HDH003M13-TVH,9.57731,106.48842,36,240,0,60,6
4G-HDH014M-TVH,4G-HDH014M11-TVH,9.64327,106.34101,34,340,0,60,6
4G-HDH014M-TVH,4G-HDH014M13-TVH,9.64327,106.34101,34,240,0,60,6
4G-HDH016M-TVH,4G-HDH016M12-TVH,9.60218,106.41991,41,90,0,60,6
4G-HDH018M-TVH,4G-HDH018M11-TVH,9.59986,106.33558,40,350,0,60,6
4G-HDH022M-TVH,4G-HDH022M11-TVH,9.667497,106.450701,40,340,0,60,6
4G-HDH022M-TVH,4G-HDH022M12-TVH,9.667497,106.450701,40,70,0,60,6
4G-HDH022M-TVH,4G-HDH022M13-TVH,9.667497,106.450701,40,260,0,60,6
4G-HDH023M-TVH,4G-HDH023M12-TVH,9.601286,106.375874,40,80,0,60,6
4G-HDH023M-TVH,4G-HDH023M13-TVH,9.601286,106.375874,40,270,0,60,6
4G-HDH024M-TVH,4G-HDH024M11-TVH,9.6511,106.3605,40,0,0,60,6
4G-HDH024M-TVH,4G-HDH024M12-TVH,9.6511,106.3605,40,70,0,60,6
4G-HDH024M-TVH,4G-HDH024M13-TVH,9.6511,106.3605,40,240,0,60,6
LN-HDH025M-TVH,4G-HDH025M11-TVH,9.562962,106.453985,40,50,0,60,6
LN-HDH026M-TVH,4G-HDH026M11-TVH,9.5801,106.4995,40,310,0,60,6
LN-HDH026M-TVH,4G-HDH026M12-TVH,9.5801,106.4995,40,80,0,60,6
4G-HDH029M-TVH,4G-HDH029M12-TVH,9.5456,106.4466,40,180,0,60,6
4G-HDH029M-TVH,4G-HDH029M13-TVH,9.5456,106.4466,40,270,0,60,6
4G-HDH701B-TVH,4G-HDH701M11-TVH,9.6142,106.457,41,80,0,60,6
4G-HHN006M-DTP,4G-HHN006M11-DTP,10.800311,105.309335,36,10,0,60,6
4G-HHN007M-DTP,4G-HHN007M11-DTP,10.827807,105.313006,41.5,30,0,60,6
4G-HHN007M-DTP,4G-HHN007M12-DTP,10.827807,105.313006,41.5,120,0,60,6
4G-HHN007M-DTP,4G-HHN007M13-DTP,10.827807,105.313006,41.5,260,0,60,6
4G-HHN010M-DTP,4G-HHN010M11-DTP,10.820962,105.280882,39,20,0,60,6
4G-HHN010M-DTP,4G-HHN010M12-DTP,10.820962,105.280882,39,90,0,60,6
4G-HHN010M-DTP,4G-HHN010M13-DTP,10.820962,105.280882,39,230,0,60,6
4G-HHN012M-DTP,4G-HHN012M11-DTP,10.811406,105.247523,23,300,0,60,6
4G-HHN012M-DTP,4G-HHN012M12-DTP,10.811406,105.247523,23,90,0,60,6
UL_HHN013M_DTP,4G-HHN013M11-DTP,10.808105,105.329405,37.5,340,0,60,6
UL_HHN013M_DTP,4G-HHN013M13-DTP,10.808105,105.329405,37.5,240,0,60,6
4G-HHN014M-DTP,4G-HHN014M11-DTP,10.796494,105.281376,34.5,350,0,60,6
4G-HHN014M-DTP,4G-HHN014M12-DTP,10.796494,105.281376,34.5,120,0,60,6
4G-HHN014M-DTP,4G-HHN014M13-DTP,10.796494,105.281376,34.5,240,0,60,6
UL_HHN018M_DTP,4G-HHN018M11-DTP,10.876192,105.30204,39,310,0,60,6
4G-HHN021M-DTP,4G-HHN021M11-DTP,10.785527,105.26119,40.5,30,0,60,6
SL-HHN025M-DTP,4G-HHN025M11-DTP,10.787544,105.326115,40,0,0,60,6
SL-HHN025M-DTP,4G-HHN025M12-DTP,10.787544,105.326115,40,100,0,60,6
4G-HHN026M-DTP,4G-HHN026M12-DTP,10.75752,105.327571,40,80,0,60,6
UL_HHN027M_DTP,4G-HHN027M11-DTP,10.823679,105.297126,40,100,0,60,6
UL_HHN027M_DTP,4G-HHN027M13-DTP,10.823679,105.297126,40,270,0,60,6
UL_HHN029M_DTP,4G-HHN029M11-DTP,10.81394,105.26297,40.5,80,0,60,6
UL_HHN030M_DTP,4G-HHN030M11-DTP,10.786972,105.302774,38.5,20,0,60,6
UL_HHN030M_DTP,4G-HHN030M12-DTP,10.786972,105.302774,38.5,90,0,60,6
UL_HHN030M_DTP,4G-HHN030M13-DTP,10.786972,105.302774,38.5,270,0,60,6
UL_HHN032M_DTP,4G-HHN032M12-DTP,10.781559,105.281484,40.5,100,0,60,6
UL_HHN032M_DTP,4G-HHN032M13-DTP,10.781559,105.281484,40.5,290,0,60,6
UL_HHN033M_DTP,4G-HHN033M11-DTP,10.84457,105.32744,41,0,0,60,6
UL_HHN033M_DTP,4G-HHN033M12-DTP,10.84457,105.32744,41,150,0,60,6
UL_HHN036M_DTP,4G-HHN036M11-DTP,10.742326,105.349295,40.5,340,0,60,6
UL_HHN037M_DTP,4G-HHN037M12-DTP,10.765887,105.34092,40,110,0,60,6
UL_HHN037M_DTP,4G-HHN037M13-DTP,10.765887,105.34092,40,220,0,60,6
4G-HHN041M-DTP,4G-HHN041M12-DTP,10.89584,105.20138,40,150,0,60,6
SL-HHN042M-DTP,4G-HHN042M11-DTP,10.78668,105.31441,40,0,0,60,6
4G-HHN043M-DTP,4G-HHN043M11-DTP,10.788509,105.337674,40,340,0,60,6
UL_HHN704B_DTP,4G-HHN704M11-DTP,10.82187,105.23952,40,140,0,60,6
UL_HHN705B_DTP,4G-HHN705M11-DTP,10.859178,105.212258,37,340,0,60,6
UL_HHN705B_DTP,4G-HHN705M12-DTP,10.859178,105.212258,37,120,0,60,6
UL_HHN706B_DTP,4G-HHN706M11-DTP,10.82401,105.22912,40,340,0,60,6
UL_HHN706B_DTP,4G-HHN706M12-DTP,10.82401,105.22912,40,160,0,60,6
4G-HMO001M-HCM,4G-HMO001M11-HCM,10.909778,106.664376,25,350,0,60,6
4G-HMO002M-HCM,4G-HMO002M13-HCM,10.875113,106.581674,30,260,0,60,6
4G-HMO007M-HCM,4G-HMO007M13-HCM,10.90955,106.5932,22,260,0,60,6
UL_HMO009M_HCM,4G-HMO009M13-HCM,10.84999,106.60889,29,270,0,60,6
4G-HMO013M-HCM,4G-HMO013M11-HCM,10.90209,106.65121,28,10,0,60,6
UL_HMO014M_HCM,4G-HMO014M11-HCM,10.86582,106.56222,24,0,0,60,6
4G-HMO017M-HCM,4G-HMO017M11-HCM,10.909086,106.5713,31,60,0,60,6
4G-HMO020M-HCM,4G-HMO020M11-HCM,10.901,106.61033,27,10,0,60,6
UL_HMO022M_HCM,4G-HMO022M12-HCM,10.83211,106.59469,25,110,0,60,6
4G-HMO026M-HCM,4G-HMO026M11-HCM,10.901868,106.63105,36,60,0,60,6
4G-HMO033M-HCM,4G-HMO033M13-HCM,10.8853,106.6163,24,250,0,60,6
4G-HMO039M-HCM,4G-HMO039M11-HCM,10.859579,106.57368,26,20,0,60,6
UL_HMO041M_HCM,4G-HMO041M11-HCM,10.86124,106.60912,21,10,0,60,6
4G-HMO051M-HCM,4G-HMO051M12-HCM,10.86591,106.57713,27,90,0,60,6
4G-HMO054M-HCM,4G-HMO054M11-HCM,10.902093,106.58923,27,0,0,60,6
UL_HMO068M_HCM,4G-HMO068M11-HCM,10.91685,106.56281,24,290,0,60,6
4G-HMO069M-HCM,4G-HMO069M13-HCM,10.896785,106.573178,23,230,0,60,6
4G-HMO071M-HCM,4G-HMO071M11-HCM,10.89714,106.61546,26,0,0,60,6
4G-HMO071M-HCM,4G-HMO071M12-HCM,10.89714,106.61546,26,120,0,60,6
4G-HMO072M-HCM,4G-HMO072M12-HCM,10.85103,106.59674,28,120,0,60,6
4G-HMO073M-HCM,4G-HMO073M12-HCM,10.90631,106.6372,24,110,0,60,6
4G-HMO076M-HCM,4G-HMO076M11-HCM,10.915366,106.585966,28,0,0,60,6
4G-HMO079M-HCM,4G-HMO079M11-HCM,10.90895,106.65008,28,0,0,60,6
4G-HMO079M-HCM,4G-HMO079M13-HCM,10.90895,106.65008,28,200,0,60,6
4G-HMO081M-HCM,4G-HMO081M13-HCM,10.89135,106.6013,28,260,0,60,6
4G-HMO083M-HCM,4G-HMO083M11-HCM,10.901753,106.602602,27,30,0,60,6
4G-HMO083M-HCM,4G-HMO083M13-HCM,10.901753,106.602602,27,270,0,60,6
4G-HMO084M-HCM,4G-HMO084M11-HCM,10.876964,106.616854,28,0,0,60,6
4G-HMO084M-HCM,4G-HMO084M13-HCM,10.876964,106.616854,28,230,0,60,6
GL_HMO089M_HCM,4G-HMO089M11-HCM,10.878326,106.566188,30,10,0,60,6
4G-HMO092M-HCM,4G-HMO092M12-HCM,10.884919,106.578618,24,120,0,60,6
4G-HMO092M-HCM,4G-HMO092M13-HCM,10.884919,106.578618,24,260,0,60,6
4G-HMO098M-HCM,4G-HMO098M13-HCM,10.898469,106.627117,22,220,0,60,6
GL_HMO100M_HCM,4G-HMO100M13-HCM,10.83707,106.58732,21,290,0,60,6
4G-HMO103M-HCM,4G-HMO103M13-HCM,10.890701,106.616063,27,240,0,60,6
4G-HMO106M-HCM,4G-HMO106M12-HCM,10.86816,106.56859,27,150,0,60,6
4G-HMO107M-HCM,4G-HMO107M11-HCM,10.88088,106.57428,27,330,0,60,6
4G-HMO107M-HCM,4G-HMO107M13-HCM,10.88088,106.57428,27,230,0,60,6
4G-HMO108M-HCM,4G-HMO108M11-HCM,10.88288,106.54218,27,30,0,60,6
4G-HMO108M-HCM,4G-HMO108M12-HCM,10.88288,106.54218,27,195,0,60,6
4G-HMO108M-HCM,4G-HMO108M13-HCM,10.88288,106.54218,27,270,0,60,6
4G-HMO117M-HCM,4G-HMO117M11-HCM,10.91856,106.6732,27,10,0,60,6
UL_HMO121M_HCM,4G-HMO121M11-HCM,10.84078,106.59678,24,0,0,60,6
UL_HMO121M_HCM,4G-HMO121M13-HCM,10.84078,106.59678,24,230,0,60,6
UL_HMO128M_HCM,4G-HMO128M12-HCM,10.90179,106.59496,27,120,0,60,6
UL_HMO129M_HCM,4G-HMO129M11-HCM,10.82712,106.60332,20,20,0,60,6
UL_HMO129M_HCM,4G-HMO129M12-HCM,10.82712,106.60332,20,90,0,60,6
UL_HMO138M_HCM,4G-HMO138M13-HCM,10.8693,106.55885,27,240,0,60,6
UL_HMO139M_HCM,4G-HMO139M13-HCM,10.91097,106.67488,23,240,0,60,6
UL_HMO140M_HCM,4G-HMO140M11-HCM,10.861842,106.584202,18,300,0,60,6
UL_HMO140M_HCM,4G-HMO140M13-HCM,10.861842,106.584202,18,220,0,60,6
UL_HMO143M_HCM,4G-HMO143M12-HCM,10.8327,106.60569,21,130,0,60,6
UL_HMO148M_HCM,4G-HMO148M12-HCM,10.90583,106.63202,24,120,0,60,6
UL_HMO148M_HCM,4G-HMO148M13-HCM,10.90583,106.63202,24,220,0,60,6
UL_HMO149M_HCM,4G-HMO149M12-HCM,10.90796,106.58673,24,110,0,60,6
UL_HMO152M_HCM,4G-HMO152M13-HCM,10.89136,106.62782,27,270,0,60,6
UL_HMO157M_HCM,4G-HMO157M11-HCM,10.856346,106.56977,22,0,0,60,6
UL_HMO157M_HCM,4G-HMO157M12-HCM,10.856346,106.56977,22,130,0,60,6
UL_HMO157M_HCM,4G-HMO157M13-HCM,10.856346,106.56977,22,240,0,60,6
UL_HMO159M_HCM,4G-HMO159M12-HCM,10.91091,106.59928,22,140,0,60,6
UL_HMO159M_HCM,4G-HMO159M13-HCM,10.91091,106.59928,22,240,0,60,6
UL_HMO160M_HCM,4G-HMO160M12-HCM,10.880264,106.601431,21,130,0,60,6
UL_HMO160M_HCM,4G-HMO160M13-HCM,10.880264,106.601431,21,220,0,60,6
UL_HMO170M_HCM,4G-HMO170M11-HCM,10.87664,106.59658,22.5,10,0,60,6
UL_HMO172M_HCM,4G-HMO172M11-HCM,10.90558,106.60803,37.5,0,0,60,6
UL_HMO173M_HCM,4G-HMO173M13-HCM,10.89846,106.59291,27,240,0,60,6
UL_HMO178M_HCM,4G-HMO178M12-HCM,10.87158,106.59904,22.5,100,0,60,6
UL_HMO184M_HCM,4G-HMO184M11-HCM,10.89986,106.5744,31,0,0,60,6
UL_HMO187M_HCM,4G-HMO187M11-HCM,10.88367,106.56275,24,0,0,60,6
UL_HMO187M_HCM,4G-HMO187M12-HCM,10.88367,106.56275,24,120,0,60,6
UL_HMO187M_HCM,4G-HMO187M13-HCM,10.88367,106.56275,24,240,0,60,6
UL_HMO191M_HCM,4G-HMO191M11-HCM,10.89862,106.59853,22,0,0,60,6
UL_HMO191M_HCM,4G-HMO191M12-HCM,10.89862,106.59853,22,130,0,60,6
4G-HMO201M-HCM,4G-HMO201M11-HCM,10.86005,106.56167,23,330,0,60,6
UL_HMO206M_HCM,4G-HMO206M12-HCM,10.877451,106.536279,27,140,0,60,6
SL-HMO208M-HCM,4G-HMO208M11-HCM,10.87129,106.60292,21,340,0,60,6
4G-HMO213M-HCM,4G-HMO213M11-HCM,10.915367,106.668846,29,0,0,60,6
4G-HMO219M-HCM,4G-HMO219M12-HCM,10.87161,106.53794,25,100,0,60,6
4G-HMO220M-HCM,4G-HMO220M13-HCM,10.911684,106.583834,28,270,0,60,6
4G-HMO221M-HCM,4G-HMO221M13-HCM,10.901875,106.681194,29,230,0,60,6
4G-HMO222M-HCM,4G-HMO222M11-HCM,10.90087,106.61474,28,330,0,60,6
4G-HMO225M-HCM,4G-HMO225M11-HCM,10.843864,106.566838,29,30,0,60,6
4G-HMO225M-HCM,4G-HMO225M13-HCM,10.843864,106.566838,29,260,0,60,6
4G-HMO226M-HCM,4G-HMO226M11-HCM,10.864149,106.572781,29,0,0,60,6
4G-HNG004M-DTP,4G-HNG004M12-DTP,10.809508,105.410165,36,170,0,60,6
4G-HNG008M-DTP,4G-HNG008M11-DTP,10.836044,105.363867,33,0,0,60,6
4G-HNG009M-DTP,4G-HNG009M13-DTP,10.821075,105.363816,40,240,0,60,6
4G-HNG010M-DTP,4G-HNG010M11-DTP,10.811206,105.344878,28,20,0,60,6
4G-HNG010M-DTP,4G-HNG010M12-DTP,10.811206,105.344878,28,120,0,60,6
4G-HNG022M-DTP,4G-HNG022M12-DTP,10.857155,105.357488,37,120,0,60,6
SL-HNG026M-DTP,4G-HNG026M12-DTP,10.780825,105.405966,37,80,0,60,6
UL_HNG039M_DTP,4G-HNG039M13-DTP,10.798078,105.342692,31,260,0,60,6
UL_HNG040M_DTP,4G-HNG040M11-DTP,10.824041,105.345803,40,330,0,60,6
UL_HNG053M_DTP,4G-HNG053M13-DTP,10.820031,105.327895,40.5,230,0,60,6
UL_HNG056M_DTP,4G-HNG056M11-DTP,10.80362,105.34867,37,10,0,60,6
UL_HNG057M_DTP,4G-HNG057M13-DTP,10.859805,105.342541,39,180,0,60,6
UL_HNG059M_DTP,4G-HNG059M11-DTP,10.844546,105.368986,39,330,0,60,6
UL_HNG059M_DTP,4G-HNG059M12-DTP,10.844546,105.368986,39,70,0,60,6
UL_HNG059M_DTP,4G-HNG059M13-DTP,10.844546,105.368986,39,240,0,60,6
4G-HNG064M-DTP,4G-HNG064M13-DTP,10.8109,105.35349,25,230,0,60,6
4G-HNG066M-DTP,4G-HNG066M11-DTP,10.817569,105.344908,31,0,0,60,6
SL-HNG067M-DTP,4G-HNG067M11-DTP,10.765111,105.277833,40,0,0,60,6
SL-HNG067M-DTP,4G-HNG067M13-DTP,10.765111,105.277833,40,280,0,60,6
SL-HNG068M-DTP,4G-HNG068M11-DTP,10.80284,105.32116,40,20,0,60,6
SL-HNG068M-DTP,4G-HNG068M12-DTP,10.80284,105.32116,40,120,0,60,6
SL-HNG068M-DTP,4G-HNG068M13-DTP,10.80284,105.32116,40,260,0,60,6
SL-HNG069M-DTP,4G-HNG069M11-DTP,10.839825,105.35151,40,60,0,60,6
SL-HNG069M-DTP,4G-HNG069M13-DTP,10.839825,105.35151,40,270,0,60,6
UL_HNG701B_DTP,4G-HNG701M11-DTP,10.85115,105.382849,40,60,0,60,6
UL_HNG701B_DTP,4G-HNG701M12-DTP,10.85115,105.382849,40,250,0,60,6
UL_HNG703B_DTP,4G-HNG703M11-DTP,10.82582,105.3379,34,10,0,60,6
SL-KSA001M-STG,4G-KSA001M13-STG,9.930513,105.893387,30,310,0,60,6
SL-KSA012M-STG,4G-KSA012M13-STG,9.8936,105.96172,42,220,0,60,6
SL-KSA013M-STG,4G-KSA013M13-STG,9.83888,105.95919,30,260,0,60,6
SL-KSA018M-STG,4G-KSA018M11-STG,9.75618,105.98504,34,350,0,60,6
SL-KSA019M-STG,4G-KSA019M12-STG,9.76484,105.85403,40,150,0,60,6
SL-KSA019M-STG,4G-KSA019M13-STG,9.76484,105.85403,40,320,0,60,6
SL-KSA020M-STG,4G-KSA020M11-STG,9.78064,106.03947,34,50,0,60,6
SL-KSA024M-STG,4G-KSA024M11-STG,9.852942,105.973295,40,30,0,60,6
LN-KSA037M-STG,4G-KSA037M11-STG,9.75254,106.00434,41,0,0,60,6
LN-KSA037M-STG,4G-KSA037M12-STG,9.75254,106.00434,41,130,0,60,6
LN-KSA037M-STG,4G-KSA037M13-STG,9.75254,106.00434,41,270,0,60,6
LN-KSA038M-STG,4G-KSA038M11-STG,9.78321,105.98529,41,0,0,60,6
LN-KSA038M-STG,4G-KSA038M12-STG,9.78321,105.98529,41,160,0,60,6
LN-KSA038M-STG,4G-KSA038M13-STG,9.78321,105.98529,41,280,0,60,6
LN-KSA703B-STG,4G-KSA703M11-STG,9.7727,105.9055,35,290,0,60,6
LN-KSA703B-STG,4G-KSA703M12-STG,9.7727,105.9055,35,170,0,60,6
UL_KTU002M_LAN,4G-KTU002M11-LAN,10.76694,105.84251,43,40,0,60,6
UL_KTU003M_LAN,4G-KTU003M12-LAN,10.74416,105.88162,40,120,0,60,6
4G-KTU006M-LAN,4G-KTU006M12-LAN,10.83338,105.90176,40,190,0,60,6
LN-KTU007M-LAN,4G-KTU007M11-LAN,10.768123,105.931871,40,0,0,60,6
UL_KTU014M_LAN,4G-KTU014M13-LAN,10.83297,105.929501,40,180,0,60,6
UL_KTU017M_LAN,4G-KTU017M13-LAN,10.769645,105.94042,34,250,0,60,6
UL_KTU023M_LAN,4G-KTU023M11-LAN,10.77277,105.93382,31,310,0,60,6
UL_KTU024M_LAN,4G-KTU024M11-LAN,10.7781,105.929,28,0,0,60,6
UL_KTU024M_LAN,4G-KTU024M13-LAN,10.7781,105.929,28,220,0,60,6
4G-KTU029M-LAN,4G-KTU029M11-LAN,10.86523,105.95245,39,50,0,60,6
4G-KTU029M-LAN,4G-KTU029M13-LAN,10.86523,105.95245,39,260,0,60,6
4G-KTU030M-LAN,4G-KTU030M11-LAN,10.7148,105.88506,39,100,0,60,6
4G-KTU031M-LAN,4G-KTU031M11-LAN,10.854337,105.97599,39,40,0,60,6
4G-LDI002M-VTU,4G-LDI002M12-VTU,10.45623,107.2511,37,80,0,60,6
4G-LDI002M-VTU,4G-LDI002M13-VTU,10.45623,107.2511,37,160,0,60,6
4G-LDI003M-VTU,4G-LDI003M11-VTU,10.45729,107.21257,40,0,0,60,6
4G-LDI003M-VTU,4G-LDI003M13-VTU,10.45729,107.21257,40,180,0,60,6
UL_LDI033M_VTU,4G-LDI033M12-VTU,10.48663,107.19797,28,140,0,60,6
UL_LDI036M_VTU,4G-LDI036M11-VTU,10.40507,107.22877,33,0,0,60,6
UL_LDI037M_VTU,4G-LDI037M13-VTU,10.48431,107.2229,28,260,0,60,6
UL_LDI038M_VTU,4G-LDI038M11-VTU,10.474252,107.21445,34,330,0,60,6
UL_LDI039M_VTU,4G-LDI039M12-VTU,10.472873,107.23434,34,140,0,60,6
UL_LDI039M_VTU,4G-LDI039M13-VTU,10.472873,107.23434,34,240,0,60,6
UL_LDI042M_VTU,4G-LDI042M11-VTU,10.401619,107.237121,31,330,0,60,6
UL_LDI701B_VTU,4G-LDI701M11-VTU,10.38215,107.24519,28,320,0,60,6
UL_LDI701B_VTU,4G-LDI701M12-VTU,10.38215,107.24519,28,120,0,60,6
UL_LDI703B_VTU,4G-LDI703M11-VTU,10.42049,107.21466,36,330,0,60,6
UL_LDI703B_VTU,4G-LDI703M12-VTU,10.42049,107.21466,36,230,0,60,6
4G-LDI705B-VTU,4G-LDI705M11-VTU,10.402966,107.185348,8,90,0,60,6
4G-LHO001M-VLG,4G-LHO001M11-VLG,10.271535,105.964453,26,40,0,60,6
4G-LHO001M-VLG,4G-LHO001M13-VLG,10.271535,105.964453,26,280,0,60,6
4G-LHO002M-VLG,4G-LHO002M12-VLG,10.18204,105.98814,41,120,0,60,6
4G-LHO002M-VLG,4G-LHO002M13-VLG,10.18204,105.98814,41,210,0,60,6
4G-LHO003M-VLG,4G-LHO003M12-VLG,10.25065,105.99735,36,150,0,60,6
4G-LHO004M-VLG,4G-LHO004M11-VLG,10.27386,106.01128,38,350,0,60,6
4G-LHO006M-VLG,4G-LHO006M11-VLG,10.21352,105.94672,34,30,0,60,6
4G-LHO006M-VLG,4G-LHO006M12-VLG,10.21352,105.94672,34,110,0,60,6
4G-LHO006M-VLG,4G-LHO006M13-VLG,10.21352,105.94672,34,250,0,60,6
4G-LHO007M-VLG,4G-LHO007M11-VLG,10.1906,105.92429,41,20,0,60,6
4G-LHO007M-VLG,4G-LHO007M13-VLG,10.1906,105.92429,41,210,0,60,6
4G-LHO011M-VLG,4G-LHO011M12-VLG,10.15889,105.94243,41,100,0,60,6
LN-LHO013M-VLG,4G-LHO013M13-VLG,10.19297,106.013353,35,230,0,60,6
4G-LHO014M-VLG,4G-LHO014M12-VLG,10.28416,105.95388,38,110,0,60,6
4G-LHO014M-VLG,4G-LHO014M13-VLG,10.28416,105.95388,38,240,0,60,6
4G-LHO015M-VLG,4G-LHO015M12-VLG,10.29445,106.02061,36,110,0,60,6
4G-LHO017M-VLG,4G-LHO017M12-VLG,10.18436,105.97068,40,200,0,60,6
4G-LHO017M-VLG,4G-LHO017M13-VLG,10.18436,105.97068,40,300,0,60,6
4G-LHO018M-VLG,4G-LHO018M13-VLG,10.21576,105.99211,41,230,0,60,6
4G-LHO019M-VLG,4G-LHO019M11-VLG,10.16694,105.97999,36,0,0,60,6
4G-LHO019M-VLG,4G-LHO019M12-VLG,10.16694,105.97999,36,200,0,60,6
4G-LHO019M-VLG,4G-LHO019M13-VLG,10.16694,105.97999,36,270,0,60,6
4G-LHO021M-VLG,4G-LHO021M12-VLG,10.21622,105.97363,37,85,0,60,6
4G-LHO022M-VLG,4G-LHO022M11-VLG,10.20016,105.9617,41,0,0,60,6
4G-LHO022M-VLG,4G-LHO022M12-VLG,10.20016,105.9617,41,180,0,60,6
4G-LHO022M-VLG,4G-LHO022M13-VLG,10.20016,105.9617,41,270,0,60,6
4G-LHO023M-VLG,4G-LHO023M12-VLG,10.17511,106.01938,40,110,0,60,6
4G-LHO023M-VLG,4G-LHO023M13-VLG,10.17511,106.01938,40,185,0,60,6
4G-LHO024M-VLG,4G-LHO024M11-VLG,10.16199,105.92193,36,290,0,60,6
4G-LHO024M-VLG,4G-LHO024M12-VLG,10.16199,105.92193,36,110,0,60,6
4G-LHO024M-VLG,4G-LHO024M13-VLG,10.16199,105.92193,36,215,0,60,6
4G-LHO027M-VLG,4G-LHO027M11-VLG,10.16847,105.89383,40,340,0,60,6
4G-LHO036M-VLG,4G-LHO036M11-VLG,10.17355,105.95931,40,15,0,60,6
4G-LHO036M-VLG,4G-LHO036M12-VLG,10.17355,105.95931,40,210,0,60,6
4G-LHO036M-VLG,4G-LHO036M13-VLG,10.17355,105.95931,40,300,0,60,6
4G-LHO038M-VLG,4G-LHO038M11-VLG,10.24207,105.93874,39,30,0,60,6
4G-LHO038M-VLG,4G-LHO038M12-VLG,10.24207,105.93874,39,155,0,60,6
4G-LHO039M-VLG,4G-LHO039M11-VLG,10.296969,105.971845,38,40,0,60,6
4G-LHO039M-VLG,4G-LHO039M12-VLG,10.296969,105.971845,38,140,0,60,6
4G-LHO039M-VLG,4G-LHO039M13-VLG,10.296969,105.971845,38,290,0,60,6
4G-LHO040M-VLG,4G-LHO040M11-VLG,10.22842,105.98831,35,10,0,60,6
4G-LHO040M-VLG,4G-LHO040M13-VLG,10.22842,105.98831,35,240,0,60,6
LN-LHO041M-VLG,4G-LHO041M11-VLG,10.19797,106.00555,38,325,0,60,6
4G-LHO043M-VLG,4G-LHO043M12-VLG,10.17822,105.94505,41,90,0,60,6
4G-LHO044M-VLG,4G-LHO044W11-VLG,10.17268,105.92531,40,10,0,60,6
4G-LHO045M-VLG,4G-LHO045M11-VLG,10.18186,106.02226,40,320,0,60,6
4G-LHO045M-VLG,4G-LHO045M13-VLG,10.18186,106.02226,40,250,0,60,6
4G-LHO047M-VLG,4G-LHO047M11-VLG,10.14561,105.92241,41,10,0,60,6
4G-LHO048M-VLG,4G-LHO048M13-VLG,10.18517,105.93469,41,250,0,60,6
4G-LHO051M-VLG,4G-LHO051M11-VLG,10.29277,105.94526,38,50,0,60,6
4G-LHO053M-VLG,4G-LHO053M11-VLG,10.2139,105.9599,41,10,0,60,6
4G-LHO053M-VLG,4G-LHO053M13-VLG,10.2139,105.9599,41,265,0,60,6
4G-LHO054M-VLG,4G-LHO054M13-VLG,10.282904,106.016529,37,260,0,60,6
4G-LHO062M-VLG,4G-LHO062M13-VLG,10.270348,105.996807,40,260,0,60,6
4G-LHO064M-VLG,4G-LHO064M11-VLG,10.210223,105.940058,40,350,0,60,6
4G-LHO064M-VLG,4G-LHO064M13-VLG,10.210223,105.940058,40,240,0,60,6
4G-LHO066M-VLG,4G-LHO066M11-VLG,10.20201,105.930802,40,350,0,60,6
4G-LHO066M-VLG,4G-LHO066M12-VLG,10.20201,105.930802,40,130,0,60,6
4G-LHO066M-VLG,4G-LHO066M13-VLG,10.20201,105.930802,40,230,0,60,6
4G-LHO071M-VLG,4G-LHO071M11-VLG,10.20701,105.988513,40,0,0,60,6
SL-LHO074M-VLG,4G-LHO074M12-VLG,10.1808,105.91777,40,190,0,60,6
4G-LHO078M-VLG,4G-LHO078M11-VLG,10.1957,105.973072,40,330,0,60,6
4G-LHO079M-VLG,4G-LHO079M11-VLG,10.2965,105.9979,40,350,0,60,6
4G-LHO079M-VLG,4G-LHO079M12-VLG,10.2965,105.9979,40,120,0,60,6
4G-LHO079M-VLG,4G-LHO079M13-VLG,10.2965,105.9979,40,240,0,60,6
4G-LHO702B-VLG,4G-LHO702M11-VLG,10.168209,105.92229,33,0,0,60,6
4G-LHO702B-VLG,4G-LHO702M13-VLG,10.168209,105.92229,33,175,0,60,6
4G-LKH001M-DNI,4G-LKH001M12-DNI,10.98678,107.26751,33,140,0,60,6
4G-LKH002M-DNI,4G-LKH002M13-DNI,10.93535,107.27818,33,170,0,60,6
4G-LKH011M-DNI,4G-LKH011M13-DNI,10.89909,107.2811,30,280,0,60,6
LN-LKH018M-DNI,4G-LKH018M11-DNI,10.91893,107.25829,33,20,0,60,6
LN-LKH022M-DNI,4G-LKH022M13-DNI,10.92883,107.25082,23,230,0,60,6
LN-LKH023M-DNI,4G-LKH023M12-DNI,10.93348,107.23682,30,130,0,60,6
UL_LKH027M_DNI,4G-LKH027M11-DNI,10.86922,107.19362,33,50,0,60,6
UL_LKH027M_DNI,4G-LKH027M13-DNI,10.86922,107.19362,33,210,0,60,6
4G-LKH030M-DNI,4G-LKH030M13-DNI,10.95376,107.27222,43,190,0,60,6
4G-LKH031M-DNI,4G-LKH031M11-DNI,10.90269,107.24386,36,20,0,60,6
4G-LKH031M-DNI,4G-LKH031M13-DNI,10.90269,107.24386,36,290,0,60,6
4G-LKH035M-DNI,4G-LKH035M11-DNI,10.91662,107.20437,27,350,0,60,6
4G-LKH035M-DNI,4G-LKH035M12-DNI,10.91662,107.20437,27,70,0,60,6
4G-LKH035M-DNI,4G-LKH035M13-DNI,10.91662,107.20437,27,180,0,60,6
4G-LKH036M-DNI,4G-LKH036M11-DNI,10.8669,107.2228,34,60,0,60,6
4G-LKH041M-DNI,4G-LKH041M12-DNI,10.967042,107.261685,37,160,0,60,6
4G-LKH041M-DNI,4G-LKH041M13-DNI,10.967042,107.261685,37,250,0,60,6
4G-LKH046M-DNI,4G-LKH046M13-DNI,10.98936,107.22285,40,230,0,60,6
4G-LKH051M-DNI,4G-LKH051M12-DNI,10.968478,107.222522,28,180,0,60,6
UL_LKH052M_DNI,4G-LKH052M11-DNI,10.96532,107.22841,28,20,0,60,6
UL_LKH053M_DNI,4G-LKH053M11-DNI,10.92882,107.26553,34,350,0,60,6
UL_LKH060M_DNI,4G-LKH060M13-DNI,10.9706,107.2719,40,270,0,60,6
UL_LKH061M_DNI,4G-LKH061M12-DNI,10.952762,107.23636,30,60,0,60,6
UL_LKH062M_DNI,4G-LKH062M11-DNI,10.94337,107.27587,40,350,0,60,6
UL_LKH062M_DNI,4G-LKH062M12-DNI,10.94337,107.27587,40,120,0,60,6
UL_LKH063M_DNI,4G-LKH063M13-DNI,10.976483,107.236291,28,250,0,60,6
UL_LKH064M_DNI,4G-LKH064M12-DNI,10.957901,107.242818,40,90,0,60,6
UL_LKH064M_DNI,4G-LKH064M13-DNI,10.957901,107.242818,40,190,0,60,6
UL_LKH065M_DNI,4G-LKH065M12-DNI,10.9431,107.18449,36,130,0,60,6
UL_LKH068M_DNI,4G-LKH068M11-DNI,10.94945,107.25135,36,0,0,60,6
UL_LKH068M_DNI,4G-LKH068M13-DNI,10.94945,107.25135,36,240,0,60,6
UL_LKH069M_DNI,4G-LKH069M12-DNI,10.976416,107.252615,40,120,0,60,6
UL_LKH069M_DNI,4G-LKH069M13-DNI,10.976416,107.252615,40,240,0,60,6
UL_LKH070M_DNI,4G-LKH070M11-DNI,10.94153,107.2391,19,300,0,60,6
UL_LKH070M_DNI,4G-LKH070M12-DNI,10.94153,107.2391,19,90,0,60,6
UL_LKH070M_DNI,4G-LKH070M13-DNI,10.94153,107.2391,19,170,0,60,6
UL_LKH074M_DNI,4G-LKH074M11-DNI,10.92918,107.20141,40,80,0,60,6
UL_LKH074M_DNI,4G-LKH074M13-DNI,10.92918,107.20141,40,270,0,60,6
UL_LKH075M_DNI,4G-LKH075M11-DNI,10.91713,107.17762,40,0,0,60,6
UL_LKH075M_DNI,4G-LKH075M12-DNI,10.91713,107.17762,40,120,0,60,6
UL_LKH075M_DNI,4G-LKH075M13-DNI,10.91713,107.17762,40,240,0,60,6
UL_LKH077M_DNI,4G-LKH077M12-DNI,10.93701,107.2641,28,100,0,60,6
4G-LKH078M-DNI,4G-LKH078M11-DNI,10.9515,107.23128,29,20,0,60,6
UL_LKH079M_DNI,4G-LKH079M11-DNI,10.94241,107.21094,28,330,0,60,6
4G-LKH081M-DNI,4G-LKH081M12-DNI,10.9473,107.2362,28.5,140,0,60,6
4G-LKH081M-DNI,4G-LKH081M13-DNI,10.9473,107.2362,28.5,260,0,60,6
UL_LKH083M_DNI,4G-LKH083M11-DNI,10.970367,107.213489,27,0,0,60,6
4G-LKH086M-DNI,4G-LKH086M11-DNI,10.96146,107.23174,28,20,0,60,6
4G-LKH086M-DNI,4G-LKH086M12-DNI,10.96146,107.23174,28,130,0,60,6
4G-LKH086M-DNI,4G-LKH086M13-DNI,10.96146,107.23174,28,260,0,60,6
4G-LKH089M-DNI,4G-LKH089M11-DNI,10.947,107.2422,42,0,0,60,6
4G-LKH089M-DNI,4G-LKH089M13-DNI,10.947,107.2422,42,240,0,60,6
4G-LKH092M-DNI,4G-LKH092M11-DNI,10.96877,107.21789,28,0,0,60,6
UL_LKH187M_DNI,4G-LKH187M12-DNI,10.93841,107.23591,27,170,0,60,6
4G-LKH191M-DNI,4G-LKH191M11-DNI,10.931764,107.258857,28,340,0,60,6
4G-LKH191M-DNI,4G-LKH191M12-DNI,10.931764,107.258857,28,110,0,60,6
4G-LKH191M-DNI,4G-LKH191M13-DNI,10.931764,107.258857,28,240,0,60,6
4G-LKH508S-DNI,4G-LKH508S11-DNI,10.883831,107.221443,10,120,0,60,6
UL_LKH701B_DNI,4G-LKH701M11-DNI,10.999351,107.22598,19,30,0,60,6
UL_LKH702B_DNI,4G-LKH702M11-DNI,10.94668,107.29978,22,330,0,60,6
UL_LKH703B_DNI,4G-LKH703M11-DNI,10.886156,107.1898,18,30,0,60,6
UL_LKH704B_DNI,4G-LKH704M11-DNI,10.878124,107.227372,28,0,0,60,6
UL_LKH704B_DNI,4G-LKH704M12-DNI,10.878124,107.227372,28,190,0,60,6
SL-LPH001M-STG,4G-LPH001M13-STG,9.63423,106.13244,33,150,0,60,6
SL-LPH002M-STG,4G-LPH002M11-STG,9.61497,106.13477,39,0,0,60,6
SL-LPH002M-STG,4G-LPH002M13-STG,9.61497,106.13477,39,200,0,60,6
SL-LPH003M-STG,4G-LPH003M13-STG,9.577707,106.104498,39,280,0,60,6
SL-LPH006M-STG,4G-LPH006M11-STG,9.7311,106.072251,34,330,0,60,6
SL-LPH006M-STG,4G-LPH006W13-STG,9.7311,106.072251,34,210,0,60,6
SL-LPH006M-STG,4G-LPH006W16-STG,9.7311,106.072251,34,210,0,60,6
SL-LPH009M-STG,4G-LPH009M11-STG,9.58065,106.16975,39,320,0,60,6
SL-LPH009M-STG,4G-LPH009M12-STG,9.58065,106.16975,39,140,0,60,6
SL-LPH020M-STG,4G-LPH020M12-STG,9.652538,106.115801,39,130,0,60,6
SL-LPH022M-STG,4G-LPH022M11-STG,9.65577,106.08218,39,10,0,60,6
LN-LPH029M-STG,4G-LPH029M11-STG,9.683455,106.065773,41,20,0,60,6
LN-LPH029M-STG,4G-LPH029M12-STG,9.683455,106.065773,41,110,0,60,6
LN-LPH029M-STG,4G-LPH029M13-STG,9.683455,106.065773,41,190,0,60,6
LN-LPH030M-STG,4G-LPH030M11-STG,9.682913,106.043793,41,10,0,60,6
LN-LPH030M-STG,4G-LPH030M12-STG,9.682913,106.043793,41,190,0,60,6
LN-LPH702B-STG,4G-LPH702M11-STG,9.601221,106.137288,35,350,0,60,6
LN-LPH702B-STG,4G-LPH702M12-STG,9.601221,106.137288,35,190,0,60,6
4G-LTH002M-DNI,4G-LTH002M13-DNI,10.723632,107.06739,31,270,0,60,6
4G-LTH003M-DNI,4G-LTH003M13-DNI,10.85491,107.05986,42,230,0,60,6
4G-LTH008M-DNI,4G-LTH008M11-DNI,10.73374,106.82136,33,60,0,60,6
4G-LTH010M-DNI,4G-LTH010M12-DNI,10.81079,106.92436,28,130,0,60,6
UL_LTH012M_DNI,4G-LTH012W11-DNI,10.79683,106.97408,32,330,0,60,6
4G-LTH014M-DNI,4G-LTH014M12-DNI,10.79273,106.96534,39,120,0,60,6
4G-LTH017M-DNI,4G-LTH017M11-DNI,10.76232,106.98862,34,0,0,60,6
4G-LTH019M-DNI,4G-LTH019M11-DNI,10.71248,107.00508,30,0,0,60,6
UL_LTH020M_DNI,4G-LTH020W12-DNI,10.787555,106.94901,40,130,0,60,6
UL_LTH020M_DNI,4G-LTH020W13-DNI,10.787555,106.94901,40,230,0,60,6
UL_LTH020M_DNI,4G-LTH020W15-DNI,10.787555,106.94901,40,190,0,60,6
UL_LTH020M_DNI,4G-LTH020W16-DNI,10.787555,106.94901,40,290,0,60,6
4G-LTH023M-DNI,4G-LTH023M12-DNI,10.72081,107.03287,33,110,0,60,6
4G-LTH027M-DNI,4G-LTH027M12-DNI,10.69273,107.05157,36,80,0,60,6
4G-LTH027M-DNI,4G-LTH027M13-DNI,10.69273,107.05157,36,220,0,60,6
UL_LTH031M_DNI,4G-LTH031M13-DNI,10.74115,107.05661,34,270,0,60,6
4G-LTH033M-DNI,4G-LTH033M11-DNI,10.81294,106.98043,36,20,0,60,6
4G-LTH034M-DNI,4G-LTH034M12-DNI,10.77848,106.97945,39,80,0,60,6
UL_LTH038M_DNI,4G-LTH038M12-DNI,10.77721,107.12653,28,70,0,60,6
UL_LTH038M_DNI,4G-LTH038M13-DNI,10.77721,107.12653,28,200,0,60,6
UL_LTH039M_DNI,4G-LTH039W14-DNI,10.872161,106.958731,33,20,0,60,6
UL_LTH048M_DNI,4G-LTH048W15-DNI,10.85549,106.96621,34,160,0,60,6
UL_LTH049M_DNI,4G-LTH049W11-DNI,10.79397,106.99246,29,0,0,60,6
4G-LTH058M-DNI,4G-LTH058M11-DNI,10.64963,107.01946,20,10,0,60,6
UL_LTH061M_DNI,4G-LTH061M12-DNI,10.82742,106.95084,37,110,0,60,6
UL_LTH065M_DNI,4G-LTH065M11-DNI,10.7007,107.01446,32,340,0,60,6
UL_LTH065M_DNI,4G-LTH065M12-DNI,10.7007,107.01446,32,150,0,60,6
UL_LTH065M_DNI,4G-LTH065M13-DNI,10.7007,107.01446,32,240,0,60,6
UL_LTH066M_DNI,4G-LTH066M13-DNI,10.77831,106.94859,34,280,0,60,6
UL_LTH067M_DNI,4G-LTH067M12-DNI,10.80729,106.93246,36,120,0,60,6
4G-LTH068M-DNI,4G-LTH068M12-DNI,10.7212,107.05073,34,110,0,60,6
4G-LTH068M-DNI,4G-LTH068M13-DNI,10.7212,107.05073,34,270,0,60,6
UL_LTH070M_DNI,4G-LTH070W13-DNI,10.65047,107.02882,26,240,0,60,6
UL_LTH070M_DNI,4G-LTH070W16-DNI,10.65047,107.02882,26,300,0,60,6
UL_LTH072M_DNI,4G-LTH072M13-DNI,10.7301,107.00035,36,200,0,60,6
UL_LTH073M_DNI,4G-LTH073W12-DNI,10.85623,106.94276,28,120,0,60,6
UL_LTH073M_DNI,4G-LTH073W16-DNI,10.85623,106.94276,28,300,0,60,6
4G-LTH075M-DNI,4G-LTH075M12-DNI,10.84514,107.07409,37,240,0,60,6
4G-LTH075M-DNI,4G-LTH075M13-DNI,10.84514,107.07409,37,0,0,60,6
UL_LTH078M_DNI,4G-LTH078M11-DNI,10.69801,107.02836,31.5,0,0,60,6
UL_LTH078M_DNI,4G-LTH078M13-DNI,10.69801,107.02836,31.5,260,0,60,6
UL_LTH083M_DNI,4G-LTH083M11-DNI,10.68145,107.03352,30.5,20,0,60,6
UL_LTH083M_DNI,4G-LTH083M13-DNI,10.68145,107.03352,30.5,280,0,60,6
UL_LTH086M_DNI,4G-LTH086M13-DNI,10.81216,106.95617,40,250,0,60,6
UL_LTH101M_DNI,4G-LTH101M11-DNI,10.731893,106.991032,40,350,0,60,6
UL_LTH102M_DNI,4G-LTH102M12-DNI,10.84628,106.97664,28,120,0,60,6
UL_LTH102M_DNI,4G-LTH102M13-DNI,10.84628,106.97664,28,240,0,60,6
UL_LTH103M_DNI,4G-LTH103M11-DNI,10.837636,106.981898,27,0,0,60,6
UL_LTH103M_DNI,4G-LTH103M12-DNI,10.837636,106.981898,27,90,0,60,6
UL_LTH106M_DNI,4G-LTH106M12-DNI,10.706345,107.007722,28,150,0,60,6
UL_LTH107M_DNI,4G-LTH107M12-DNI,10.83828,106.93211,45,60,0,60,6
UL_LTH107M_DNI,4G-LTH107M13-DNI,10.83828,106.93211,45,150,0,60,6
UL_LTH110M_DNI,4G-LTH110M13-DNI,10.743686,107.094868,40,240,0,60,6
UL_LTH111M_DNI,4G-LTH111M11-DNI,10.67107,107.0358,33,320,0,60,6
UL_LTH111M_DNI,4G-LTH111M12-DNI,10.67107,107.0358,34,90,0,60,6
UL_LTH113M_DNI,4G-LTH113M13-DNI,10.76616,106.9773,37,250,0,60,6
UL_LTH114M_DNI,4G-LTH114M13-DNI,10.82319,106.96446,33,220,0,60,6
UL_LTH115M_DNI,4G-LTH115M11-DNI,10.71912,106.997,40,330,0,60,6
UL_LTH115M_DNI,4G-LTH115M12-DNI,10.71912,106.997,40,120,0,60,6
UL_LTH115M_DNI,4G-LTH115M13-DNI,10.71912,106.997,40,220,0,60,6
UL_LTH118M_DNI,4G-LTH118M11-DNI,10.86425,106.93043,28,0,0,60,6
UL_LTH121M_DNI,4G-LTH121M11-DNI,10.86174,106.94396,28,350,0,60,6
UL_LTH121M_DNI,4G-LTH121M12-DNI,10.86174,106.94396,28,130,0,60,6
UL_LTH121M_DNI,4G-LTH121M13-DNI,10.86174,106.94396,28,250,0,60,6
4G-LTH122M-DNI,4G-LTH122M11-DNI,10.72583,106.98181,35,350,0,60,6
4G-LTH122M-DNI,4G-LTH122M12-DNI,10.72583,106.98181,35,80,0,60,6
4G-LTH123M-DNI,4G-LTH123M13-DNI,10.69017,107.04462,29,230,0,60,6
4G-LTH125M-DNI,4G-LTH125M13-DNI,10.83181,106.96132,28,250,0,60,6
4G-LTH126M-DNI,4G-LTH126M12-DNI,10.68386,107.02245,28,120,0,60,6
4G-LTH127M-DNI,4G-LTH127M11-DNI,10.79482,106.93964,31,350,0,60,6
4G-LTH129M-DNI,4G-LTH129M13-DNI,10.67095,107.04901,37.5,280,0,60,6
4G-LTH131M-DNI,4G-LTH131M11-DNI,10.81628,106.93636,35,120,0,60,6
4G-LTH131M-DNI,4G-LTH131M12-DNI,10.81628,106.93636,35,240,0,60,6
4G-LTH131M-DNI,4G-LTH131M13-DNI,10.81628,106.93636,35,0,0,60,6
4G-LTH132M-DNI,4G-LTH132M12-DNI,10.66453,107.03645,38,100,0,60,6
4G-LTH132M-DNI,4G-LTH132M13-DNI,10.66453,107.03645,38,210,0,60,6
4G-LTH133M-DNI,4G-LTH133M11-DNI,10.80364,106.94396,28,320,0,60,6
4G-LTH133M-DNI,4G-LTH133M12-DNI,10.80364,106.94396,28,170,0,60,6
4G-LTH134M-DNI,4G-LTH134M11-DNI,10.72828,106.96835,28.5,350,0,60,6
4G-LTH134M-DNI,4G-LTH134M13-DNI,10.72828,106.96835,28.5,270,0,60,6
4G-LTH138M-DNI,4G-LTH138M11-DNI,10.84388,106.95029,27,0,0,60,6
4G-LTH138M-DNI,4G-LTH138M12-DNI,10.84388,106.95029,27,170,0,60,6
4G-LTH140M-DNI,4G-LTH140M12-DNI,10.8487,106.9693,27,30,0,60,6
UL_LTH143M_DNI,4G-LTH143M13-DNI,10.846069,106.9616,28,220,0,60,6
UL_LTH145M_DNI,4G-LTH145M11-DNI,10.78775,107.006295,28,0,0,60,6
UL_LTH146M_DNI,4G-LTH146M11-DNI,10.78944,106.93689,24,320,0,60,6
UL_LTH148B_DNI,4G-LTH148M11-DNI,10.72701,107.052433,28,130,0,60,6
UL_LTH148B_DNI,4G-LTH148M12-DNI,10.72701,107.052433,28,240,0,60,6
4G-LTH150M-DNI,4G-LTH150M12-DNI,10.820504,106.918292,27,100,0,60,6
4G-LTH150M-DNI,4G-LTH150M13-DNI,10.820504,106.918292,27,230,0,60,6
UL_LTH176M_DNI,4G-LTH176M11-DNI,10.8256,106.9264,28,350,0,60,6
4G-LTH182M-DNI,4G-LTH182M11-DNI,10.790884,106.971545,28,350,0,60,6
4G-LTH182M-DNI,4G-LTH182M12-DNI,10.790884,106.971545,28,110,0,60,6
4G-LTH182M-DNI,4G-LTH182M13-DNI,10.790884,106.971545,28,230,0,60,6
4G-LTH183M-DNI,4G-LTH183M11-DNI,10.77171,106.95999,28,330,0,60,6
4G-LTH183M-DNI,4G-LTH183M12-DNI,10.77171,106.95999,28,90,0,60,6
4G-LTH183M-DNI,4G-LTH183M13-DNI,10.77171,106.95999,28,180,0,60,6
4G-LTH185M-DNI,4G-LTH185M11-DNI,10.83491,106.94267,28,10,0,60,6
4G-LTH185M-DNI,4G-LTH185M12-DNI,10.83491,106.94267,28,100,0,60,6
4G-LTH186M-DNI,4G-LTH186M12-DNI,10.747843,106.973202,34,160,0,60,6
4G-LTH187M-DNI,4G-LTH187M11-DNI,10.762823,106.969032,28,0,0,60,6
4G-LTH187M-DNI,4G-LTH187M12-DNI,10.762823,106.969032,28,120,0,60,6
4G-LTH187M-DNI,4G-LTH187M13-DNI,10.762823,106.969032,28,250,0,60,6
4G-LTH188M-DNI,4G-LTH188M11-DNI,10.74135,106.974697,31,350,0,60,6
4G-LTH189M-DNI,4G-LTH189M11-DNI,10.752532,106.97197,31,10,0,60,6
4G-LTH189M-DNI,4G-LTH189M12-DNI,10.752532,106.97197,31,170,0,60,6
4G-LTH189M-DNI,4G-LTH189M13-DNI,10.752532,106.97197,31,260,0,60,6
4G-LTH190M-DNI,4G-LTH190M11-DNI,10.80521,106.96956,34,0,0,60,6
4G-LTH191M-DNI,4G-LTH191M11-DNI,10.79954,106.93194,34,330,0,60,6
4G-LTH191M-DNI,4G-LTH191M12-DNI,10.79954,106.93194,34,90,0,60,6
4G-LTH191M-DNI,4G-LTH191M13-DNI,10.79954,106.93194,34,180,0,60,6
4G-LTH192M-DNI,4G-LTH192M13-DNI,10.829028,106.941707,31,240,0,60,6
4G-LTH227M-DNI,4G-LTH227M11-DNI,10.6705,107.03,25,0,0,60,6
4G-LTH227M-DNI,4G-LTH227M12-DNI,10.6705,107.03,25,140,0,60,6
4G-LTH227M-DNI,4G-LTH227M13-DNI,10.6705,107.03,25,240,0,60,6
4G-LTH232M-DNI,4G-LTH232M12-DNI,10.8036,106.954412,40,160,0,60,6
4G-LTH232M-DNI,4G-LTH232M13-DNI,10.8036,106.954412,40,250,0,60,6
4G-LTH241M-DNI,4G-LTH241M11-DNI,10.688,107.0271,25,0,0,60,6
4G-LTH241M-DNI,4G-LTH241M12-DNI,10.688,107.0271,25,120,0,60,6
4G-LTH241M-DNI,4G-LTH241M13-DNI,10.688,107.0271,25,240,0,60,6
4G-LTH523S-DNI,4G-LTH523S11-DNI,10.7947,106.9841,8,0,0,60,6
UL_LVO004M_DTP,4G-LVO004M11-DTP,10.344589,105.494584,31.5,20,0,60,6
4G-LVO005M-DTP,4G-LVO005M11-DTP,10.357395,105.617221,36,0,0,60,6
4G-LVO006M-DTP,4G-LVO006M11-DTP,10.399738,105.676133,35.5,120,0,60,6
4G-LVO006M-DTP,4G-LVO006M13-DTP,10.399738,105.676133,35.5,280,0,60,6
4G-LVO008M-DTP,4G-LVO008M13-DTP,10.347613,105.565769,37.5,240,0,60,6
4G-LVO011M-DTP,4G-LVO011M11-DTP,10.400092,105.530217,27,20,0,60,6
4G-LVO011M-DTP,4G-LVO011M12-DTP,10.400092,105.530217,27,120,0,60,6
UL_LVO015M_DTP,4G-LVO015M11-DTP,10.37343,105.53604,36,80,0,60,6
UL_LVO015M_DTP,4G-LVO015M13-DTP,10.37343,105.53604,36,240,0,60,6
4G-LVO017M-DTP,4G-LVO017M11-DTP,10.383025,105.68169,40.5,50,0,60,6
4G-LVO017M-DTP,4G-LVO017M12-DTP,10.383025,105.68169,40.5,170,0,60,6
4G-LVO017M-DTP,4G-LVO017M13-DTP,10.383025,105.68169,40.5,270,0,60,6
4G-LVO019M-DTP,4G-LVO019M13-DTP,10.409733,105.636806,33,240,0,60,6
UL_LVO022M_DTP,4G-LVO022M11-DTP,10.31831,105.59032,33,0,0,60,6
UL_LVO022M_DTP,4G-LVO022M13-DTP,10.31831,105.59032,33,170,0,60,6
4G-LVO025M-DTP,4G-LVO025M11-DTP,10.397678,105.64449,40.5,10,0,60,6
4G-LVO031M-DTP,4G-LVO031M11-DTP,10.361445,105.516642,37.5,330,0,60,6
4G-LVO031M-DTP,4G-LVO031M13-DTP,10.361445,105.516642,37.5,230,0,60,6
4G-LVO034M-DTP,4G-LVO034M13-DTP,10.358623,105.588191,39,240,0,60,6
UL_LVO035M_DTP,4G-LVO035M12-DTP,10.390493,105.66262,36,100,0,60,6
4G-LVO036M-DTP,4G-LVO036M13-DTP,10.355161,105.657414,37,230,0,60,6
UL_LVO038M_DTP,4G-LVO038M13-DTP,10.367,105.672943,42,210,0,60,6
UL_LVO039M_DTP,4G-LVO039M11-DTP,10.334959,105.510834,40.5,50,0,60,6
UL_LVO040M_DTP,4G-LVO040M11-DTP,10.365692,105.532197,40.5,330,0,60,6
UL_LVO041M_DTP,4G-LVO041M11-DTP,10.380542,105.550786,39,340,0,60,6
UL_LVO041M_DTP,4G-LVO041M12-DTP,10.380542,105.550786,39,90,0,60,6
UL_LVO041M_DTP,4G-LVO041M13-DTP,10.380542,105.550786,39,260,0,60,6
UL_LVO042M_DTP,4G-LVO042M11-DTP,10.35278,105.604679,39,70,0,60,6
UL_LVO043M_DTP,4G-LVO043M12-DTP,10.3366,105.530976,40.5,130,0,60,6
UL_LVO044M_DTP,4G-LVO044M11-DTP,10.394035,105.697379,40.5,280,0,60,6
UL_LVO044M_DTP,4G-LVO044M13-DTP,10.394035,105.697379,40.5,220,0,60,6
UL_LVO045M_DTP,4G-LVO045M11-DTP,10.401844,105.621473,40.5,80,0,60,6
UL_LVO045M_DTP,4G-LVO045M12-DTP,10.401844,105.621473,40.5,170,0,60,6
UL_LVO045M_DTP,4G-LVO045M13-DTP,10.401844,105.621473,40.5,240,0,60,6
UL_LVO046M_DTP,4G-LVO046M12-DTP,10.296937,105.546675,40,140,0,60,6
UL_LVO046M_DTP,4G-LVO046M13-DTP,10.296937,105.546675,40,310,0,60,6
UL_LVO047M_DTP,4G-LVO047M11-DTP,10.407859,105.650685,40.5,110,0,60,6
UL_LVO047M_DTP,4G-LVO047M12-DTP,10.407859,105.650685,40.5,170,0,60,6
UL_LVO048M_DTP,4G-LVO048M11-DTP,10.328208,105.637927,40.5,50,0,60,6
UL_LVO048M_DTP,4G-LVO048M13-DTP,10.328208,105.637927,40.5,300,0,60,6
UL_LVO049M_DTP,4G-LVO049M12-DTP,10.354838,105.528802,40.5,100,0,60,6
UL_LVO049M_DTP,4G-LVO049M13-DTP,10.354838,105.528802,40.5,300,0,60,6
UL_LVO050M_DTP,4G-LVO050M11-DTP,10.389201,105.633872,39,330,0,60,6
UL_LVO050M_DTP,4G-LVO050M12-DTP,10.389201,105.633872,39,150,0,60,6
UL_LVO051M_DTP,4G-LVO051M11-DTP,10.35109,105.669577,43.5,30,0,60,6
UL_LVO051M_DTP,4G-LVO051M12-DTP,10.35109,105.669577,43.5,150,0,60,6
UL_LVO051M_DTP,4G-LVO051M13-DTP,10.35109,105.669577,43.5,310,0,60,6
UL_LVO052M_DTP,4G-LVO052M11-DTP,10.321,105.6733,43.5,310,0,60,6
UL_LVO053M_DTP,4G-LVO053M11-DTP,10.30625,105.53649,40,0,0,60,6
UL_LVO053M_DTP,4G-LVO053M13-DTP,10.30625,105.53649,40,300,0,60,6
4G-LVO054M-DTP,4G-LVO054M12-DTP,10.33872,105.5017,40,140,0,60,6
4G-LVO056M-DTP,4G-LVO056M11-DTP,10.36853,105.52662,40,20,0,60,6
4G-LVO057M-DTP,4G-LVO057M11-DTP,10.3665,105.62607,40,320,0,60,6
4G-LVO058M-DTP,4G-LVO058M11-DTP,10.32679,105.62646,40,340,0,60,6
UL_LVO059M_DTP,4G-LVO059M11-DTP,10.40413,105.66384,40,330,0,60,6
SL-LVO061M-DTP,4G-LVO061M11-DTP,10.3503,105.5413,40,320,0,60,6
SL-LVO061M-DTP,4G-LVO061M12-DTP,10.3503,105.5413,40,50,0,60,6
SL-LVO061M-DTP,4G-LVO061M13-DTP,10.3503,105.5413,40,230,0,60,6
4G-LVO062M-DTP,4G-LVO062M11-DTP,10.36381,105.56343,40,310,0,60,6
4G-LVO062M-DTP,4G-LVO062M13-DTP,10.36381,105.56343,40,240,0,60,6
4G-LVO064M-DTP,4G-LVO064M13-DTP,10.327488,105.608864,40,240,0,60,6
4G-LVO065M-DTP,4G-LVO065M12-DTP,10.31906,105.63762,40,50,0,60,6
4G-LVO065M-DTP,4G-LVO065M13-DTP,10.31906,105.63762,40,130,0,60,6
SL-LVO066M-DTP,4G-LVO066M13-DTP,10.378883,105.69477,40,280,0,60,6
4G-LVO068M-DTP,4G-LVO068M11-DTP,10.331205,105.668007,40,340,0,60,6
4G-LVO068M-DTP,4G-LVO068M12-DTP,10.331205,105.668007,40,80,0,60,6
4G-LVO068M-DTP,4G-LVO068M13-DTP,10.331205,105.668007,40,220,0,60,6
4G-LVO069M-DTP,4G-LVO069M11-DTP,10.358431,105.683635,40,320,0,60,6
4G-LVO069M-DTP,4G-LVO069M12-DTP,10.358431,105.683635,40,140,0,60,6
4G-LVO069M-DTP,4G-LVO069M13-DTP,10.358431,105.683635,40,230,0,60,6
4G-LVO700B-DTP,4G-LVO700M13-DTP,10.405075,105.604835,41,190,0,60,6
4G-LVO701B-DTP,4G-LVO701M11-DTP,10.41186,105.542264,41,320,0,60,6
4G-LVO701B-DTP,4G-LVO701M12-DTP,10.41186,105.542264,41,140,0,60,6
4G-LVO701B-DTP,4G-LVO701M13-DTP,10.41186,105.542264,41,250,0,60,6
UL_LVO702B_DTP,4G-LVO702M11-DTP,10.354373,105.509686,14,40,0,60,6
UL_LVO704B_DTP,4G-LVO704M11-DTP,10.315509,105.549633,40,50,0,60,6
UL_LVO704B_DTP,4G-LVO704M12-DTP,10.315509,105.549633,40,240,0,60,6
UL_LVO705B_DTP,4G-LVO705M12-DTP,10.336389,105.55185,38,170,0,60,6
4G-LVU003M-DTP,4G-LVU003M11-DTP,10.22882,105.62029,38,40,0,60,6
4G-LVU003M-DTP,4G-LVU003M12-DTP,10.22882,105.62029,38,170,0,60,6
4G-LVU003M-DTP,4G-LVU003M13-DTP,10.22882,105.62029,38,290,0,60,6
4G-LVU005M-DTP,4G-LVU005M12-DTP,10.28308,105.69062,37,110,0,60,6
4G-LVU006M-DTP,4G-LVU006M13-DTP,10.26654,105.62536,40.5,280,0,60,6
4G-LVU009M-DTP,4G-LVU009M11-DTP,10.30941,105.63605,38,20,0,60,6
4G-LVU014M-DTP,4G-LVU014M11-DTP,10.28403,105.65134,38,30,0,60,6
4G-LVU014M-DTP,4G-LVU014M12-DTP,10.28403,105.65134,38,120,0,60,6
4G-LVU014M-DTP,4G-LVU014M13-DTP,10.28403,105.65134,38,230,0,60,6
LN-LVU015M-DTP,4G-LVU015M11-DTP,10.28797,105.66069,47.5,110,0,60,6
4G-LVU016M-DTP,4G-LVU016M11-DTP,10.27364,105.67077,35,340,0,60,6
4G-LVU016M-DTP,4G-LVU016M12-DTP,10.27364,105.67077,35,130,0,60,6
4G-LVU019M-DTP,4G-LVU019M11-DTP,10.21966,105.65774,38,340,0,60,6
4G-LVU019M-DTP,4G-LVU019M13-DTP,10.21966,105.65774,38,260,0,60,6
4G-LVU021M-DTP,4G-LVU021M12-DTP,10.30549,105.67963,38.5,120,0,60,6
4G-LVU025M-DTP,4G-LVU025M12-DTP,10.25509,105.64439,38,150,0,60,6
4G-LVU026M-DTP,4G-LVU026M11-DTP,10.25513,105.69294,42,350,0,60,6
4G-LVU026M-DTP,4G-LVU026M12-DTP,10.25513,105.69294,42,90,0,60,6
4G-LVU026M-DTP,4G-LVU026M13-DTP,10.25513,105.69294,42,200,0,60,6
UL_LVU027M_DTP,4G-LVU027M11-DTP,10.15839,105.66476,38,0,0,60,6
4G-LVU028M-DTP,4G-LVU028M11-DTP,10.27018,105.60027,40.5,20,0,60,6
4G-LVU028M-DTP,4G-LVU028M13-DTP,10.27018,105.60027,40.5,270,0,60,6
4G-LVU034M-DTP,4G-LVU034M12-DTP,10.1942,105.65044,41,130,0,60,6
4G-LVU034M-DTP,4G-LVU034M13-DTP,10.1942,105.65044,41,240,0,60,6
UL_LVU035M_DTP,4G-LVU035M11-DTP,10.233643,105.638981,40.5,30,0,60,6
UL_LVU035M_DTP,4G-LVU035M12-DTP,10.233643,105.638981,40.5,130,0,60,6
UL_LVU035M_DTP,4G-LVU035M13-DTP,10.233643,105.638981,40.5,210,0,60,6
UL_LVU036M_DTP,4G-LVU036M13-DTP,10.26763,105.68532,40.5,310,0,60,6
UL_LVU039M_DTP,4G-LVU039M11-DTP,10.181109,105.64584,41,20,0,60,6
UL_LVU039M_DTP,4G-LVU039M12-DTP,10.181109,105.64584,41,120,0,60,6
UL_LVU040M_DTP,4G-LVU040M11-DTP,10.17731,105.66141,41,20,0,60,6
UL_LVU040M_DTP,4G-LVU040M13-DTP,10.17731,105.66141,41,200,0,60,6
UL_LVU043M_DTP,4G-LVU043M12-DTP,10.27733,105.59201,41,190,0,60,6
UL_LVU044M_DTP,4G-LVU044M11-DTP,10.21879,105.640653,41,50,0,60,6
UL_LVU044M_DTP,4G-LVU044M12-DTP,10.21879,105.640653,41,130,0,60,6
UL_LVU044M_DTP,4G-LVU044M13-DTP,10.21879,105.640653,41,220,0,60,6
UL_LVU045M_DTP,4G-LVU045M11-DTP,10.30017,105.612374,41,0,0,60,6
UL_LVU045M_DTP,4G-LVU045M12-DTP,10.30017,105.612374,41,160,0,60,6
UL_LVU046M_DTP,4G-LVU046M12-DTP,10.246289,105.678602,41,110,0,60,6
UL_LVU047M_DTP,4G-LVU047M12-DTP,10.20116,105.64057,36,130,0,60,6
UL_LVU048M_DTP,4G-LVU048M11-DTP,10.27842,105.64007,40.5,50,0,60,6
UL_LVU049M_DTP,4G-LVU049M12-DTP,10.32968,105.69471,40.5,130,0,60,6
UL_LVU050M_DTP,4G-LVU050M11-DTP,10.26218,105.63612,41,40,0,60,6
UL_LVU051M_DTP,4G-LVU051M13-DTP,10.285225,105.603438,40.5,180,0,60,6
UL_LVU052M_DTP,4G-LVU052M11-DTP,10.25963,105.58688,37.5,320,0,60,6
4G-LVU053M-DTP,4G-LVU053M11-DTP,10.17214,105.66925,40,320,0,60,6
4G-LVU054M-DTP,4G-LVU054M11-DTP,10.284012,105.580456,40,40,0,60,6
4G-LVU054M-DTP,4G-LVU054M12-DTP,10.284012,105.580456,40,140,0,60,6
4G-LVU055M-DTP,4G-LVU055M12-DTP,10.203726,105.626349,40,80,0,60,6
4G-LVU055M-DTP,4G-LVU055M13-DTP,10.203726,105.626349,40,160,0,60,6
4G-LVU056M-DTP,4G-LVU056M11-DTP,10.237472,105.658389,40,0,0,60,6
4G-LVU056M-DTP,4G-LVU056M12-DTP,10.237472,105.658389,40,100,0,60,6
4G-LVU056M-DTP,4G-LVU056M13-DTP,10.237472,105.658389,40,220,0,60,6
4G-LVU057M-DTP,4G-LVU057M11-DTP,10.422694,105.559431,40.5,350,0,60,6
4G-LVU057M-DTP,4G-LVU057M12-DTP,10.422694,105.559431,40.5,110,0,60,6
4G-LVU057M-DTP,4G-LVU057M13-DTP,10.422694,105.559431,40.5,230,0,60,6
UL_LVU701B_DTP,4G-LVU701M11-DTP,10.17726,105.6929,40,30,0,60,6
4G-LXU023M-AGG,4G-LXU023M12-AGG,10.381534,105.380066,40.5,110,0,60,6
4G-LXU023M-AGG,4G-LXU023M13-AGG,10.381534,105.380066,40.5,190,0,60,6
LN-LXU034M-AGG,4G-LXU034M11-AGG,10.359706,105.455467,43.5,20,0,60,6
4G-LXU040M-AGG,4G-LXU040M11-AGG,10.360992,105.419851,34.5,0,0,60,6
4G-LXU043M-AGG,4G-LXU043M11-AGG,10.33696,105.47606,37.5,0,0,60,6
4G-LXU043M-AGG,4G-LXU043M12-AGG,10.33696,105.47606,37.5,130,0,60,6
4G-LXU043M-AGG,4G-LXU043W13-AGG,10.33696,105.47606,37.5,240,0,60,6
4G-LXU043M-AGG,4G-LXU043W16-AGG,10.33696,105.47606,37.5,240,0,60,6
4G-LXU067M-AGG,4G-LXU067M11-AGG,10.4243,105.44435,37.5,330,0,60,6
4G-LXU067M-AGG,4G-LXU067M12-AGG,10.4243,105.44435,37.5,130,0,60,6
4G-LXU067M-AGG,4G-LXU067M13-AGG,10.4243,105.44435,37.5,230,0,60,6
SL-LXU068M-AGG,4G-LXU068M12-AGG,10.322889,105.44575,40.5,100,0,60,6
SL-LXU068M-AGG,4G-LXU068M13-AGG,10.322889,105.44575,40.5,210,0,60,6
SL-LXU072M-AGG,4G-LXU072M12-AGG,10.3156,105.46693,40.5,140,0,60,6
SL-LXU072M-AGG,4G-LXU072M13-AGG,10.3156,105.46693,40.5,280,0,60,6
UL_LXU073M_AGG,4G-LXU073M12-AGG,10.35128,105.444797,37.5,110,0,60,6
UL_LXU079M_AGG,4G-LXU079M11-AGG,10.31692,105.47786,37.5,0,0,60,6
UL_LXU089M_AGG,4G-LXU089M11-AGG,10.40892,105.44386,37,30,0,60,6
4G-LXU094M-AGG,4G-LXU094M11-AGG,10.4328,105.4176,40.5,10,0,60,6
4G-LXU094M-AGG,4G-LXU094M12-AGG,10.4328,105.4176,40.5,120,0,60,6
4G-LXU104M-AGG,4G-LXU104M13-AGG,10.42501,105.42641,43,130,0,60,6
4G-LXU037M-AGG,4G-LXU202M11-AGG,10.3973,105.40195,34.5,340,0,60,6
4G-LXU037M-AGG,4G-LXU202M12-AGG,10.3973,105.40195,34.5,230,0,60,6
4G-MCB001M-BTE,4G-MCB001M12-BTE,10.12379,106.24448,38,120,0,60,6
LN-MCB002M-BTE,4G-MCB002M13-BTE,10.18376,106.27421,30,240,0,60,6
4G-MCB003M-BTE,4G-MCB003M12-BTE,10.13319,106.27949,42,160,0,60,6
4G-MCB004M-BTE,4G-MCB004M13-BTE,10.16346,106.33017,43,240,0,60,6
UL_MCB006M_BTE,4G-MCB006M11-BTE,10.21061,106.30306,37,330,0,60,6
UL_MCB006M_BTE,4G-MCB006M12-BTE,10.21061,106.30306,37,120,0,60,6
4G-MCB008M-BTE,4G-MCB008M11-BTE,10.18489,106.30685,39,20,0,60,6
UL_MCB009M_BTE,4G-MCB009M11-BTE,10.21896,106.28291,42,0,0,60,6
UL_MCB009M_BTE,4G-MCB009M13-BTE,10.21896,106.28291,42,240,0,60,6
4G-MCB011M-BTE,4G-MCB011M11-BTE,10.24703,106.2705,39,270,0,60,6
4G-MCB011M-BTE,4G-MCB011M12-BTE,10.24703,106.2705,39,100,0,60,6
4G-MCB011M-BTE,4G-MCB011M13-BTE,10.24703,106.2705,39,190,0,60,6
4G-MCB012M-BTE,4G-MCB012M11-BTE,10.17612,106.35457,36,340,0,60,6
4G-MCB012M-BTE,4G-MCB012M12-BTE,10.17612,106.35457,36,160,0,60,6
4G-MCB013M-BTE,4G-MCB013M11-BTE,10.23135,106.25938,40,330,0,60,6
UL_MCB014M_BTE,4G-MCB014M11-BTE,10.14884,106.30058,40,330,0,60,6
UL_MCB015M_BTE,4G-MCB015M12-BTE,10.21822,106.32156,40,160,0,60,6
UL_MCB017M_BTE,4G-MCB017M11-BTE,10.252436,106.290199,40,0,0,60,6
UL_MCB017M_BTE,4G-MCB017M12-BTE,10.252436,106.290199,40,110,0,60,6
UL_MCB017M_BTE,4G-MCB017M13-BTE,10.252436,106.290199,40,280,0,60,6
4G-MCB020M-BTE,4G-MCB020M12-BTE,10.143611,106.237221,36,120,0,60,6
4G-MCB020M-BTE,4G-MCB020M13-BTE,10.143611,106.237221,36,240,0,60,6
UL_MCB021M_BTE,4G-MCB021M13-BTE,10.202663,106.287104,40,180,0,60,6
UL_MCB022M_BTE,4G-MCB022M13-BTE,10.18896,106.34701,40,230,0,60,6
UL_MCB023M_BTE,4G-MCB023M13-BTE,10.183246,106.329855,40,280,0,60,6
UL_MCB025M_BTE,4G-MCB025M13-BTE,10.165467,106.309668,40,280,0,60,6
UL_MCB026M_BTE,4G-MCB026M12-BTE,10.215577,106.33941,41,150,0,60,6
UL_MCB027M_BTE,4G-MCB027M13-BTE,10.19116,106.288511,41,220,0,60,6
UL_MCB029M_BTE,4G-MCB029M11-BTE,10.227608,106.326678,42,20,0,60,6
UL_MCB029M_BTE,4G-MCB029M13-BTE,10.227608,106.326678,42,310,0,60,6
UL_MCB030M_BTE,4G-MCB030M13-BTE,10.202665,106.315838,42,220,0,60,6
UL_MCB031M_BTE,4G-MCB031M12-BTE,10.11596,106.28914,40,170,0,60,6
UL_MCB035M_BTE,4G-MCB035M11-BTE,10.223566,106.26741,40,90,0,60,6
UL_MCB035M_BTE,4G-MCB035M12-BTE,10.223566,106.26741,40,180,0,60,6
UL_MCB035M_BTE,4G-MCB035M13-BTE,10.223566,106.26741,40,260,0,60,6
SL-MCB037M-BTE,4G-MCB037M13-BTE,10.193997,106.29818,40,240,0,60,6
UL_MCB701B_BTE,4G-MCB701M14-BTE,10.130133,106.2614,40,310,0,60,6
UL_MCB704B_BTE,4G-MCB704M14-BTE,10.13603,106.29626,40,100,0,60,6
UL_MCB705B_BTE,4G-MCB705M11-BTE,10.22895,106.2951,36,310,0,60,6
UL_MCB705B_BTE,4G-MCB705M12-BTE,10.22895,106.2951,36,160,0,60,6
UL_MCB709B_BTE,4G-MCB709M11-BTE,10.2358,106.2684,40,320,0,60,6
UL_MCB709B_BTE,4G-MCB709M12-BTE,10.2358,106.2684,40,175,0,60,6
UL_MCB710B_BTE,4G-MCB710M11-BTE,10.244458,106.251633,57,80,0,60,6
UL_MCB710B_BTE,4G-MCB710M12-BTE,10.244458,106.251633,57,120,0,60,6
UL_MCB712B_BTE,4G-MCB712M11-BTE,10.145045,106.268242,40,0,0,60,6
UL_MCB712B_BTE,4G-MCB712M12-BTE,10.145045,106.268242,40,210,0,60,6
4G-MCB007M-BTE,4G-MCB716M11-BTE,10.20996,106.32753,40,20,0,60,6
4G-MCN001M-BTE,4G-MCN001M11-BTE,10.08016,106.37402,37,50,0,60,6
4G-MCN005M-BTE,4G-MCN005M11-BTE,10.09889,106.29097,39,320,0,60,6
4G-MCN005M-BTE,4G-MCN005M12-BTE,10.09889,106.29097,39,60,0,60,6
4G-MCN005M-BTE,4G-MCN005M13-BTE,10.09889,106.29097,39,200,0,60,6
4G-MCN007M-BTE,4G-MCN007M12-BTE,10.14252,106.35873,42,130,0,60,6
4G-MCN007M-BTE,4G-MCN007M13-BTE,10.14252,106.35873,42,250,0,60,6
4G-MCN008M-BTE,4G-MCN008M12-BTE,10.01575,106.40245,40,100,0,60,6
4G-MCN010M-BTE,4G-MCN010M11-BTE,10.05582,106.36951,39,340,0,60,6
4G-MCN012M-BTE,4G-MCN012M12-BTE,10.06457,106.2929,40,130,0,60,6
4G-MCN012M-BTE,4G-MCN012M13-BTE,10.06457,106.2929,40,300,0,60,6
4G-MCN013M-BTE,4G-MCN013M13-BTE,10.1246,106.36362,29,240,0,60,6
4G-MCN014M-BTE,4G-MCN014M12-BTE,10.11179,106.38669,42,120,0,60,6
4G-MCN014M-BTE,4G-MCN014M13-BTE,10.11179,106.38669,42,230,0,60,6
4G-MCN021M-BTE,4G-MCN021M11-BTE,10.11841,106.33859,41,340,0,60,6
4G-MCN023M-BTE,4G-MCN023M11-BTE,10.05752,106.41093,42,30,0,60,6
4G-MCN023M-BTE,4G-MCN023M12-BTE,10.05752,106.41093,42,170,0,60,6
4G-MCN024M-BTE,4G-MCN024M13-BTE,9.99155,106.41659,41,210,0,60,6
4G-MCN025M-BTE,4G-MCN025M11-BTE,10.10826,106.36969,40,0,0,60,6
4G-MCN028M-BTE,4G-MCN028M12-BTE,10.14432,106.33081,42,160,0,60,6
4G-MCN030M-BTE,4G-MCN030M11-BTE,10.15975,106.34731,40,310,0,60,6
4G-MCN030M-BTE,4G-MCN030M12-BTE,10.15975,106.34731,40,120,0,60,6
4G-MCN032M-BTE,4G-MCN032M11-BTE,10.00223,106.3971,40,0,0,60,6
4G-MCN032M-BTE,4G-MCN032M12-BTE,10.00223,106.3971,40,100,0,60,6
4G-MCN032M-BTE,4G-MCN032M13-BTE,10.00223,106.3971,40,260,0,60,6
4G-MCN033M-BTE,4G-MCN033M12-BTE,10.07163,106.36251,40,80,0,60,6
4G-MCN033M-BTE,4G-MCN033M13-BTE,10.07163,106.36251,40,210,0,60,6
4G-MCN035M-BTE,4G-MCN035M11-BTE,10.094877,106.386874,40,0,0,60,6
4G-MCN035M-BTE,4G-MCN035M12-BTE,10.094877,106.386874,40,110,0,60,6
4G-MCN035M-BTE,4G-MCN035M13-BTE,10.094877,106.386874,40,220,0,60,6
4G-MCN038M-BTE,4G-MCN038M13-BTE,10.11317,106.29925,40.5,240,0,60,6
4G-MCN039M-BTE,4G-MCN039M12-BTE,10.08238,106.35905,38,140,0,60,6
4G-MCN040M-BTE,4G-MCN040M11-BTE,10.07377,106.28206,43,25,0,60,6
4G-MCN040M-BTE,4G-MCN040M12-BTE,10.07377,106.28206,43,100,0,60,6
4G-MCN042M-BTE,4G-MCN042M12-BTE,10.070555,106.328647,40,175,0,60,6
4G-MCN043M-BTE,4G-MCN043M11-BTE,10.11621,106.32833,40,40,0,60,6
4G-MCN043M-BTE,4G-MCN043M12-BTE,10.11621,106.32833,40,185,0,60,6
4G-MCN043M-BTE,4G-MCN043M13-BTE,10.11621,106.32833,40,290,0,60,6
SL-MCN045M-BTE,4G-MCN045M11-BTE,10.064322,106.354073,40,70,0,60,6
SL-MCN045M-BTE,4G-MCN045M13-BTE,10.064322,106.354073,40,250,0,60,6
4G-MCN047M-BTE,4G-MCN047M11-BTE,10.117916,106.311914,40,10,0,60,6
4G-MCN701B-BTE,4G-MCN701M11-BTE,10.10218,106.30906,30,30,0,60,6
4G-MCN701B-BTE,4G-MCN701M12-BTE,10.10218,106.30906,30,240,0,60,6
4G-MCN702B-BTE,4G-MCN702M11-BTE,10.0958,106.329,36,350,0,60,6
4G-MCN702B-BTE,4G-MCN702M12-BTE,10.0958,106.329,36,180,0,60,6
4G-MCN702B-BTE,4G-MCN702M13-BTE,10.0958,106.329,36,250,0,60,6
4G-MCN706B-BTE,4G-MCN706M11-BTE,10.13807,106.31996,41,20,0,60,6
4G-MCN706B-BTE,4G-MCN706M13-BTE,10.13807,106.31996,41,270,0,60,6
UL_MCN709B_BTE,4G-MCN709M11-BTE,10.1355,106.37607,38,320,0,60,6
UL_MCN709B_BTE,4G-MCN709M12-BTE,10.1355,106.37607,38,180,0,60,6
UL_MCN710B_BTE,4G-MCN710M12-BTE,10.092173,106.408598,38,150,0,60,6
UL_MCN711B_BTE,4G-MCN711M11-BTE,10.02593,106.34016,37,0,0,60,6
UL_MCN711B_BTE,4G-MCN711M12-BTE,10.02593,106.34016,37,120,0,60,6
SL-MCN717B-BTE,4G-MCN717M11-BTE,10.07171,106.35021,43,65,0,60,6
UL_MHO004M_LAN,4G-MHO004M11-LAN,10.7815,105.9379,40,70,0,60,6
UL_MHO004M_LAN,4G-MHO004M13-LAN,10.7815,105.9379,40,240,0,60,6
UL_MHO005M_LAN,4G-MHO005M11-LAN,10.73397,106.01195,33,10,0,60,6
4G-MHO006M-LAN,4G-MHO006M11-LAN,10.72859,106.05704,40,340,0,60,6
4G-MHO006M-LAN,4G-MHO006M12-LAN,10.72859,106.05704,40,110,0,60,6
4G-MHO006M-LAN,4G-MHO006M13-LAN,10.72859,106.05704,40,250,0,60,6
UL_MHO007M_LAN,4G-MHO007M11-LAN,10.6983,105.9659,39,350,0,60,6
UL_MHO008M_LAN,4G-MHO008M12-LAN,10.78985,106.04976,37,90,0,60,6
UL_MHO008M_LAN,4G-MHO008M13-LAN,10.78985,106.04976,37,230,0,60,6
4G-MHO014M-LAN,4G-MHO014M11-LAN,10.72189,105.97762,39,320,0,60,6
UL_MHO018M_LAN,4G-MHO018M11-LAN,10.71589,106.07405,36,30,0,60,6
UL_MHO018M_LAN,4G-MHO018M12-LAN,10.71589,106.07405,36,110,0,60,6
UL_MHO018M_LAN,4G-MHO018M13-LAN,10.71589,106.07405,36,250,0,60,6
UL_MHO025M_LAN,4G-MHO025M11-LAN,10.778806,105.96764,40,320,0,60,6
UL_MHO025M_LAN,4G-MHO025M12-LAN,10.778806,105.96764,40,130,0,60,6
4G-MHO026M-LAN,4G-MHO026M12-LAN,10.67339,106.01422,37,120,0,60,6
UL_MHO029M_LAN,4G-MHO029M12-LAN,10.7787,105.9452,40,110,0,60,6
UL_MHO033M_LAN,4G-MHO033M11-LAN,10.71952,106.05232,40,30,0,60,6
UL_MHO033M_LAN,4G-MHO033M13-LAN,10.71952,106.05232,40,300,0,60,6
4G-MHO035M-LAN,4G-MHO035M12-LAN,10.70614,106.04802,40,70,0,60,6
4G-MHO035M-LAN,4G-MHO035M13-LAN,10.70614,106.04802,40,240,0,60,6
4G-MHO036M-LAN,4G-MHO036M11-LAN,10.7502,105.99584,40,30,0,60,6
4G-MHO036M-LAN,4G-MHO036M13-LAN,10.7502,105.99584,40,330,0,60,6
UL_MHO700B_LAN,4G-MHO700M11-LAN,10.822662,106.019592,40,0,0,60,6
UL_MHO702B_LAN,4G-MHO702M11-LAN,10.748426,106.058501,40,40,0,60,6
UL_MHO702B_LAN,4G-MHO702M12-LAN,10.748426,106.058501,40,210,0,60,6
UL_MHO703B_LAN,4G-MHO703M11-LAN,10.804149,105.99667,27,50,0,60,6
UL_MHO705B_LAN,4G-MHO705M12-LAN,10.788682,105.945825,37,180,0,60,6
SL-MTH001M-VLG,4G-MTH001M11-VLG,10.1734,106.13343,40.5,350,0,60,6
4G-MTH002M-TGG,4G-MTH002M11-TGG,10.389695,106.350669,28,0,0,60,6
4G-MTH002M-VLG,4G-MTH002M12-VLG,10.203599,106.137934,34,140,0,60,6
4G-MTH003M-TGG,4G-MTH003M11-TGG,10.3747,106.36247,27,20,0,60,6
4G-MTH003M-TGG,4G-MTH003M12-TGG,10.3747,106.36247,27,140,0,60,6
4G-MTH005M-VLG,4G-MTH005M11-VLG,10.1549,106.05476,41,320,0,60,6
4G-MTH005M-VLG,4G-MTH005M13-VLG,10.1549,106.05476,41,170,0,60,6
4G-MTH006M-VLG,4G-MTH006M11-VLG,10.214116,106.036426,39,25,0,60,6
4G-MTH006M-VLG,4G-MTH006M12-VLG,10.214116,106.036426,39,120,0,60,6
4G-MTH006M-VLG,4G-MTH006M13-VLG,10.214116,106.036426,39,235,0,60,6
LN-MTH007M-VLG,4G-MTH007M11-VLG,10.174333,106.109696,24,60,0,60,6
LN-MTH007M-VLG,4G-MTH007M13-VLG,10.174333,106.109696,24,270,0,60,6
4G-MTH008M-VLG,4G-MTH008M11-VLG,10.240218,106.060251,34,275,0,60,6
4G-MTH008M-TGG,4G-MTH008M12-TGG,10.371,106.36652,28,140,0,60,6
4G-MTH008M-VLG,4G-MTH008M12-VLG,10.240218,106.060251,34,90,0,60,6
4G-MTH008M-VLG,4G-MTH008M13-VLG,10.240218,106.060251,34,180,0,60,6
UL_MTH010M_VLG,4G-MTH010M12-VLG,10.23193,106.10189,34,80,0,60,6
LN-MTH011M-TGG,4G-MTH011M11-TGG,10.35179,106.37471,25,0,0,60,6
4G-MTH012M-TGG,4G-MTH012M11-TGG,10.38471,106.34051,22,350,0,60,6
4G-MTH012M-VLG,4G-MTH012M11-VLG,10.19011,106.15176,41,270,0,60,6
4G-MTH013M-TGG,4G-MTH013M11-TGG,10.37991,106.34958,27,0,0,60,6
4G-MTH013M-VLG,4G-MTH013M11-VLG,10.18358,106.04233,41,300,0,60,6
4G-MTH013M-VLG,4G-MTH013M13-VLG,10.18358,106.04233,41,170,0,60,6
4G-MTH014M-TGG,4G-MTH014M11-TGG,10.3574,106.37859,26,0,0,60,6
4G-MTH017M-TGG,4G-MTH017M11-TGG,10.38008,106.37797,31,20,0,60,6
4G-MTH017M-TGG,4G-MTH017M12-TGG,10.38008,106.37797,31,120,0,60,6
4G-MTH020M-TGG,4G-MTH020M11-TGG,10.36444,106.33349,25,0,0,60,6
4G-MTH020M-TGG,4G-MTH020M12-TGG,10.36444,106.33349,25,120,0,60,6
4G-MTH021M-VLG,4G-MTH021M11-VLG,10.237759,106.035314,37,0,0,60,6
4G-MTH022M-VLG,4G-MTH022M13-VLG,10.20457,106.11323,41,150,0,60,6
4G-MTH024M-VLG,4G-MTH024M11-VLG,10.18883,106.12311,38,50,0,60,6
4G-MTH024M-VLG,4G-MTH024M13-VLG,10.18883,106.12311,38,320,0,60,6
4G-MTH025M-VLG,4G-MTH025M11-VLG,10.18717,106.02864,41,310,0,60,6
LN-MTH026M-TGG,4G-MTH026M11-TGG,10.35131,106.34767,28,0,0,60,6
4G-MTH026M-VLG,4G-MTH026M11-VLG,10.221758,106.049057,40,330,0,60,6
4G-MTH026M-VLG,4G-MTH026M13-VLG,10.221758,106.049057,40,220,0,60,6
4G-MTH027M-VLG,4G-MTH027M11-VLG,10.22541,106.00401,39,340,0,60,6
4G-MTH027M-VLG,4G-MTH027M12-VLG,10.22541,106.00401,39,170,0,60,6
4G-MTH028M-VLG,4G-MTH028M13-VLG,10.20078,106.02174,41,230,0,60,6
LN-MTH029M-TGG,4G-MTH029M11-TGG,10.36344,106.36275,23,20,0,60,6
LN-MTH029M-VLG,4G-MTH029M11-VLG,10.17191,106.09695,41,350,0,60,6
LN-MTH029M-VLG,4G-MTH029M12-VLG,10.17191,106.09695,41,100,0,60,6
4G-MTH030M-VLG,4G-MTH030M13-VLG,10.21891,106.01436,41,240,0,60,6
4G-MTH031M-TGG,4G-MTH031M12-TGG,10.33271,106.31511,31,120,0,60,6
4G-MTH032M-VLG,4G-MTH032M11-VLG,10.142562,106.036649,41,300,0,60,6
4G-MTH032M-VLG,4G-MTH032M12-VLG,10.142562,106.036649,41,130,0,60,6
4G-MTH033M-VLG,4G-MTH033M11-VLG,10.16993,106.065109,41,30,0,60,6
LN-MTH033M-TGG,4G-MTH033M12-TGG,10.36582,106.3258,36,100,0,60,6
4G-MTH033M-VLG,4G-MTH033M12-VLG,10.16993,106.065109,41,110,0,60,6
LN-MTH033M-TGG,4G-MTH033M13-TGG,10.36582,106.3258,36,240,0,60,6
4G-MTH034M-TGG,4G-MTH034M11-TGG,10.35786,106.32759,25,0,0,60,6
4G-MTH034M-VLG,4G-MTH034M11-VLG,10.14218,106.095957,41,0,0,60,6
4G-MTH034M-TGG,4G-MTH034M12-TGG,10.35786,106.32759,25,120,0,60,6
4G-MTH034M-TGG,4G-MTH034M13-TGG,10.35786,106.32759,25,240,0,60,6
4G-MTH035M-TGG,4G-MTH035M11-TGG,10.34743,106.32417,25,0,0,60,6
4G-MTH035M-TGG,4G-MTH035M13-TGG,10.34743,106.32417,25,240,0,60,6
4G-MTH036M-VLG,4G-MTH036M11-VLG,10.1342,106.0655,41,350,0,60,6
4G-MTH036M-VLG,4G-MTH036M12-VLG,10.1342,106.0655,41,130,0,60,6
4G-MTH036M-VLG,4G-MTH036M13-VLG,10.1342,106.0655,41,270,0,60,6
LN-MTH041M-TGG,4G-MTH041M13-TGG,10.35362,106.36933,26,290,0,60,6
SL-MTH044M-VLG,4G-MTH044M12-VLG,10.2196,106.1008,40,160,0,60,6
UL_MTH044M_TGG,4G-MTH044M13-TGG,10.36786,106.34785,30,240,0,60,6
SL-MTH044M-VLG,4G-MTH044M13-VLG,10.2196,106.1008,40,280,0,60,6
4G-MTH047M-TGG,4G-MTH047M11-TGG,10.33441,106.33431,25,320,0,60,6
4G-MTH047M-TGG,4G-MTH047M12-TGG,10.33441,106.33431,25,80,0,60,6
4G-MTH047M-TGG,4G-MTH047M13-TGG,10.33441,106.33431,25,250,0,60,6
4G-MTH049M-TGG,4G-MTH049M12-TGG,10.36011,106.39538,31,90,0,60,6
UL_MTH052M_TGG,4G-MTH052M11-TGG,10.367408,106.361085,27,30,0,60,6
4G-MTH058M-TGG,4G-MTH058M12-TGG,10.385119,106.395092,34,60,0,60,6
SL-MTH059M-TGG,4G-MTH059M11-TGG,10.37786,106.32999,27,10,0,60,6
SL-MTH059M-TGG,4G-MTH059M12-TGG,10.37786,106.32999,27,150,0,60,6
SL-MTH059M-TGG,4G-MTH059M13-TGG,10.37786,106.32999,27,270,0,60,6
4G-MTH060M-TGG,4G-MTH060M11-TGG,10.35016,106.39256,28,40,0,60,6
4G-MTH060M-TGG,4G-MTH060M12-TGG,10.35016,106.39256,28,120,0,60,6
4G-MTH063M-TGG,4G-MTH063M11-TGG,10.36976,106.341683,30,30,0,60,6
4G-MTH063M-TGG,4G-MTH063M13-TGG,10.36976,106.341683,30,270,0,60,6
4G-MTH064M-TGG,4G-MTH064M11-TGG,10.35733,106.33761,28,330,0,60,6
4G-MTH067M-TGG,4G-MTH067M11-TGG,10.345208,106.380324,36,0,0,60,6
4G-MTH068M-TGG,4G-MTH068M11-TGG,10.3415,106.31305,28,330,0,60,6
4G-MTH068M-TGG,4G-MTH068M13-TGG,10.3415,106.31305,28,270,0,60,6
4G-MTH069M-TGG,4G-MTH069M11-TGG,10.36728,106.40962,37,50,0,60,6
4G-MTH069M-TGG,4G-MTH069M13-TGG,10.36728,106.40962,37,240,0,60,6
4G-MTH070M-TGG,4G-MTH070M11-TGG,10.368339,106.388104,39,0,0,60,6
4G-MTH072M-TGG,4G-MTH072M11-TGG,10.38494,106.359577,27,350,0,60,6
UL_MTH081M_TGG,4G-MTH081M11-TGG,10.34437,106.40537,34,310,0,60,6
UL_MTH087M_TGG,4G-MTH087M11-TGG,10.3263,106.30481,42,350,0,60,6
UL_MTH087M_TGG,4G-MTH087M12-TGG,10.3263,106.30481,42,90,0,60,6
UL_MTH087M_TGG,4G-MTH087M13-TGG,10.3263,106.30481,42,270,0,60,6
UL_MTH089M_TGG,4G-MTH089M11-TGG,10.34785,106.33138,27,320,0,60,6
4G-MTH094M-TGG,4G-MTH094M11-TGG,10.382867,106.369052,35,340,0,60,6
4G-MTH095M-TGG,4G-MTH095M11-TGG,10.3471,106.31647,31,30,0,60,6
4G-MTH095M-TGG,4G-MTH095M12-TGG,10.3471,106.31647,31,150,0,60,6
4G-MTH098M-TGG,4G-MTH098M13-TGG,10.40967,106.33797,36,240,0,60,6
UL_MTH100M_TGG,4G-MTH100M11-TGG,10.3508,106.3874,34,0,0,60,6
UL_MTH100M_TGG,4G-MTH100M12-TGG,10.3508,106.3874,34,120,0,60,6
UL_MTH101M_TGG,4G-MTH101M11-TGG,10.39207,106.33704,30,10,0,60,6
4G-MTH102M-TGG,4G-MTH102M11-TGG,10.378432,106.388368,33,350,0,60,6
4G-MTH102M-TGG,4G-MTH102M12-TGG,10.378432,106.388368,33,90,0,60,6
4G-MTH102M-TGG,4G-MTH102M13-TGG,10.378432,106.388368,33,220,0,60,6
4G-MTH104M-TGG,4G-MTH104M11-TGG,10.3624,106.3782,32,0,0,60,6
4G-MTH106M-TGG,4G-MTH106M11-TGG,10.372374,106.335416,30,0,0,60,6
UL_MTH107M_TGG,4G-MTH107M11-TGG,10.356903,106.33331,36,0,0,60,6
UL_MTH107M_TGG,4G-MTH107M13-TGG,10.356903,106.33331,36,240,0,60,6
UL_MTH108M_TGG,4G-MTH108M11-TGG,10.3606,106.3331,32,0,0,60,6
UL_MTH108M_TGG,4G-MTH108M12-TGG,10.3606,106.3331,32,120,0,60,6
4G-MTH110M-TGG,4G-MTH110M13-TGG,10.357691,106.317356,41,240,0,60,6
4G-MTH111M-TGG,4G-MTH111M12-TGG,10.372908,106.316441,36,120,0,60,6
4G-MTH111M-TGG,4G-MTH111M13-TGG,10.372908,106.316441,36,240,0,60,6
4G-MTH116M-TGG,4G-MTH116M12-TGG,10.345932,106.400982,40,140,0,60,6
UL_MTH125M_TGG,4G-MTH125M11-TGG,10.379595,106.341096,30,350,0,60,6
UL_MTH125M_TGG,4G-MTH125M12-TGG,10.379595,106.341096,30,120,0,60,6
4G-MTH141M-TGG,4G-MTH141M13-TGG,10.367139,106.39465,34.5,240,0,60,6
UL_MTH700B_TGG,4G-MTH700M11-TGG,10.40049,106.35351,38,100,0,60,6
UL_NBE002M_HCM,4G-NBE002M12-HCM,10.662504,106.69604,28,110,0,60,6
4G-NBE003M-HCM,4G-NBE003M12-HCM,10.670094,106.723352,28,100,0,60,6
4G-NBE003M-HCM,4G-NBE003M13-HCM,10.670094,106.723352,28,240,0,60,6
4G-NBE008M-HCM,4G-NBE008M12-HCM,10.630353,106.758326,28,120,0,60,6
4G-NBE011M-HCM,4G-NBE011M12-HCM,10.60547,106.74145,25,90,0,60,6
4G-NBE016M-HCM,4G-NBE016M13-HCM,10.631807,106.736383,22,220,0,60,6
4G-NBE017M-HCM,4G-NBE017M12-HCM,10.68657,106.70107,21,170,0,60,6
4G-NBE026M-HCM,4G-NBE026M12-HCM,10.676004,106.758815,21,120,0,60,6
UL_NBE037M_HCM,4G-NBE037M12-HCM,10.708559,106.690064,25,60,0,60,6
4G-NBE042M-HCM,4G-NBE042M11-HCM,10.63985,106.75285,21,90,0,60,6
4G-NBE042M-HCM,4G-NBE042M12-HCM,10.63985,106.75285,21,180,0,60,6
4G-NBE042M-HCM,4G-NBE042M13-HCM,10.63985,106.75285,21,320,0,60,6
4G-NBE049M-HCM,4G-NBE049M11-HCM,10.646802,106.738378,22,350,0,60,6
4G-NBE061M-HCM,4G-NBE061M13-HCM,10.614497,106.738632,30,240,0,60,6
UL_NBE080M_HCM,4G-NBE080M11-HCM,10.698881,106.714151,27,0,0,60,6
UL_NBE080M_HCM,4G-NBE080M12-HCM,10.698881,106.714151,27,110,0,60,6
UL_NBE080M_HCM,4G-NBE080M13-HCM,10.698881,106.714151,27,240,0,60,6
UL_NBE085M_HCM,4G-NBE085M11-HCM,10.70346,106.686703,18,30,0,60,6
UL_NBE085M_HCM,4G-NBE085M12-HCM,10.70346,106.686703,18,190,0,60,6
UL_NBE092M_HCM,4G-NBE092M13-HCM,10.593109,106.743277,30,280,0,60,6
UL_NBE094M_HCM,4G-NBE094M12-HCM,10.683665,106.736575,21,100,0,60,6
UL_NBE098M_HCM,4G-NBE098M12-HCM,10.624432,106.753412,23,95,0,60,6
UL_NBE098M_HCM,4G-NBE098M13-HCM,10.624432,106.753412,23,235,0,60,6
UL_NBE102B_HCM,4G-NBE102M12-HCM,10.68747,106.69267,27,120,0,60,6
UL_NBE107M_HCM,4G-NBE107M11-HCM,10.583874,106.742415,27,0,0,60,6
UL_NBE107M_HCM,4G-NBE107M13-HCM,10.583874,106.742415,27,290,0,60,6
UL_NBE109M_HCM,4G-NBE109M12-HCM,10.698366,106.704282,21,130,0,60,6
UL_NBE111M_HCM,4G-NBE111M13-HCM,10.663259,106.693013,28.5,240,0,60,6
UL_NBE116M_HCM,4G-NBE116M11-HCM,10.703021,106.722724,27,340,0,60,6
UL_NBE116M_HCM,4G-NBE116M13-HCM,10.703021,106.722724,27,240,0,60,6
UL_NBE102B_HCM,4G-NBE118M11-HCM,10.696948,106.684691,16.5,30,0,60,6
UL_NBE121M_HCM,4G-NBE121M11-HCM,10.653557,106.693971,29,320,0,60,6
UL_NBE122M_HCM,4G-NBE122M12-HCM,10.669869,106.714377,29,90,0,60,6
UL_NBE131M_HCM,4G-NBE131M11-HCM,10.677486,106.689653,23,80,0,60,6
UL_NBE131M_HCM,4G-NBE131M12-HCM,10.677486,106.689653,23,160,0,60,6
UL_NBE131M_HCM,4G-NBE131M13-HCM,10.677486,106.689653,23,270,0,60,6
4G-NBE138M-HCM,4G-NBE138M12-HCM,10.619714,106.753053,22,100,0,60,6
4G-NBE138M-HCM,4G-NBE138M13-HCM,10.619714,106.753053,22,220,0,60,6
4G-NBE052M-HCM,4G-NBE140M11-HCM,10.66767,106.70845,22,70,0,60,6
4G-NBE052M-HCM,4G-NBE140M12-HCM,10.66767,106.70845,22,250,0,60,6
4G-NKI097M-CTO,4G-NKI097M13-CTO,9.995353,105.73305,34.5,270,0,60,6
UL_NKI142M_CTO,4G-NKI142M13-CTO,10.011846,105.737823,28,240,0,60,6
4G-NKI154M-CTO,4G-NKI154M11-CTO,10.030903,105.763427,23,20,0,60,6
4G-NKI204B-CTO,4G-NKI204M11-CTO,10.006256,105.721414,29,120,0,60,6
UL_NKI206B_CTO,4G-NKI206M12-CTO,10.049089,105.790648,20,120,0,60,6
UL_NKI208B_CTO,4G-NKI208M15-CTO,10.019758,105.766796,30,160,0,60,6
SL-NTR002M-DNI,4G-NTR002M13-DNI,10.70214,106.90842,28,260,0,60,6
UL_NTR006M_DNI,4G-NTR006M12-DNI,10.722888,106.957057,29,60,0,60,6
4G-NTR009M-DNI,4G-NTR009M13-DNI,10.706023,106.849656,42,250,0,60,6
4G-NTR010M-DNI,4G-NTR010M11-DNI,10.70623,106.82041,36,10,0,60,6
4G-NTR010M-DNI,4G-NTR010M12-DNI,10.70623,106.82041,36,110,0,60,6
UL_NTR027M_DNI,4G-NTR027M12-DNI,10.704422,106.93585,27,100,0,60,6
UL_NTR027E_DNI,4G-NTR027M14-DNI,10.704193,106.919894,24,20,0,60,6
UL_NTR027E_DNI,4G-NTR027M16-DNI,10.704193,106.919894,24,300,0,60,6
UL_NTR031M_DNI,4G-NTR031M13-DNI,10.751888,106.911001,31,250,0,60,6
UL_NTR039M_DNI,4G-NTR039M11-DNI,10.74429,106.91485,28,0,0,60,6
UL_NTR039M_DNI,4G-NTR039M13-DNI,10.74429,106.91485,28,240,0,60,6
UL_NTR040M_DNI,4G-NTR040M13-DNI,10.7042,106.94511,25,170,0,60,6
UL_NTR041M_DNI,4G-NTR041M13-DNI,10.7398,106.9256,28,300,0,60,6
UL_NTR045M_DNI,4G-NTR045M13-DNI,10.73433,106.92222,27,240,0,60,6
UL_NTR050M_DNI,4G-NTR050M12-DNI,10.74535,106.88431,37,100,0,60,6
UL_NTR053M_DNI,4G-NTR053M11-DNI,10.67314,106.80022,37,90,0,60,6
UL_NTR054M_DNI,4G-NTR054M11-DNI,10.745556,106.9625,31,60,0,60,6
UL_NTR054M_DNI,4G-NTR054M13-DNI,10.745556,106.9625,31,230,0,60,6
UL_NTR067M_DNI,4G-NTR067M11-DNI,10.70789,106.92412,28,10,0,60,6
UL_NTR067M_DNI,4G-NTR067M13-DNI,10.70789,106.92412,28,230,0,60,6
UL_NTR071M_DNI,4G-NTR071M11-DNI,10.71129,106.96316,28.5,330,0,60,6
UL_NTR071M_DNI,4G-NTR071M13-DNI,10.71129,106.96316,28.5,240,0,60,6
UL_NTR074M_DNI,4G-NTR074M13-DNI,10.69736,106.93745,28,200,0,60,6
UL_NTR075M_DNI,4G-NTR075M11-DNI,10.69952,106.95147,28.5,0,0,60,6
UL_NTR075M_DNI,4G-NTR075M13-DNI,10.69952,106.95147,28.5,260,0,60,6
UL_NTR076M_DNI,4G-NTR076M12-DNI,10.7148,106.9213,28,120,0,60,6
UL_NTR076M_DNI,4G-NTR076M13-DNI,10.7148,106.9213,28,240,0,60,6
UL_NTR077M_DNI,4G-NTR077M11-DNI,10.73062,106.86296,31,10,0,60,6
UL_NTR084M_DNI,4G-NTR084M12-DNI,10.70364,106.958546,28,110,0,60,6
UL_NTR086M_DNI,4G-NTR086M13-DNI,10.70096,106.93024,28,210,0,60,6
UL_NTR091M_DNI,4G-NTR091M11-DNI,10.714865,106.95353,28.5,40,0,60,6
UL_NTR092M_DNI,4G-NTR092M11-DNI,10.75937,106.93492,28,0,0,60,6
UL_NTR092M_DNI,4G-NTR092M13-DNI,10.75937,106.93492,28,250,0,60,6
UL_NTR096M_DNI,4G-NTR096M11-DNI,10.750679,106.942714,25,20,0,60,6
4G-NTR097M-DNI,4G-NTR097M11-DNI,10.72305,106.82026,28,0,0,60,6
4G-NTR097M-DNI,4G-NTR097M13-DNI,10.72305,106.82026,28,180,0,60,6
4G-NTR098M-DNI,4G-NTR098M11-DNI,10.74195,106.89954,28,30,0,60,6
4G-NTR098M-DNI,4G-NTR098M13-DNI,10.74195,106.89954,28,240,0,60,6
4G-NTR100M-DNI,4G-NTR100M11-DNI,10.690249,106.802887,28,50,0,60,6
4G-NTR101M-DNI,4G-NTR101M11-DNI,10.72622,106.95222,28,60,0,60,6
4G-NTR103M-DNI,4G-NTR103M13-DNI,10.72835,106.82561,28,250,0,60,6
4G-NTR104M-DNI,4G-NTR104M12-DNI,10.722488,106.846364,28,60,0,60,6
4G-NTR104M-DNI,4G-NTR104M13-DNI,10.722488,106.846364,28,180,0,60,6
4G-NTR105M-DNI,4G-NTR105M11-DNI,10.736211,106.812999,29,0,0,60,6
4G-NTR105M-DNI,4G-NTR105M12-DNI,10.736211,106.812999,29,90,0,60,6
4G-NTR105M-DNI,4G-NTR105M13-DNI,10.736211,106.812999,29,180,0,60,6
4G-NTR108M-DNI,4G-NTR108M11-DNI,10.74594,106.80066,31,40,0,60,6
4G-NTR108M-DNI,4G-NTR108M12-DNI,10.74594,106.80066,31,120,0,60,6
4G-NTR108M-DNI,4G-NTR108M13-DNI,10.74594,106.80066,31,260,0,60,6
4G-NTR109M-DNI,4G-NTR109M13-DNI,10.73852,106.9027,40.5,270,0,60,6
4G-NTR110M-DNI,4G-NTR110M11-DNI,10.721999,106.838474,28,330,0,60,6
4G-NTR110M-DNI,4G-NTR110M12-DNI,10.721999,106.838474,28,80,0,60,6
4G-NTR110M-DNI,4G-NTR110M13-DNI,10.721999,106.838474,28,220,0,60,6
UL_NTR113M_DNI,4G-NTR113W11-DNI,10.753867,106.916709,28,0,0,60,6
4G-NTR117M-DNI,4G-NTR117M11-DNI,10.71515,106.96069,34,20,0,60,6
4G-NTR117M-DNI,4G-NTR117M13-DNI,10.71515,106.96069,34,220,0,60,6
4G-NTR118M-DNI,4G-NTR118M11-DNI,10.707751,106.958465,22,50,0,60,6
4G-NTR118M-DNI,4G-NTR118M12-DNI,10.707751,106.958465,22,200,0,60,6
UL_NTR128M_DNI,4G-NTR128M11-DNI,10.706983,106.91489,28,10,0,60,6
4G-NTR132M-DNI,4G-NTR132M13-DNI,10.77046,106.92397,28,170,0,60,6
4G-NTR151M-DNI,4G-NTR151M11-DNI,10.706037,106.910851,28,10,0,60,6
4G-NTR151M-DNI,4G-NTR151M12-DNI,10.706037,106.910851,28,140,0,60,6
4G-NTR151M-DNI,4G-NTR151M13-DNI,10.706037,106.910851,28,260,0,60,6
4G-NTR153M-DNI,4G-NTR153M11-DNI,10.69599,106.9324,34,10,0,60,6
4G-NTR153M-DNI,4G-NTR153M12-DNI,10.69599,106.9324,34,150,0,60,6
4G-NTR153M-DNI,4G-NTR153M13-DNI,10.69599,106.9324,34,270,0,60,6
4G-NTR167M-DNI,4G-NTR167M13-DNI,10.74581,106.950248,28,260,0,60,6
4G-NTR181M-DNI,4G-NTR181M13-DNI,10.683712,106.952481,28,310,0,60,6
4G-NTR184M-DNI,4G-NTR184M11-DNI,10.694134,106.941603,28,350,0,60,6
SL-NTR701B-DNI,4G-NTR701M11-DNI,10.68496,106.91674,30,80,0,60,6
UL_NTR704B_DNI,4G-NTR704M11-DNI,10.75461,106.94341,21,10,0,60,6
UL_NTR705B_DNI,4G-NTR705M11-DNI,10.70175,106.820586,34,330,0,60,6
UL_NTR705B_DNI,4G-NTR705M12-DNI,10.70175,106.820586,34,140,0,60,6
4G-OMO003M-CTO,4G-OMO003M13-CTO,10.10517,105.67184,37,240,0,60,6
4G-OMO006M-CTO,4G-OMO006M11-CTO,10.129301,105.67896,34.5,300,0,60,6
4G-OMO006M-CTO,4G-OMO006M12-CTO,10.129301,105.67896,34.5,120,0,60,6
4G-OMO008M-CTO,4G-OMO008M11-CTO,10.09994,105.69073,30.5,10,0,60,6
4G-OMO008M-CTO,4G-OMO008M12-CTO,10.09994,105.69073,30.5,120,0,60,6
4G-OMO008M-CTO,4G-OMO008M13-CTO,10.09994,105.69073,30.5,230,0,60,6
4G-OMO010M-CTO,4G-OMO010M12-CTO,10.16232,105.627901,28.5,150,0,60,6
4G-OMO014M-CTO,4G-OMO014M12-CTO,10.08219,105.67035,40,120,0,60,6
4G-OMO015M-CTO,4G-OMO015M12-CTO,10.18903,105.60966,40.5,120,0,60,6
4G-OMO015M-CTO,4G-OMO015M13-CTO,10.18903,105.60966,40.5,240,0,60,6
SL-OMO022M-CTO,4G-OMO022M11-CTO,10.1808,105.5976,37,50,0,60,6
SL-OMO022M-CTO,4G-OMO022M12-CTO,10.1808,105.5976,37,150,0,60,6
SL-OMO022M-CTO,4G-OMO022M13-CTO,10.1808,105.5976,37,250,0,60,6
4G-OMO030M-CTO,4G-OMO030M11-CTO,10.091962,105.678908,34,10,0,60,6
4G-OMO030M-CTO,4G-OMO030M13-CTO,10.091962,105.678908,34,210,0,60,6
UL_OMO039M_CTO,4G-OMO039M13-CTO,10.147876,105.577966,40,300,0,60,6
4G-OMO043M-CTO,4G-OMO043M13-CTO,10.103323,105.681552,38,240,0,60,6
4G-OMO044M-CTO,4G-OMO044M11-CTO,10.08548,105.655103,36,20,0,60,6
4G-OMO046M-CTO,4G-OMO046M11-CTO,10.064407,105.644896,40,20,0,60,6
SL-OMO047M-CTO,4G-OMO047M11-CTO,10.13266,105.6173,34,320,0,60,6
SL-OMO047M-CTO,4G-OMO047M13-CTO,10.13266,105.6173,34,140,0,60,6
UL_OMO202B_CTO,4G-OMO202M11-CTO,10.103692,105.639192,30,350,0,60,6
UL_OMO202B_CTO,4G-OMO202M12-CTO,10.103692,105.639192,30,160,0,60,6
UL_OMO203B_CTO,4G-OMO203M12-CTO,10.163,105.5961,41,130,0,60,6
4G-PDI005M-CTO,4G-PDI005M12-CTO,9.949577,105.660085,40,140,0,60,6
4G-PDI025M-CTO,4G-PDI025M12-CTO,10.019711,105.668232,40,190,0,60,6
UL_PDI036M_CTO,4G-PDI036M12-CTO,9.994708,105.639746,37,110,0,60,6
UL_PDI036M_CTO,4G-PDI036M13-CTO,9.994708,105.639746,37,260,0,60,6
4G-PDI037M-CTO,4G-PDI037M12-CTO,10.004137,105.666189,40,100,0,60,6
4G-PDI042M-CTO,4G-PDI042M13-CTO,9.97364,105.70562,40,220,0,60,6
UL_PDI043M_CTO,4G-PDI043M11-CTO,10.00146,105.66092,40,350,0,60,6
UL_PDI043M_CTO,4G-PDI043M13-CTO,10.00146,105.66092,40,160,0,60,6
UL_PDI201B_CTO,4G-PDI201M11-CTO,9.99355,105.67847,39,310,0,60,6
UL_PDI201B_CTO,4G-PDI201M12-CTO,9.99355,105.67847,39,130,0,60,6
4G-PGI003M-BDG,4G-PGI003M12-BDG,11.415041,106.753521,40,110,0,60,6
4G-PGI018M-BDG,4G-PGI018M12-BDG,11.387791,106.732464,36,150,0,60,6
4G-PGI019M-BDG,4G-PGI019M12-BDG,11.283321,106.855861,36,110,0,60,6
4G-PGI022M-BDG,4G-PGI022M12-BDG,11.286883,106.717634,40,140,0,60,6
4G-PGI022M-BDG,4G-PGI022M13-BDG,11.286883,106.717634,40,220,0,60,6
4G-PGI023M-BDG,4G-PGI023M13-BDG,11.342943,106.656691,31,280,0,60,6
4G-PGI024M-BDG,4G-PGI024M13-BDG,11.255301,106.906001,36,220,0,60,6
4G-PGI032M-BDG,4G-PGI032M11-BDG,11.309971,106.860471,30,0,0,60,6
4G-PGI032M-BDG,4G-PGI032M13-BDG,11.309971,106.860471,30,290,0,60,6
4G-PGI039M-BDG,4G-PGI039M11-BDG,11.289327,106.804174,25,0,0,60,6
UL_PGI041M_BDG,4G-PGI041M13-BDG,11.284011,106.791531,30,220,0,60,6
UL_PGI042M_BDG,4G-PGI042M13-BDG,11.212212,106.719428,35,260,0,60,6
UL_PGI043M_BDG,4G-PGI043M11-BDG,11.288008,106.813378,28,320,0,60,6
UL_PGI044M_BDG,4G-PGI044M11-BDG,11.316811,106.797761,34,20,0,60,6
UL_PGI044M_BDG,4G-PGI044M13-BDG,11.316811,106.797761,34,270,0,60,6
UL_PGI054M_BDG,4G-PGI054M11-BDG,11.273407,106.778134,28,0,0,60,6
UL_PGI054M_BDG,4G-PGI054M13-BDG,11.273407,106.778134,28,220,0,60,6
UL_PGI062M_BDG,4G-PGI062M12-BDG,11.234807,106.717541,36,90,0,60,6
UL_PGI062M_BDG,4G-PGI062M13-BDG,11.234807,106.717541,36,230,0,60,6
UL_PGI071M_BDG,4G-PGI071M11-BDG,11.305192,106.794911,38,330,0,60,6
UL_PGI071M_BDG,4G-PGI071M12-BDG,11.305192,106.794911,38,90,0,60,6
UL_PGI071M_BDG,4G-PGI071M13-BDG,11.305192,106.794911,38,210,0,60,6
4G-PGI073M-BDG,4G-PGI073M11-BDG,11.375751,106.725258,33,40,0,60,6
4G-PGI073M-BDG,4G-PGI073M13-BDG,11.375751,106.725258,33,300,0,60,6
UL_PGI076M_BDG,4G-PGI076M11-BDG,11.293868,106.762202,33,340,0,60,6
UL_PGI076M_BDG,4G-PGI076M13-BDG,11.293868,106.762202,33,240,0,60,6
4G-PGI080M-BDG,4G-PGI080M11-BDG,11.331111,106.714147,33,0,0,60,6
4G-PGI080M-BDG,4G-PGI080M12-BDG,11.331111,106.714147,33,140,0,60,6
4G-PGI080M-BDG,4G-PGI080M13-BDG,11.331111,106.714147,33,240,0,60,6
UL_PGI081M_BDG,4G-PGI081M11-BDG,11.336219,106.773465,33,340,0,60,6
UL_PGI081M_BDG,4G-PGI081M12-BDG,11.336219,106.773465,33,100,0,60,6
UL_PGI081M_BDG,4G-PGI081M13-BDG,11.336219,106.773465,33,240,0,60,6
4G-PGI082M-BDG,4G-PGI082M12-BDG,11.356436,106.820395,33,140,0,60,6
4G-PGI082M-BDG,4G-PGI082M13-BDG,11.356436,106.820395,33,250,0,60,6
4G-PGI100M-BDG,4G-PGI100M11-BDG,11.223563,106.72819,33,340,0,60,6
4G-PGI100M-BDG,4G-PGI100M13-BDG,11.223563,106.72819,33,250,0,60,6
4G-PGI101M-BDG,4G-PGI101M12-BDG,11.269113,106.843405,34,90,0,60,6
4G-PGI101M-BDG,4G-PGI101M13-BDG,11.269113,106.843405,34,180,0,60,6
4G-PGI114M-BDG,4G-PGI114M12-BDG,11.363289,106.820057,34,100,0,60,6
4G-PGI114M-BDG,4G-PGI114M13-BDG,11.363289,106.820057,34,230,0,60,6
4G-PGI122M-BDG,4G-PGI122M11-BDG,11.2673,106.7602,28,20,0,60,6
4G-PGI122M-BDG,4G-PGI122M12-BDG,11.2673,106.7602,28,110,0,60,6
4G-PGI122M-BDG,4G-PGI122M13-BDG,11.2673,106.7602,28,210,0,60,6
4G-PGI127M-BDG,4G-PGI127M12-BDG,11.297452,106.789877,28,90,0,60,6
4G-PGI134M-BDG,4G-PGI134M12-BDG,11.274352,106.769436,28,150,0,60,6
4G-PMY002M-VTU,4G-PMY002M12-VTU,10.55966,107.11911,33,120,0,60,6
4G-PMY003M-VTU,4G-PMY003M12-VTU,10.55641,107.16869,34,180,0,60,6
4G-PMY003M-VTU,4G-PMY003M13-VTU,10.55641,107.16869,34,260,0,60,6
UL_PMY004M_VTU,4G-PMY004W12-VTU,10.562548,107.059063,27,130,0,60,6
UL_PMY004M_VTU,4G-PMY004W15-VTU,10.562548,107.059063,27,130,0,60,6
UL_PMY004M_VTU,4G-PMY004W16-VTU,10.562548,107.059063,27,250,0,60,6
4G-PMY019M-VTU,4G-PMY019M11-VTU,10.70362,107.16096,31,30,0,60,6
4G-PMY019M-VTU,4G-PMY019M12-VTU,10.70362,107.16096,31,200,0,60,6
4G-PMY020M-VTU,4G-PMY020M11-VTU,10.66751,107.14236,40,0,0,60,6
4G-PMY020M-VTU,4G-PMY020M13-VTU,10.66751,107.14236,40,250,0,60,6
4G-PMY026M-VTU,4G-PMY026M12-VTU,10.58342,107.06294,40,140,0,60,6
4G-PMY029M-VTU,4G-PMY029M11-VTU,10.55985,107.02859,18,0,0,60,6
4G-PMY033M-VTU,4G-PMY033W12-VTU,10.52147,107.02582,36,190,0,60,6
4G-PMY033M-VTU,4G-PMY033W15-VTU,10.52147,107.02582,36,190,0,60,6
4G-PMY035M-VTU,4G-PMY035M11-VTU,10.60091,107.07041,28.5,340,0,60,6
4G-PMY044M-VTU,4G-PMY044M13-VTU,10.66666,107.11948,39,270,0,60,6
UL_PMY045M_VTU,4G-PMY045M11-VTU,10.65259,107.14643,33,0,0,60,6
4G-PMY048M-VTU,4G-PMY048M11-VTU,10.500994,107.116966,40,30,0,60,6
4G-PMY055M-VTU,4G-PMY055M13-VTU,10.564114,107.028496,33,240,0,60,6
LN-PMY058M-VTU,4G-PMY058M11-VTU,10.589297,107.033078,28,20,0,60,6
LN-PMY058M-VTU,4G-PMY058M12-VTU,10.589297,107.033078,28,140,0,60,6
UL_PMY063M_VTU,4G-PMY063M11-VTU,10.60535,107.116394,36,30,0,60,6
UL_PMY063M_VTU,4G-PMY063M12-VTU,10.60535,107.116394,36,140,0,60,6
UL_PMY063M_VTU,4G-PMY063W13-VTU,10.60535,107.116394,36,280,0,60,6
UL_PMY063M_VTU,4G-PMY063W16-VTU,10.60535,107.116394,36,310,0,60,6
4G-PMY066M-VTU,4G-PMY066M12-VTU,10.531485,107.065478,25.5,140,0,60,6
UL_PMY071M_VTU,4G-PMY071M11-VTU,10.62729,107.05316,34.5,0,0,60,6
UL_PMY083M_VTU,4G-PMY083M12-VTU,10.594911,107.162884,34,120,0,60,6
UL_PMY085M_VTU,4G-PMY085M11-VTU,10.64718,107.127591,28.5,30,0,60,6
UL_PMY085M_VTU,4G-PMY085M12-VTU,10.64718,107.127591,28.5,200,0,60,6
UL_PMY088M_VTU,4G-PMY088M12-VTU,10.545478,107.169743,34,150,0,60,6
UL_PMY089M_VTU,4G-PMY089M11-VTU,10.616295,107.106932,40.5,0,0,60,6
UL_PMY090M_VTU,4G-PMY090M12-VTU,10.63669,107.11017,33,110,0,60,6
UL_PMY091M_VTU,4G-PMY091M12-VTU,10.64911,107.09391,34.5,80,0,60,6
UL_PMY092M_VTU,4G-PMY092M11-VTU,10.6227,107.0395,40,0,0,60,6
UL_PMY092M_VTU,4G-PMY092M12-VTU,10.6227,107.0395,40,100,0,60,6
UL_PMY092M_VTU,4G-PMY092M13-VTU,10.6227,107.0395,40,190,0,60,6
UL_PMY105M_VTU,4G-PMY105M12-VTU,10.523198,107.093694,40,150,0,60,6
UL_PMY110M_VTU,4G-PMY110M11-VTU,10.63156,107.10236,34,0,0,60,6
UL_PMY110M_VTU,4G-PMY110M13-VTU,10.63156,107.10236,34,230,0,60,6
UL_PMY111M_VTU,4G-PMY111M11-VTU,10.637379,107.056427,28,30,0,60,6
UL_PMY114M_VTU,4G-PMY114M11-VTU,10.652689,107.071563,25.5,0,0,60,6
UL_PMY117M_VTU,4G-PMY117M12-VTU,10.56568,107.06742,34,140,0,60,6
UL_PMY118M_VTU,4G-PMY118M11-VTU,10.619416,107.136018,35,30,0,60,6
UL_PMY118M_VTU,4G-PMY118M13-VTU,10.619416,107.136018,35,250,0,60,6
UL_PMY123M_VTU,4G-PMY123M12-VTU,10.50871,107.10049,37,90,0,60,6
4G-PMY126M-VTU,4G-PMY126M11-VTU,10.57982,107.13681,40,320,0,60,6
UL_PMY129M_VTU,4G-PMY129M11-VTU,10.650715,107.050477,32,0,0,60,6
UL_PMY130M_VTU,4G-PMY130M12-VTU,10.53608,107.07498,33,70,0,60,6
UL_PMY134M_VTU,4G-PMY134M11-VTU,10.5988,107.0364,28,0,0,60,6
UL_PMY134M_VTU,4G-PMY134M12-VTU,10.5988,107.0364,28,90,0,60,6
UL_PMY134M_VTU,4G-PMY134M13-VTU,10.5988,107.0364,28,240,0,60,6
4G-PMY135M-VTU,4G-PMY135M11-VTU,10.57449,107.03125,29,0,0,60,6
4G-PMY135M-VTU,4G-PMY135M12-VTU,10.57449,107.03125,29,100,0,60,6
4G-PMY135M-VTU,4G-PMY135M13-VTU,10.57449,107.03125,29,220,0,60,6
4G-PMY146M-VTU,4G-PMY146M11-VTU,10.558444,107.043358,29,30,0,60,6
4G-PMY146M-VTU,4G-PMY146M12-VTU,10.558444,107.043358,29,240,0,60,6
4G-PMY146M-VTU,4G-PMY146M13-VTU,10.558444,107.043358,29,330,0,60,6
4G-PMY148M-VTU,4G-PMY148M11-VTU,10.558815,107.050232,29,0,0,60,6
4G-PMY148M-VTU,4G-PMY148M13-VTU,10.558815,107.050232,29,210,0,60,6
4G-PMY149M-VTU,4G-PMY149M11-VTU,10.533062,107.04245,27,30,0,60,6
4G-PMY162M-VTU,4G-PMY162M12-VTU,10.5949,107.06819,30,120,0,60,6
4G-PMY162M-VTU,4G-PMY162M13-VTU,10.5949,107.06819,30,300,0,60,6
4G-PMY164M-VTU,4G-PMY164M13-VTU,10.461309,107.079281,30,170,0,60,6
4G-PMY166M-VTU,4G-PMY166M11-VTU,10.56887,107.02559,28,340,0,60,6
4G-PMY169M-VTU,4G-PMY169M11-VTU,10.539103,107.064907,25,20,0,60,6
4G-PMY169M-VTU,4G-PMY169M12-VTU,10.539103,107.064907,25,220,0,60,6
4G-PMY169M-VTU,4G-PMY169M13-VTU,10.539103,107.064907,25,300,0,60,6
4G-PMY172M-VTU,4G-PMY172M12-VTU,10.509503,107.11217,31,130,0,60,6
4G-PMY172M-VTU,4G-PMY172M13-VTU,10.509503,107.11217,31,230,0,60,6
4G-PMY175M-VTU,4G-PMY175M12-VTU,10.626787,107.146061,40,130,0,60,6
4G-PMY176M-VTU,4G-PMY176M11-VTU,10.605578,107.157591,40.5,0,0,60,6
4G-PMY176M-VTU,4G-PMY176M12-VTU,10.605578,107.157591,40.5,90,0,60,6
4G-PMY176M-VTU,4G-PMY176M13-VTU,10.605578,107.157591,40.5,270,0,60,6
4G-PMY177M-VTU,4G-PMY177M13-VTU,10.5733,107.0435,28.5,280,0,60,6
4G-PMY178M-VTU,4G-PMY178M11-VTU,10.61803,107.083061,33,340,0,60,6
4G-PMY178M-VTU,4G-PMY178M12-VTU,10.61803,107.083061,33,170,0,60,6
4G-PMY178M-VTU,4G-PMY178M13-VTU,10.61803,107.083061,33,240,0,60,6
4G-PMY180M-VTU,4G-PMY180M12-VTU,10.637543,107.071358,28.5,160,0,60,6
4G-PMY181M-VTU,4G-PMY181M11-VTU,10.528834,107.072349,26,320,0,60,6
4G-PMY181M-VTU,4G-PMY181M12-VTU,10.528834,107.072349,26,170,0,60,6
4G-PMY185M-VTU,4G-PMY185M11-VTU,10.59787,107.04915,23,310,0,60,6
4G-PMY185M-VTU,4G-PMY185M12-VTU,10.59787,107.04915,23,80,0,60,6
4G-PMY185M-VTU,4G-PMY185M13-VTU,10.59787,107.04915,23,210,0,60,6
4G-PMY186M-VTU,4G-PMY186M11-VTU,10.541159,107.053197,28.5,330,0,60,6
4G-PMY186M-VTU,4G-PMY186M12-VTU,10.541159,107.053197,28.5,120,0,60,6
4G-PMY186M-VTU,4G-PMY186M13-VTU,10.541159,107.053197,28.5,220,0,60,6
UL_PMY702B_VTU,4G-PMY702M11-VTU,10.62966,107.06743,30,330,0,60,6
UL_PMY702B_VTU,4G-PMY702M12-VTU,10.62966,107.06743,30,40,0,60,6
UL_PMY704B_VTU,4G-PMY704M12-VTU,10.52824,107.07749,37,290,0,60,6
UL_PMY706B_VTU,4G-PMY706W11-VTU,10.525351,107.064376,14.5,0,0,60,6
UL_PMY706B_VTU,4G-PMY706W14-VTU,10.525351,107.064376,22,0,0,60,6
UL_PMY707B_VTU,4G-PMY707M11-VTU,10.569711,107.046225,10,20,0,60,6
UL_PMY707B_VTU,4G-PMY707M12-VTU,10.569711,107.046225,10,240,0,60,6
UL_PMY714B_VTU,4G-PMY714M11-VTU,10.525351,107.064376,37,20,0,60,6
UL_PMY714B_VTU,4G-PMY714M12-VTU,10.525351,107.064376,37,260,0,60,6
UL_PNH090M_HCM,4G-PNH090M13-HCM,10.8115,106.6789,20,270,0,60,6
4G-PTA009M-AGG,4G-PTA009M11-AGG,10.621061,105.342681,40.5,340,0,60,6
4G-PTA009M-AGG,4G-PTA009M12-AGG,10.621061,105.342681,40.5,60,0,60,6
4G-PTA009M-AGG,4G-PTA009M13-AGG,10.621061,105.342681,40.5,160,0,60,6
4G-PTA011M-AGG,4G-PTA011M13-AGG,10.70148,105.18325,40.5,280,0,60,6
4G-PTA013M-AGG,4G-PTA013M12-AGG,10.703571,105.168041,37,170,0,60,6
4G-PTA015M-AGG,4G-PTA015M11-AGG,10.725546,105.233307,40.5,300,0,60,6
4G-PTA015M-AGG,4G-PTA015M13-AGG,10.725546,105.233307,40.5,160,0,60,6
4G-PTA016M-AGG,4G-PTA016M11-AGG,10.578594,105.362534,36,350,0,60,6
4G-PTA021M-AGG,4G-PTA021M11-AGG,10.56684,105.33612,37,30,0,60,6
4G-PTA021M-AGG,4G-PTA021M12-AGG,10.56684,105.33612,37,200,0,60,6
4G-PTA021M-AGG,4G-PTA021M13-AGG,10.56684,105.33612,37,300,0,60,6
LN-PTA022M-AGG,4G-PTA022M13-AGG,10.724661,105.274994,40,240,0,60,6
4G-PTA024M-AGG,4G-PTA024M13-AGG,10.706453,105.155412,40.5,270,0,60,6
4G-PTA025M-AGG,4G-PTA025M11-AGG,10.744062,105.290814,37.5,70,0,60,6
4G-PTA025M-AGG,4G-PTA025M12-AGG,10.744062,105.290814,37.5,150,0,60,6
UL_PTA027M_AGG,4G-PTA027M12-AGG,10.589841,105.357741,37.5,160,0,60,6
4G-PTA030M-AGG,4G-PTA030M11-AGG,10.576182,105.254512,37,0,0,60,6
4G-PTA030M-AGG,4G-PTA030M12-AGG,10.576182,105.254512,37,140,0,60,6
4G-PTA031M-AGG,4G-PTA031M12-AGG,10.6136,105.26788,37,210,0,60,6
UL_PTA032M_AGG,4G-PTA032M12-AGG,10.57825,105.30783,40.5,160,0,60,6
UL_PTA034M_AGG,4G-PTA034M12-AGG,10.718953,105.282082,40.5,30,0,60,6
UL_PTA035M_AGG,4G-PTA035M11-AGG,10.761614,105.286711,37,0,0,60,6
UL_PTA035M_AGG,4G-PTA035M12-AGG,10.761614,105.286711,37,100,0,60,6
UL_PTA035M_AGG,4G-PTA035M13-AGG,10.761614,105.286711,37,270,0,60,6
UL_PTA036M_AGG,4G-PTA036M11-AGG,10.695716,105.196066,39,0,0,60,6
UL_PTA036M_AGG,4G-PTA036M12-AGG,10.695716,105.196066,39,120,0,60,6
4G-PTA037M-AGG,4G-PTA037M11-AGG,10.5785,105.35088,37.5,10,0,60,6
4G-PTA037M-AGG,4G-PTA037M13-AGG,10.5785,105.35088,37.5,230,0,60,6
UL_PTA038M_AGG,4G-PTA038M11-AGG,10.714171,105.298232,34,350,0,60,6
UL_PTA038M_AGG,4G-PTA038M13-AGG,10.714171,105.298232,34,260,0,60,6
4G-PTA044M-AGG,4G-PTA044M11-AGG,10.738813,105.224594,37,330,0,60,6
UL_PTA046M_AGG,4G-PTA046M11-AGG,10.56646,105.30293,40.5,20,0,60,6
UL_PTA051M_AGG,4G-PTA051M11-AGG,10.737461,105.278063,40.5,50,0,60,6
UL_PTA056M_AGG,4G-PTA056M12-AGG,10.683421,105.207522,40,150,0,60,6
UL_PTA056M_AGG,4G-PTA056M13-AGG,10.683421,105.207522,40,250,0,60,6
UL_PTA059M_AGG,4G-PTA059M13-AGG,10.621371,105.218811,40,180,0,60,6
UL_PTA063M_AGG,4G-PTA063M12-AGG,10.633176,105.339277,40.5,70,0,60,6
4G-PTA066M-AGG,4G-PTA066M13-AGG,10.5839,105.2467,40,310,0,60,6
UL_Q01110M_HCM,4G-Q01110M11-HCM,10.794336,106.691385,21,0,0,60,6
UL_Q01148M_HCM,4G-Q01148M13-HCM,10.762531,106.693715,21,260,0,60,6
LN-Q02032M-HCM,4G-Q02032M11-HCM,10.770705,106.716312,16.5,0,0,60,6
4G-Q02036M-HCM,4G-Q02036M12-HCM,10.75537,106.75396,22,90,0,60,6
4G-Q02037M-HCM,4G-Q02037M13-HCM,10.76431,106.77291,22.5,250,0,60,6
UL_Q02084M_HCM,4G-Q02084M12-HCM,10.78638,106.72681,26,60,0,60,6
UL_Q02092M_HCM,4G-Q02092M12-HCM,10.7705,106.76685,25,100,0,60,6
UL_Q02093M_HCM,4G-Q02093M12-HCM,10.78309,106.76829,25,120,0,60,6
4G-Q02101M-HCM,4G-Q02101M12-HCM,10.783886,106.77309,22.5,120,0,60,6
4G-Q02150M-HCM,4G-Q02150M13-HCM,10.808175,106.731106,22,240,0,60,6
UL_Q02191M_HCM,4G-Q02191M11-HCM,10.792623,106.768492,24,0,0,60,6
UL_Q02198M_HCM,4G-Q02198M12-HCM,10.760024,106.768559,24,290,0,60,6
UL_Q02200M_HCM,4G-Q02200M12-HCM,10.777223,106.771735,19,120,0,60,6
UL_Q02208M_HCM,4G-Q02208M11-HCM,10.769701,106.789262,21,340,0,60,6
UL_Q02222M_HCM,4G-Q02222M12-HCM,10.768421,106.76432,22,110,0,60,6
UL_Q02225M_HCM,4G-Q02225M13-HCM,10.76915,106.78333,24,200,0,60,6
UL_Q02236M_HCM,4G-Q02236M12-HCM,10.776189,106.781696,27,120,0,60,6
4G-Q02241S-HCM,4G-Q02241S11-HCM,10.804346,106.746075,6,0,0,60,6
UL_Q02245B_HCM,4G-Q02279M11-HCM,10.790844,106.747199,9,20,0,60,6
UL_Q02245B_HCM,4G-Q02279M12-HCM,10.790844,106.747199,9,140,0,60,6
UL_Q02085M_HCM,4G-Q02281M11-HCM,10.777965,106.720245,8,340,0,60,6
UL_Q02288B_HCM,4G-Q02288M12-HCM,10.77047,106.7106,11,90,0,60,6
4G-Q02292M-HCM,4G-Q02292M11-HCM,10.802275,106.741426,30.5,310,0,60,6
4G-Q02140M-HCM,4G-Q02307M12-HCM,10.77977,106.74236,20,110,0,60,6
UL_Q02231M_HCM,4G-Q02308M13-HCM,10.77849,106.73194,10,210,0,60,6
UL_Q02191M_HCM,4G-Q02318M11-HCM,10.79275,106.75599,21,60,0,60,6
UL_Q02194M_HCM,4G-Q02319M11-HCM,10.79479,106.76455,21,70,0,60,6
UL_Q02194M_HCM,4G-Q02319M13-HCM,10.79479,106.76455,21,270,0,60,6
4G-Q02324M-HCM,4G-Q02324M11-HCM,10.76738,106.781119,25,320,0,60,6
UL_Q03008M_HCM,4G-Q03008M13-HCM,10.77556,106.68461,21,240,0,60,6
UL_Q03167B_HCM,4G-Q03177M11-HCM,10.78677,106.67614,25,0,0,60,6
UL_Q03167B_HCM,4G-Q03177M12-HCM,10.78677,106.67614,25,120,0,60,6
UL_Q05034M_HCM,4G-Q05034M13-HCM,10.75472,106.66164,25,220,0,60,6
UL_Q06057M_HCM,4G-Q06057M11-HCM,10.75068,106.63789,31,40,0,60,6
UL_Q07107M_HCM,4G-Q07107M11-HCM,10.714187,106.732178,26,350,0,60,6
UL_Q07129M_HCM,4G-Q07129M11-HCM,10.72533,106.71673,22,0,0,60,6
4G-Q07137M-HCM,4G-Q07137M12-HCM,10.70152,106.72774,23,120,0,60,6
UL_Q07145M_HCM,4G-Q07145M11-HCM,10.740776,106.73696,21,0,0,60,6
UL_Q07177M_HCM,4G-Q07177M12-HCM,10.75634,106.74033,22,120,0,60,6
UL_Q07261M_HCM,4G-Q07261M13-HCM,10.733675,106.732045,22,240,0,60,6
UL_Q07338B_HCM,4G-Q07338M12-HCM,10.765893,106.741351,17,120,0,60,6
UL_Q07338B_HCM,4G-Q07338M13-HCM,10.765893,106.741351,17,220,0,60,6
UL_Q08076M_HCM,4G-Q08076M12-HCM,10.69732,106.60912,24,120,0,60,6
UL_Q08080M_HCM,4G-Q08080M13-HCM,10.70395,106.61948,15,250,0,60,6
4G-Q08099M-HCM,4G-Q08099M12-HCM,10.70424,106.62766,24,120,0,60,6
4G-Q08099M-HCM,4G-Q08099M13-HCM,10.70424,106.62766,24,240,0,60,6
SR_Q09012M_HCM,4G-Q09012M13-HCM,10.84925,106.81293,27,230,0,60,6
4G-Q09013M-HCM,4G-Q09013M13-HCM,10.82658,106.85562,27,200,0,60,6
4G-Q09014M-HCM,4G-Q09014M11-HCM,10.79755,106.85867,39,10,0,60,6
4G-Q09015M-HCM,4G-Q09015M12-HCM,10.815486,106.836261,28,110,0,60,6
4G-Q09015M-HCM,4G-Q09015M13-HCM,10.815486,106.836261,28,220,0,60,6
SR_Q09016M_HCM,4G-Q09016M11-HCM,10.849,106.83464,24,20,0,60,6
4G-Q09023M-HCM,4G-Q09023M11-HCM,10.826459,106.82896,28,10,0,60,6
4G-Q09023M-HCM,4G-Q09023M12-HCM,10.826459,106.82896,28,150,0,60,6
4G-Q09023M-HCM,4G-Q09023M13-HCM,10.826459,106.82896,28,250,0,60,6
4G-Q09034M-HCM,4G-Q09034M12-HCM,10.80671,106.82552,29,110,0,60,6
UL_Q09059M_HCM,4G-Q09059M13-HCM,10.816855,106.811611,29,260,0,60,6
UL_Q09078M_HCM,4G-Q09078M11-HCM,10.81456,106.77581,24,30,0,60,6
4G-Q09084M-HCM,4G-Q09084M13-HCM,10.87596,106.81593,22,240,0,60,6
4G-Q09085M-HCM,4G-Q09085M12-HCM,10.888224,106.832684,24,160,0,60,6
UL_Q09094M_HCM,4G-Q09094M13-HCM,10.817241,106.80471,27,240,0,60,6
4G-Q09126M-HCM,4G-Q09126M12-HCM,10.8007,106.8247,25,140,0,60,6
4G-Q09127M-HCM,4G-Q09127M13-HCM,10.878344,106.836523,25,230,0,60,6
UL_Q09128M_HCM,4G-Q09128M12-HCM,10.822241,106.814114,29,70,0,60,6
4G-Q09131M-HCM,4G-Q09131M13-HCM,10.80962,106.864723,27,240,0,60,6
UL_Q09140M_HCM,4G-Q09140M12-HCM,10.78223,106.80364,23,110,0,60,6
UL_Q09141M_HCM,4G-Q09141M12-HCM,10.817888,106.798289,27,150,0,60,6
4G-Q09142M-HCM,4G-Q09142M12-HCM,10.81271,106.849132,24,120,0,60,6
4G-Q09142M-HCM,4G-Q09142M13-HCM,10.81271,106.849132,24,240,0,60,6
4G-Q09144M-HCM,4G-Q09144M13-HCM,10.818309,106.82189,27,220,0,60,6
UL_Q09145M_HCM,4G-Q09145M11-HCM,10.808227,106.834167,27,350,0,60,6
UL_Q09145M_HCM,4G-Q09145M13-HCM,10.808227,106.834167,27,230,0,60,6
UL_Q09146M_HCM,4G-Q09146M12-HCM,10.857299,106.81036,24,120,0,60,6
UL_Q09156M_HCM,4G-Q09156M12-HCM,10.79603,106.78319,25,150,0,60,6
UL_Q09157M_HCM,4G-Q09157M12-HCM,10.7881,106.8074,22,110,0,60,6
UL_Q09162M_HCM,4G-Q09162M12-HCM,10.80549,106.79528,27,140,0,60,6
UL_Q09163M_HCM,4G-Q09163M11-HCM,10.7988,106.7945,12,0,0,60,6
UL_Q09163M_HCM,4G-Q09163M12-HCM,10.7988,106.7945,12,140,0,60,6
UL_Q09172M_HCM,4G-Q09172M13-HCM,10.857961,106.844447,27,230,0,60,6
UL_Q09192M_HCM,4G-Q09192M12-HCM,10.80009,106.7849,22,110,0,60,6
UL_Q09195M_HCM,4G-Q09195M11-HCM,10.83526,106.8398,30,0,0,60,6
UL_Q09200M_HCM,4G-Q09200M13-HCM,10.80547,106.8597,24,240,0,60,6
UL_Q09201M_HCM,4G-Q09201M13-HCM,10.80791,106.79087,20,230,0,60,6
UL_Q09202M_HCM,4G-Q09202M13-HCM,10.813678,106.804845,22,240,0,60,6
UL_Q09208F_HCM,4G-Q09208F11-HCM,10.88002,106.815596,10,0,0,60,6
UL_Q09208F_HCM,4G-Q09208F12-HCM,10.88002,106.815596,10,0,0,60,6
UL_Q09217M_HCM,4G-Q09217M11-HCM,10.799778,106.809014,22,350,0,60,6
UL_Q09225M_HCM,4G-Q09225M12-HCM,10.84184,106.7862,26.5,140,0,60,6
UL_Q09237M_HCM,4G-Q09237M13-HCM,10.859387,106.802102,25,240,0,60,6
UL_Q09238M_HCM,4G-Q09238M11-HCM,10.81643,106.82603,24,340,0,60,6
4G-Q09242M-HCM,4G-Q09242M12-HCM,10.831843,106.843743,29.5,110,0,60,6
4G-Q09242M-HCM,4G-Q09242M13-HCM,10.831843,106.843743,29.5,240,0,60,6
UL_Q09245M_HCM,4G-Q09245M12-HCM,10.88002,106.815596,23,110,0,60,6
4G-Q09246M-HCM,4G-Q09246M12-HCM,10.834839,106.848417,28,100,0,60,6
4G-Q09251M-HCM,4G-Q09251M12-HCM,10.845872,106.83548,28,110,0,60,6
UL_Q09252M_HCM,4G-Q09252M11-HCM,10.847855,106.839732,22.5,0,0,60,6
UL_Q09258B_HCM,4G-Q09258M11-HCM,10.891878,106.833737,16.5,340,0,60,6
UL_Q09259B_HCM,4G-Q09259M12-HCM,10.82605,106.78057,20.5,160,0,60,6
UL_Q09260B_HCM,4G-Q09260M12-HCM,10.861181,106.809581,13.5,120,0,60,6
UL_Q09263M_HCM,4G-Q09263M11-HCM,10.81712,106.768899,22,0,0,60,6
UL_Q09267B_HCM,4G-Q09267M11-HCM,10.795899,106.840223,29,50,0,60,6
UL_Q09267B_HCM,4G-Q09267M12-HCM,10.795899,106.840223,29,290,0,60,6
UL_Q09270B_HCM,4G-Q09270M11-HCM,10.870121,106.832735,16.5,50,0,60,6
UL_Q09270B_HCM,4G-Q09270M12-HCM,10.870121,106.832735,16.5,150,0,60,6
UL_Q09271B_HCM,4G-Q09271M11-HCM,10.810337,106.792867,29,0,0,60,6
UL_Q09283M_HCM,4G-Q09283M11-HCM,10.81769,106.783767,14,0,0,60,6
UL_Q09227M_HCM,4G-Q09296M11-HCM,10.81766,106.861898,20,320,0,60,6
4G-Q09234M-HCM,4G-Q09296M12-HCM,10.81766,106.861898,20,60,0,60,6
4G-Q09345M-HCM,4G-Q09345M11-HCM,10.841286,106.808773,27,0,0,60,6
4G-Q09345M-HCM,4G-Q09345M12-HCM,10.841286,106.808773,27,120,0,60,6
4G-Q09346M-HCM,4G-Q09346M11-HCM,10.838111,106.836765,28,30,0,60,6
4G-Q09348M-HCM,4G-Q09348M12-HCM,10.807012,106.828945,25,130,0,60,6
UL_Q09140M_HCM,4G-Q09357M12-HCM,10.78025,106.80608,28,100,0,60,6
UL_Q09140M_HCM,4G-Q09357M13-HCM,10.78025,106.80608,28,200,0,60,6
UL_Q09193M_HCM,4G-Q09364M13-HCM,10.78296,106.82009,26,250,0,60,6
4G-Q09039M-HCM,4G-Q09366M13-HCM,10.86416,106.83797,18,140,0,60,6
4G-Q09372M-HCM,4G-Q09372M11-HCM,10.78571,106.827694,28,20,0,60,6
4G-Q09372M-HCM,4G-Q09372M12-HCM,10.78571,106.827694,28,160,0,60,6
4G-Q09375B-HCM,4G-Q09375M11-HCM,10.811158,106.843294,28,300,0,60,6
4G-Q09375B-HCM,4G-Q09375M12-HCM,10.811158,106.843294,28,120,0,60,6
4G-Q09382M-HCM,4G-Q09382M11-HCM,10.850601,106.84052,29.5,0,0,60,6
4G-Q09389M-HCM,4G-Q09389M13-HCM,10.855779,106.803639,22,240,0,60,6
4G-Q09391M-HCM,4G-Q09391M11-HCM,10.847479,106.82212,34,0,0,60,6
UL_Q10074M_HCM,4G-Q10074M13-HCM,10.77671,106.66425,27,240,0,60,6
UL_Q12013M_HCM,4G-Q12013M13-HCM,10.87963,106.63557,24,280,0,60,6
4G-Q12021M-HCM,4G-Q12021M11-HCM,10.899858,106.687361,22,0,0,60,6
4G-Q12021M-HCM,4G-Q12021M12-HCM,10.899858,106.687361,22,120,0,60,6
4G-Q12021M-HCM,4G-Q12021M13-HCM,10.899858,106.687361,22,240,0,60,6
UL_Q12039M_HCM,4G-Q12039M12-HCM,10.83644,106.62885,23,110,0,60,6
UL_Q12059M_HCM,4G-Q12059M12-HCM,10.84216,106.632593,21,110,0,60,6
UL_Q12069M_HCM,4G-Q12069M11-HCM,10.8529,106.62939,22,340,0,60,6
UL_Q12105M_HCM,4G-Q12105M13-HCM,10.85236,106.69344,20,250,0,60,6
4G-Q12111M-HCM,4G-Q12111M12-HCM,10.887982,106.651398,27,150,0,60,6
LN-Q12121M-HCM,4G-Q12121M11-HCM,10.86343,106.70681,28,310,0,60,6
LN-Q12132M-HCM,4G-Q12132M11-HCM,10.87001,106.69388,23,330,0,60,6
4G-Q12142M-HCM,4G-Q12142M11-HCM,10.86173,106.61224,21,350,0,60,6
UL_Q12161M_HCM,4G-Q12161M11-HCM,10.863611,106.677347,21,330,0,60,6
UL_Q12167M_HCM,4G-Q12167M11-HCM,10.89048,106.68114,23,0,0,60,6
UL_Q12181M_HCM,4G-Q12181M13-HCM,10.88495,106.62856,20,240,0,60,6
UL_Q12182M_HCM,4G-Q12182M11-HCM,10.88406,106.68487,21,30,0,60,6
UL_Q12184M_HCM,4G-Q12184M12-HCM,10.872224,106.659281,21,100,0,60,6
UL_Q12185M_HCM,4G-Q12185M13-HCM,10.86051,106.62114,21,270,0,60,6
UL_Q12188M_HCM,4G-Q12188M12-HCM,10.86362,106.67303,22,90,0,60,6
UL_Q12189M_HCM,4G-Q12189M13-HCM,10.87463,106.63556,15,270,0,60,6
UL_Q12192M_HCM,4G-Q12192M11-HCM,10.86281,106.69265,21,10,0,60,6
UL_Q12193M_HCM,4G-Q12193M11-HCM,10.854004,106.707719,26,0,0,60,6
UL_Q12199M_HCM,4G-Q12199M11-HCM,10.84413,106.63,27,0,0,60,6
UL_Q12211M_HCM,4G-Q12211M13-HCM,10.87627,106.66759,22.5,240,0,60,6
UL_Q12218M_HCM,4G-Q12218M12-HCM,10.88292,106.65693,28,110,0,60,6
UL_Q12219M_HCM,4G-Q12219M12-HCM,10.88737,106.66494,28.5,120,0,60,6
UL_Q12233M_HCM,4G-Q12233M13-HCM,10.864548,106.669399,23,250,0,60,6
UL_Q12245M_HCM,4G-Q12245M11-HCM,10.85793,106.69268,24,350,0,60,6
UL_Q12246M_HCM,4G-Q12246M13-HCM,10.856184,106.677201,31,280,0,60,6
4G-Q12247M-HCM,4G-Q12247M12-HCM,10.86214,106.68839,24,140,0,60,6
UL_Q12252M_HCM,4G-Q12252M12-HCM,10.87137,106.67952,21,120,0,60,6
UL_Q12254B_HCM,4G-Q12254M11-HCM,10.87573,106.65648,28.5,10,0,60,6
UL_Q12255B_HCM,4G-Q12255M11-HCM,10.868194,106.66352,16,30,0,60,6
UL_Q12258B_HCM,4G-Q12258M11-HCM,10.86947,106.63885,16.5,300,0,60,6
4G-Q12266M-HCM,4G-Q12266M12-HCM,10.87296,106.62545,18,140,0,60,6
4G-Q12266M-HCM,4G-Q12266M13-HCM,10.87296,106.62545,18,250,0,60,6
4G-Q12274M-HCM,4G-Q12274M13-HCM,10.86676,106.66689,22,250,0,60,6
4G-SDE002M-DTP,4G-SDE002M11-DTP,10.27114,105.75439,37.5,40,0,60,6
4G-SDE005M-DTP,4G-SDE005M11-DTP,10.31195,105.75931,38,330,0,60,6
4G-SDE005M-DTP,4G-SDE005M13-DTP,10.31195,105.75931,38,220,0,60,6
4G-SDE006M-DTP,4G-SDE006M12-DTP,10.327269,105.705545,28,130,0,60,6
4G-SDE006M-DTP,4G-SDE006M13-DTP,10.327269,105.705545,28,280,0,60,6
4G-SDE007M-DTP,4G-SDE007M11-DTP,10.334374,105.743199,40,10,0,60,6
4G-SDE011M-DTP,4G-SDE011M11-DTP,10.286401,105.77121,30,10,0,60,6
4G-SDE011M-DTP,4G-SDE011M12-DTP,10.286401,105.77121,30,140,0,60,6
4G-SDE015M-DTP,4G-SDE015M11-DTP,10.32753,105.72447,38,10,0,60,6
4G-SDE015M-DTP,4G-SDE015M13-DTP,10.32753,105.72447,38,220,0,60,6
UL_SDE018M_DTP,4G-SDE018M13-DTP,10.268871,105.775365,35,200,0,60,6
4G-SDE024M-DTP,4G-SDE024M11-DTP,10.31728,105.73615,37,0,0,60,6
4G-SDE024M-DTP,4G-SDE024M12-DTP,10.31728,105.73615,37,120,0,60,6
4G-SDE024M-DTP,4G-SDE024M13-DTP,10.31728,105.73615,37,270,0,60,6
4G-SDE027M-DTP,4G-SDE027M12-DTP,10.31987,105.71638,38,90,0,60,6
UL_SDE032M_DTP,4G-SDE032M13-DTP,10.279895,105.750219,41,240,0,60,6
UL_SDE034M_DTP,4G-SDE034M11-DTP,10.36698,105.721707,41,300,0,60,6
UL_SDE035M_DTP,4G-SDE035M11-DTP,10.3068,105.7557,41.5,310,0,60,6
UL_SDE037M_DTP,4G-SDE037M11-DTP,10.31416,105.72766,40.5,0,0,60,6
UL_SDE037M_DTP,4G-SDE037M12-DTP,10.31416,105.72766,40.5,180,0,60,6
UL_SDE037M_DTP,4G-SDE037M13-DTP,10.31416,105.72766,40.5,270,0,60,6
4G-SDE038M-DTP,4G-SDE038M11-DTP,10.32593,105.74131,40,50,0,60,6
4G-SDE038M-DTP,4G-SDE038M12-DTP,10.32593,105.74131,40,140,0,60,6
4G-SDE038M-DTP,4G-SDE038M13-DTP,10.32593,105.74131,40,260,0,60,6
4G-SDE039M-DTP,4G-SDE039M11-DTP,10.280664,105.76239,36,340,0,60,6
4G-SDE039M-DTP,4G-SDE039M13-DTP,10.280664,105.76239,36,230,0,60,6
UL_SDE040M_DTP,4G-SDE040M11-DTP,10.28969,105.76085,39,30,0,60,6
4G-SDE042M-DTP,4G-SDE042M11-DTP,10.33803,105.71318,40,0,0,60,6
4G-SDE042M-DTP,4G-SDE042M12-DTP,10.33803,105.71318,40,100,0,60,6
4G-SDE042M-DTP,4G-SDE042M13-DTP,10.33803,105.71318,40,220,0,60,6
4G-SDE044M-DTP,4G-SDE044M11-DTP,10.294472,105.718882,40,310,0,60,6
4G-SDE044M-DTP,4G-SDE044M12-DTP,10.294472,105.718882,40,110,0,60,6
4G-SDE044M-DTP,4G-SDE044M13-DTP,10.294472,105.718882,40,190,0,60,6
4G-SDE045M-DTP,4G-SDE045M13-DTP,10.267263,105.737824,40,230,0,60,6
UL_SDE702B_DTP,4G-SDE702M11-DTP,10.297506,105.76372,28,350,0,60,6
UL_SDE702B_DTP,4G-SDE702M12-DTP,10.297506,105.76372,28,140,0,60,6
UL_SDE704B_DTP,4G-SDE704M11-DTP,10.277275,105.729922,40,80,0,60,6
UL_TAN002M_BDG,4G-TAN002W12-BDG,10.919441,106.727554,29,110,0,60,6
UL_TAN002T_BDG,4G-TAN002W15-BDG,10.919441,106.727554,29,170,0,60,6
GL_TAN003M_LAN,4G-TAN003M13-LAN,10.52133,106.43259,40,260,0,60,6
UL_TAN004M_BDG,4G-TAN004W12-BDG,10.90624,106.729656,26,90,0,60,6
UL_TAN004M_BDG,4G-TAN004W13-BDG,10.90624,106.729656,26,210,0,60,6
UL_TAN004M_BDG,4G-TAN004W15-BDG,10.90624,106.729656,28,150,0,60,6
UL_TAN004M_BDG,4G-TAN004W16-BDG,10.90624,106.729656,26,270,0,60,6
UL_TAN005M_BDG,4G-TAN005M13-BDG,10.94987,106.74161,28,240,0,60,6
GL_TAN006M_LAN,4G-TAN006M11-LAN,10.52758,106.445,23,60,0,60,6
GL_TAN006M_LAN,4G-TAN006M12-LAN,10.52758,106.445,23,160,0,60,6
GL_TAN006M_LAN,4G-TAN006M13-LAN,10.52758,106.445,23,280,0,60,6
GL_TAN007M_LAN,4G-TAN007M12-LAN,10.53938,106.41392,28,110,0,60,6
SR_TAN009M_LAN,4G-TAN009M11-LAN,10.55482,106.41656,30,0,0,60,6
SR_TAN009M_LAN,4G-TAN009M13-LAN,10.55482,106.41656,30,220,0,60,6
LN-TAN010M-BDG,4G-TAN010M11-BDG,10.91736,106.70491,30,20,0,60,6
LN-TAN010M-BDG,4G-TAN010M13-BDG,10.91736,106.70491,30,240,0,60,6
GL_TAN010M_LAN,4G-TAN010M13-LAN,10.50751,106.38277,26,220,0,60,6
UL_TAN013M_BDG,4G-TAN013W12-BDG,10.97522,106.71495,28,90,0,60,6
UL_TAN013M_BDG,4G-TAN013W15-BDG,10.97522,106.71495,28,150,0,60,6
UL_TAN016M_BDG,4G-TAN016M12-BDG,10.98481,106.71266,28,130,0,60,6
GL_TAN017M_LAN,4G-TAN017M12-LAN,10.54676,106.4415,23,150,0,60,6
UL_TAN018M_BDG,4G-TAN018M11-BDG,10.959926,106.713836,24,10,0,60,6
